Date,price,High,Low,return_1,price_range,future_volatility_7d,sma_20,trend_regime,volatility_10,volatility_regime
2018-01-20,12899.2001953125,13103.0,11656.2001953125,0.11129105236439107,0.11216197770256013,0.049134340096653115,14180.569970703125,TREND_DOWN,0.07894584988938833,HIGH_VOLATILITY
2018-01-21,11600.099609375,12895.900390625,11288.2001953125,-0.10071171594108497,0.1385936543176909,0.03409622669006815,14077.71494140625,TREND_DOWN,0.07843489646011345,HIGH_VOLATILITY
2018-01-22,10931.400390625,11966.400390625,10240.2001953125,-0.05764598936801968,0.15791208204146706,0.029590410523746745,13875.17998046875,TREND_DOWN,0.07712839225181813,HIGH_VOLATILITY
2018-01-23,10868.400390625,11377.599609375,10129.7001953125,-0.005763214020962026,0.11481905056966143,0.05150069528462816,13658.55,TREND_DOWN,0.07550628810295565,HIGH_VOLATILITY
2018-01-24,11359.400390625,11501.400390625,10639.7998046875,0.04517684133384825,0.07584912550917614,0.04693936027847856,13446.560009765624,TREND_DOWN,0.07831881594558864,HIGH_VOLATILITY
2018-01-25,11259.400390625,11785.7001953125,11057.400390625,-0.008803281560753051,0.06468371133634343,0.05747062601433549,13138.055029296875,TREND_DOWN,0.07807230329169751,HIGH_VOLATILITY
2018-01-26,11171.400390625,11656.7001953125,10470.2998046875,-0.007815691506385392,0.10619979135477259,0.05686883692960093,12820.275048828125,TREND_DOWN,0.057275936801272534,HIGH_VOLATILITY
2018-01-27,11440.7001953125,11614.900390625,10989.2001953125,0.024106181433931617,0.05469072562262079,0.059511430132279684,12568.430078125,TREND_DOWN,0.05705445111467683,HIGH_VOLATILITY
2018-01-28,11786.2998046875,12040.2998046875,11475.2998046875,0.03020790716258781,0.047937012409551574,0.05777202088359528,12399.240087890625,TREND_DOWN,0.05726967912311023,HIGH_VOLATILITY
2018-01-29,11296.400390625,11875.599609375,11179.2001953125,-0.041565158037780714,0.06164790464053037,0.07132440410648286,12234.290087890626,TREND_DOWN,0.05894664487138975,HIGH_VOLATILITY
2018-01-30,10106.2998046875,11307.2001953125,10036.2001953125,-0.10535219581320587,0.1257631402751861,0.09499753243620035,11990.940087890625,TREND_DOWN,0.052486019959145085,HIGH_VOLATILITY
2018-01-31,10221.099609375,10381.599609375,9777.419921875,0.011359232053877344,0.059111026268233814,0.09336852639094419,11831.705078125,TREND_DOWN,0.045506283303669515,HIGH_VOLATILITY
2018-02-01,9170.5400390625,10288.7998046875,8812.2802734375,-0.1027834196380305,0.16100682456656543,0.09817322701643176,11591.202099609374,TREND_DOWN,0.052309951850789474,HIGH_VOLATILITY
2018-02-02,8830.75,9142.2802734375,7796.490234375,-0.037052347802326024,0.1523981586006285,0.10034542411263586,11314.72958984375,TREND_DOWN,0.05255660810042858,HIGH_VOLATILITY
2018-02-03,9174.91015625,9430.75,8251.6298828125,0.03897292486481896,0.12851571264534692,0.09915474627022604,11084.87509765625,TREND_DOWN,0.05174186841049067,HIGH_VOLATILITY
2018-02-04,8277.009765625,9334.8701171875,8031.22021484375,-0.09786476110758924,0.15750252074824161,0.09380513280178719,10807.735595703125,TREND_DOWN,0.05702050691689869,HIGH_VOLATILITY
2018-02-05,6955.27001953125,8364.83984375,6756.68017578125,-0.15968807377551097,0.2312145557904784,0.06673523545964657,10580.974096679687,TREND_DOWN,0.06964459640396976,HIGH_VOLATILITY
2018-02-06,7754.0,7850.7001953125,6048.259765625,0.11483809805022926,0.23245298293622646,0.0621426079978967,10409.244116210937,TREND_DOWN,0.08394112660870251,HIGH_VOLATILITY
2018-02-07,7621.2998046875,8509.1103515625,7236.7900390625,-0.01711377293171268,0.16694269286158459,0.06786941061592176,10216.564086914062,TREND_DOWN,0.08115080212242862,HIGH_VOLATILITY
2018-02-08,8265.58984375,8558.76953125,7637.85986328125,0.08453807822469184,0.11141487605571102,0.06633539462958031,10049.473559570313,TREND_DOWN,0.0901181718417269,HIGH_VOLATILITY
2018-02-09,8736.98046875,8736.98046875,7884.7099609375,0.057030488314931294,0.09754748918815362,0.06588110589106923,9841.362573242188,TREND_DOWN,0.08905775662257302,HIGH_VOLATILITY
2018-02-10,8621.900390625,9122.5498046875,8295.4697265625,-0.013171607575021227,0.0959278164503412,0.06702763278276938,9692.452612304687,TREND_DOWN,0.08871748726830452,HIGH_VOLATILITY
2018-02-11,8129.97021484375,8616.1298828125,7931.10009765625,-0.05705588715872301,0.0842598148644528,0.06548712377745824,9552.381103515625,TREND_DOWN,0.08467511397696931,HIGH_VOLATILITY
2018-02-12,8926.5703125,8985.919921875,8141.43017578125,0.09798315081177211,0.0946040546962588,0.061580990391263246,9455.289599609376,TREND_DOWN,0.09022881836061289,HIGH_VOLATILITY
2018-02-13,8598.3095703125,8958.4697265625,8455.41015625,-0.03677344497335466,0.058506799063088005,0.054136319556739004,9317.23505859375,TREND_DOWN,0.09022506904940059,HIGH_VOLATILITY
2018-02-14,9494.6298828125,9518.5400390625,8599.919921875,0.10424378247495736,0.09675154571853477,0.05887526988827542,9228.996533203124,TREND_UP,0.0891765718399115,HIGH_VOLATILITY
2018-02-15,10166.400390625,10234.7998046875,9395.580078125,0.07075267978887334,0.08254836464402789,0.06098058006634494,9178.746533203124,TREND_UP,0.0647301120027393,HIGH_VOLATILITY
2018-02-16,10233.900390625,10324.099609375,9824.8203125,0.006639518158486624,0.0487868044262358,0.0620490023658688,9118.40654296875,TREND_UP,0.05978242897632657,HIGH_VOLATILITY
2018-02-17,11112.7001953125,11139.5,10149.400390625,0.0858714440383399,0.08909622251778541,0.05183602819169872,9084.7265625,TREND_UP,0.05969091904563095,HIGH_VOLATILITY
2018-02-18,10551.7998046875,11349.7998046875,10326.0,-0.050473816513253555,0.09702608309841988,0.049645231120951025,9047.496533203124,TREND_UP,0.06363757959846107,HIGH_VOLATILITY
2018-02-19,11225.2998046875,11273.7998046875,10513.2001953125,0.06382797366007709,0.06775762096415333,0.05192794621073181,9103.446533203125,TREND_UP,0.06403493595056962,HIGH_VOLATILITY
2018-02-20,11403.7001953125,11958.5,11231.7998046875,0.01589270609507487,0.06372494741761194,0.05393678489369873,9162.5765625,TREND_UP,0.06264421581493534,HIGH_VOLATILITY
2018-02-21,10690.400390625,11418.5,10479.099609375,-0.06254985596523333,0.08787326538759127,0.04967898556930417,9238.569580078125,TREND_UP,0.06351151057363942,HIGH_VOLATILITY
2018-02-22,10005.0,11039.099609375,9939.08984375,-0.06411363144322124,0.10994600356071964,0.04516990421673598,9297.282080078125,TREND_UP,0.06477556742487807,HIGH_VOLATILITY
2018-02-23,10301.099609375,10487.2998046875,9734.5595703125,0.02959516335582202,0.07307377492883704,0.044635609384905586,9353.591552734375,TREND_UP,0.062428944471896064,HIGH_VOLATILITY
2018-02-24,9813.0703125,10597.2001953125,9546.9697265625,-0.04737642731178393,0.10702363636508387,0.036792205528592185,9430.394580078126,TREND_UP,0.057937259542307676,HIGH_VOLATILITY
2018-02-25,9664.73046875,9923.2197265625,9407.0595703125,-0.015116557715992629,0.053406575374135415,0.034293555598613544,9565.867602539063,TREND_UP,0.05325121213145969,HIGH_VOLATILITY
2018-02-26,10366.7001953125,10475.0,9501.73046875,0.07263210586495439,0.09388421705202608,0.02779919480704631,9696.502612304688,TREND_UP,0.05851496648149632,HIGH_VOLATILITY
2018-02-27,10725.599609375,10878.5,10246.099609375,0.03462041028492213,0.05896177497360925,0.04073523250922587,9851.717602539062,TREND_UP,0.052352392417733776,HIGH_VOLATILITY
2018-02-28,10397.900390625,11089.7998046875,10393.099609375,-0.030552997565149287,0.06700393051857487,0.04927777739151488,9958.333129882812,TREND_UP,0.050667801561822344,HIGH_VOLATILITY
2018-03-01,10951.0,11052.2998046875,10352.7001953125,0.05319339372337972,0.06388454108072322,0.04504517042730182,10069.034106445313,TREND_UP,0.04926410868701903,HIGH_VOLATILITY
2018-03-02,11086.400390625,11189.0,10850.099609375,0.012364203326180156,0.030569019581106287,0.04328728987217784,10192.259106445312,TREND_UP,0.04913914542024277,HIGH_VOLATILITY
2018-03-03,11489.7001953125,11528.2001953125,11002.400390625,0.036377885560451295,0.045762708839175166,0.034940364250324554,10360.24560546875,TREND_UP,0.04534616208338813,HIGH_VOLATILITY
2018-03-04,11512.599609375,11512.599609375,11136.099609375,0.0019930384320943073,0.03270330010377557,0.05555544735106054,10489.5470703125,TREND_UP,0.037835466660853266,HIGH_VOLATILITY
2018-03-05,11573.2998046875,11704.099609375,11443.900390625,0.005272501204946822,0.022482716523476932,0.054086168152284335,10638.29658203125,TREND_UP,0.03755752278342441,HIGH_VOLATILITY
2018-03-06,10779.900390625,11500.099609375,10694.2998046875,-0.06855429544313296,0.07475020876707573,0.05224438657229663,10702.560107421876,TREND_UP,0.04167083285346076,HIGH_VOLATILITY
2018-03-07,9965.5703125,10929.5,9692.1201171875,-0.0755415215926486,0.12416548616996173,0.05720404898012898,10692.518603515626,TREND_DOWN,0.04941486885393022,HIGH_VOLATILITY
2018-03-08,9395.009765625,10147.400390625,9335.8701171875,-0.0572531755818666,0.08637886427822283,0.05608747805363705,10650.574072265625,TREND_DOWN,0.04640152262354255,HIGH_VOLATILITY
2018-03-09,9337.5498046875,9466.349609375,8513.0302734375,-0.006116008644050375,0.10209523438996047,0.05654724583903375,10561.816552734375,TREND_DOWN,0.043885180474579816,HIGH_VOLATILITY
2018-03-10,8866.0,9531.3203125,8828.4697265625,-0.050500379066334866,0.07927482358870967,0.05655206224909687,10477.5265625,TREND_DOWN,0.045210964912896945,HIGH_VOLATILITY
2018-03-11,9578.6298828125,9711.8896484375,8607.1201171875,0.08037783474086391,0.11533690567085728,0.0461196195150959,10395.19306640625,TREND_DOWN,0.05029055258884657,HIGH_VOLATILITY
2018-03-12,9205.1201171875,9937.5,8956.4296875,-0.03899407015352063,0.10657876268970977,0.05199124983508214,10285.2640625,TREND_DOWN,0.05013019377242909,HIGH_VOLATILITY
2018-03-13,9194.849609375,9470.3798828125,8958.1904296875,-0.001115738597840088,0.05570395111223738,0.054263047549535405,10210.4865234375,TREND_DOWN,0.04697260215002448,HIGH_VOLATILITY
2018-03-14,8269.8095703125,9355.849609375,8068.58984375,-0.10060415105858134,0.15565772762725866,0.033394623366364826,10123.727001953124,TREND_DOWN,0.052286061771362656,HIGH_VOLATILITY
2018-03-15,8300.8603515625,8428.349609375,7783.0498046875,0.0037547153880626016,0.07773890625277571,0.035796041949366385,10023.7150390625,TREND_DOWN,0.05217016639461047,HIGH_VOLATILITY
2018-03-16,8338.349609375,8585.150390625,8005.31005859375,0.0045163099033997955,0.06953898063704622,0.03592990361143933,9949.97900390625,TREND_DOWN,0.0515095843517327,HIGH_VOLATILITY
2018-03-17,7916.8798828125,8346.5302734375,7812.81982421875,-0.05054594090041897,0.06741424110493735,0.029280239027641024,9862.586474609376,TREND_DOWN,0.0492975047420737,HIGH_VOLATILITY
2018-03-18,8223.6796875,8245.509765625,7397.990234375,0.038752615832098325,0.10305843168213742,0.029205202057033638,9755.43544921875,TREND_DOWN,0.05091496399472914,HIGH_VOLATILITY
2018-03-19,8630.650390625,8675.8701171875,8182.39990234375,0.04948766471821564,0.05717648062535119,0.024670536184439935,9650.68798828125,TREND_DOWN,0.054541744462184544,HIGH_VOLATILITY
2018-03-20,8913.4697265625,9051.01953125,8389.8896484375,0.03276917997335538,0.07417200070162422,0.02128332745038741,9576.466455078125,TREND_DOWN,0.0534204748053264,HIGH_VOLATILITY
2018-03-21,8929.2802734375,9177.3701171875,8846.330078125,0.0017737814072429359,0.037073541083402425,0.023892103042703432,9475.38046875,TREND_DOWN,0.04582291092844073,HIGH_VOLATILITY
2018-03-22,8728.4697265625,9100.7099609375,8564.900390625,-0.022488995834565095,0.06138642707116495,0.03966259863203924,9357.483935546876,TREND_DOWN,0.04478884764873219,HIGH_VOLATILITY
2018-03-23,8879.6201171875,8879.6201171875,8360.6201171875,0.017316940467241304,0.058448446346867626,0.034524762168273895,9226.979931640624,TREND_DOWN,0.04531387661941146,HIGH_VOLATILITY
2018-03-24,8668.1201171875,8996.1796875,8665.7001953125,-0.023818586517076135,0.03812585517039754,0.038857881014329486,9084.75595703125,TREND_DOWN,0.03113536035064525,HIGH_VOLATILITY
2018-03-25,8495.7802734375,8682.009765625,8449.099609375,-0.019882032253830673,0.027414804615204767,0.038918858831051985,8930.87998046875,TREND_DOWN,0.03213438071200755,HIGH_VOLATILITY
2018-03-26,8209.400390625,8530.080078125,7921.43017578125,-0.033708485106174635,0.07414060386661347,0.04580415759138292,8802.35498046875,TREND_DOWN,0.03411820278270051,HIGH_VOLATILITY
2018-03-27,7833.0400390625,8232.7802734375,7797.27978515625,-0.04584504758621555,0.055597888700869326,0.05129092676207011,8695.728466796874,TREND_DOWN,0.03338472260673201,HIGH_VOLATILITY
2018-03-28,7954.47998046875,8122.89013671875,7809.169921875,0.015503551724572073,0.03943943735027953,0.05717946707296825,8623.701977539062,TREND_DOWN,0.03107189080766788,HIGH_VOLATILITY
2018-03-29,7165.7001953125,7994.330078125,7081.3798828125,-0.09916170347942321,0.12740558081256506,0.04515497656309441,8515.109497070312,TREND_DOWN,0.038012507042377026,HIGH_VOLATILITY
2018-03-30,6890.52001953125,7276.66015625,6683.93017578125,-0.03840241264367461,0.08602108096176352,0.04388977112794227,8416.335498046876,TREND_DOWN,0.03394728267161798,HIGH_VOLATILITY
2018-03-31,6973.52978515625,7207.85009765625,6863.52001953125,0.012046952245941878,0.04937672724334465,0.04702659593572551,8286.080493164063,TREND_DOWN,0.03498286114967446,HIGH_VOLATILITY
2018-04-01,6844.22998046875,7060.9501953125,6526.8701171875,-0.01854151465198095,0.07803362535290226,0.04661745115058089,8168.035986328125,TREND_DOWN,0.035022099497402225,HIGH_VOLATILITY
2018-04-02,7083.7998046875,7135.47021484375,6816.580078125,0.03500318149775872,0.045016819434639255,0.04663648295429466,8062.48349609375,TREND_DOWN,0.037657005627880234,HIGH_VOLATILITY
2018-04-03,7456.10986328125,7530.93994140625,7072.490234375,0.052557958843978625,0.06148644741528763,0.04007947558071716,8021.798510742187,TREND_DOWN,0.04432945734769729,HIGH_VOLATILITY
2018-04-04,6853.83984375,7469.8798828125,6803.8798828125,-0.08077536819799569,0.0971718066343969,0.027063762688777117,7949.447485351562,TREND_DOWN,0.049141776064908375,HIGH_VOLATILITY
2018-04-05,6811.47021484375,6933.81982421875,6644.7998046875,-0.006181881962836755,0.04243137096913517,0.05529643703296322,7873.103515625,TREND_DOWN,0.04906770463856734,HIGH_VOLATILITY
2018-04-06,6636.31982421875,6857.490234375,6575.0,-0.025714036045156208,0.04256730264024846,0.05226905848855655,7809.075512695313,TREND_DOWN,0.048174928064417484,HIGH_VOLATILITY
2018-04-07,6911.08984375,7050.5400390625,6630.509765625,0.041403974915207975,0.06077627160604079,0.052047032383436526,7743.446020507812,TREND_DOWN,0.05065159665688825,HIGH_VOLATILITY
2018-04-08,7023.52001953125,7111.56005859375,6919.97998046875,0.016268081926749334,0.027276932021585674,0.05253452378453909,7663.089501953125,TREND_DOWN,0.04101359604287795,HIGH_VOLATILITY
2018-04-09,6770.72998046875,7178.10986328125,6661.990234375,-0.03599192973886778,0.07622806261585964,0.05185681021647553,7555.9525146484375,TREND_DOWN,0.04077727431114803,HIGH_VOLATILITY
2018-04-10,6834.759765625,6872.41015625,6704.14990234375,0.009456851084145068,0.024618312812178782,0.05450000113744867,7451.226489257812,TREND_DOWN,0.04069338723236119,HIGH_VOLATILITY
2018-04-11,6968.31982421875,6968.31982421875,6817.58984375,0.019541295257440083,0.02163074948782923,0.054632004526445566,7363.218994140625,TREND_DOWN,0.04067749739286328,HIGH_VOLATILITY
2018-04-12,7889.25,7899.22998046875,6806.509765625,0.13215957347142848,0.1385074899190354,0.02697106431307138,7313.70048828125,TREND_UP,0.05743798727257563,HIGH_VOLATILITY
2018-04-13,7895.9599609375,8183.9599609375,7758.93017578125,0.0008505194964667506,0.05382876651590639,0.03460868966126003,7275.09248046875,TREND_UP,0.055709837536172944,HIGH_VOLATILITY
2018-04-14,7986.240234375,8140.7099609375,7846.0,0.011433729892771805,0.036902215847325295,0.03482964006570108,7249.615478515625,TREND_UP,0.0464021169254296,HIGH_VOLATILITY
2018-04-15,8329.1103515625,8338.419921875,7999.330078125,0.04293260747550409,0.04071141207612748,0.033789415380927085,7255.6009765625,TREND_UP,0.04635469990219901,HIGH_VOLATILITY
2018-04-16,8058.669921875,8371.150390625,7925.72998046875,-0.03246930563679795,0.055272199317553714,0.028581037028263645,7266.882470703125,TREND_UP,0.047157170198826426,HIGH_VOLATILITY
2018-04-17,7902.08984375,8285.9599609375,7881.72021484375,-0.01943001508226172,0.05115605543430708,0.03445640274923873,7264.262963867188,TREND_UP,0.048084027418133626,HIGH_VOLATILITY
2018-04-18,8163.419921875,8197.7998046875,7886.009765625,0.03307100821331388,0.03819355638278707,0.05620088693093025,7314.148950195313,TREND_UP,0.048445870192100005,HIGH_VOLATILITY
2018-04-19,8294.3095703125,8298.6904296875,8138.77978515625,0.016033678248838168,0.01927956066453222,0.05788804988235845,7384.338427734375,TREND_UP,0.044886303276973745,HIGH_VOLATILITY
2018-04-20,8845.830078125,8880.23046875,8244.5400390625,0.06649384172813311,0.07186328745557857,0.05594500075145171,7477.953442382813,TREND_UP,0.046789490375626935,HIGH_VOLATILITY
2018-04-21,8895.580078125,8997.5703125,8652.150390625,0.0056241188854653235,0.038830511202346145,0.05765402791554555,7580.520947265625,TREND_UP,0.047242814993889395,HIGH_VOLATILITY
2018-04-22,8802.4599609375,9001.6396484375,8779.6103515625,-0.010468133204319163,0.02522355090057722,0.057062355895094,7666.453955078125,TREND_UP,0.029848905281735137,HIGH_VOLATILITY
2018-04-23,8930.8798828125,8958.5498046875,8788.8095703125,0.014589094689994253,0.019005992310081956,0.05812192838988405,7740.192456054688,TREND_UP,0.029624352382905252,HIGH_VOLATILITY
2018-04-24,9697.5,9732.6103515625,8927.830078125,0.08583925965266448,0.08298842726862593,0.04641887542795205,7882.375463867187,TREND_UP,0.037535889291276034,HIGH_VOLATILITY
2018-04-25,8845.740234375,9745.3203125,8799.83984375,-0.0878329224671307,0.10688539836110204,0.03028163766299138,7984.08896484375,TREND_UP,0.0495877656280846,HIGH_VOLATILITY
2018-04-26,9281.509765625,9281.509765625,8727.08984375,0.049263206888732425,0.05973380795529081,0.03167414068791808,8116.348461914063,TREND_UP,0.04906587189450902,HIGH_VOLATILITY
2018-04-27,8987.0498046875,9375.4697265625,8987.0498046875,-0.031725437819185576,0.04321995875358412,0.027454140724258936,8220.146459960937,TREND_UP,0.05017490356087396,HIGH_VOLATILITY
2018-04-28,9348.48046875,9412.08984375,8931.990234375,0.040216831097785066,0.05135589799645748,0.02458965581801119,8336.394482421874,TREND_UP,0.050524947012545486,HIGH_VOLATILITY
2018-04-29,9419.080078125,9531.490234375,9193.7099609375,0.0075519876851644074,0.03586128057473102,0.026852257306591642,8468.811987304687,TREND_UP,0.050573167171576165,HIGH_VOLATILITY
2018-04-30,9240.5498046875,9477.1396484375,9166.8095703125,-0.01895410931393615,0.03358350798213081,0.028526286384159147,8589.101489257813,TREND_UP,0.04785555007714045,HIGH_VOLATILITY
2018-05-01,9119.009765625,9255.8798828125,8891.0498046875,-0.013152901248456694,0.04000764200300154,0.028676547459412116,8696.635986328125,TREND_UP,0.048213270991657335,HIGH_VOLATILITY
2018-05-02,9235.919921875,9256.51953125,9015.1396484375,0.012820488107240013,0.026134904249310236,0.028510778644235877,8763.969482421875,TREND_UP,0.04802392894800048,HIGH_VOLATILITY
2018-05-03,9743.8603515625,9798.330078125,9188.150390625,0.05499619247287524,0.06262196557467628,0.018343109041050958,8856.364501953125,TREND_UP,0.0504771119595146,HIGH_VOLATILITY
2018-05-04,9700.759765625,9779.2001953125,9585.9599609375,-0.004423358338729533,0.019920113377073195,0.02764259566907507,8942.090478515625,TREND_UP,0.04288940661823195,HIGH_VOLATILITY
2018-05-05,9858.150390625,9964.5,9695.1201171875,0.016224566817716557,0.02732560086207221,0.025916807882431173,9018.54248046875,TREND_UP,0.02951274818400666,HIGH_VOLATILITY
2018-05-06,9654.7998046875,9940.1396484375,9465.25,-0.020627661161558675,0.04918689750635082,0.03127677558862065,9098.348974609375,TREND_UP,0.027741197578052865,HIGH_VOLATILITY
2018-05-07,9373.009765625,9665.849609375,9231.5302734375,-0.02918652325920712,0.046337232841722024,0.03080783093063394,9171.894970703124,TREND_UP,0.02738424957063568,HIGH_VOLATILITY
2018-05-08,9234.8203125,9462.75,9127.76953125,-0.014743338221176572,0.03627363147462432,0.03122441601387398,9225.464990234375,TREND_UP,0.024825486624078536,LOW_VOLATILITY
2018-05-09,9325.1796875,9374.759765625,9031.6201171875,0.009784638135047707,0.03679710846724636,0.029834537198799575,9277.00849609375,TREND_UP,0.02492029712132919,LOW_VOLATILITY
2018-05-10,9043.9404296875,9396.0400390625,9040.51953125,-0.030159124782280555,0.03931035488087403,0.030074817543878415,9286.914013671874,TREND_DOWN,0.026056937677552783,HIGH_VOLATILITY
2018-05-11,8441.490234375,9052.9599609375,8394.4599609375,-0.06661368459868511,0.07800755337232879,0.02214871265508126,9264.209521484376,TREND_DOWN,0.03315251348310768,HIGH_VOLATILITY
2018-05-12,8504.8896484375,8664.8603515625,8223.5,0.007510452811321011,0.05189489456145804,0.021716312067928532,9249.331005859374,TREND_DOWN,0.03283737175568208,HIGH_VOLATILITY
2018-05-13,8723.9404296875,8773.5498046875,8395.1201171875,0.025755864015265972,0.043378297977850325,0.023293232284389457,9238.984033203125,TREND_DOWN,0.027499956677331277,HIGH_VOLATILITY
2018-05-14,8716.7900390625,8881.1201171875,8367.9697265625,-0.0008196285477451992,0.0588691924808814,0.023436544487378298,9189.94853515625,TREND_DOWN,0.02761396440221382,HIGH_VOLATILITY
2018-05-15,8510.3798828125,8836.1904296875,8456.4501953125,-0.023679606291423294,0.04462083239573365,0.02732292656489237,9173.180517578125,TREND_DOWN,0.026204342875425325,HIGH_VOLATILITY
2018-05-16,8368.830078125,8508.4296875,8175.490234375,-0.016632607079429262,0.03978327317162994,0.03386146062980191,9127.546533203125,TREND_DOWN,0.026127118930782126,HIGH_VOLATILITY
2018-05-17,8094.31982421875,8445.5400390625,8054.1201171875,-0.03280150885412081,0.048357358045557484,0.033294428104968424,9082.910034179688,TREND_DOWN,0.026386183276703046,HIGH_VOLATILITY
2018-05-18,8250.9697265625,8274.1201171875,7974.81982421875,0.019353065575076878,0.03627455958360955,0.030909936821052416,9028.034497070312,TREND_DOWN,0.02843716329913398,HIGH_VOLATILITY
2018-05-19,8247.1796875,8372.0595703125,8183.35009765625,-0.0004593446816679725,0.022881697720527568,0.030372687813771844,8969.439477539063,TREND_DOWN,0.027789164940419137,HIGH_VOLATILITY
2018-05-20,8513.25,8562.41015625,8205.240234375,0.03226197592169289,0.04195459100519778,0.023792923682419385,8933.074487304688,TREND_DOWN,0.03013251839514047,HIGH_VOLATILITY
2018-05-21,8418.990234375,8557.51953125,8365.1201171875,-0.011072124702669384,0.022853027347261575,0.02374432336062677,8898.073510742188,TREND_DOWN,0.021530068681225617,LOW_VOLATILITY
2018-05-22,8041.77978515625,8423.25,8004.580078125,-0.04480471395234409,0.052061848628060306,0.03326644443786762,8838.36650390625,TREND_DOWN,0.02548018349774297,LOW_VOLATILITY
2018-05-23,7557.81982421875,8054.66015625,7507.8798828125,-0.060180703011888936,0.0723462964392672,0.02497348323983187,8729.064477539063,TREND_DOWN,0.028193410538001253,HIGH_VOLATILITY
2018-05-24,7587.33984375,7738.60009765625,7331.14013671875,0.0039058908809461723,0.05370261110330274,0.025493207085690937,8623.393481445313,TREND_DOWN,0.028474902013236873,HIGH_VOLATILITY
2018-05-25,7480.14013671875,7659.14013671875,7392.64990234375,-0.014128760440268784,0.035626369226272145,0.024969221061900422,8504.49296875,TREND_DOWN,0.02825150698573309,HIGH_VOLATILITY
2018-05-26,7355.8798828125,7595.16015625,7349.1201171875,-0.016612022186092146,0.03344807731803626,0.023915573603099267,8389.54697265625,TREND_DOWN,0.028251169590755104,HIGH_VOLATILITY
2018-05-27,7368.22021484375,7381.740234375,7270.9599609375,0.0016776146739541087,0.015034875479742865,0.023888041930012236,8289.307495117188,TREND_DOWN,0.02758813265588544,HIGH_VOLATILITY
2018-05-28,7135.990234375,7419.0498046875,7100.89013671875,-0.03151778498705937,0.0445852162796038,0.02262049250510482,8184.365991210938,TREND_DOWN,0.026444310507536962,HIGH_VOLATILITY
2018-05-29,7472.58984375,7526.419921875,7090.68017578125,0.047169292322396306,0.05831174401445282,0.015463102971051093,8091.736499023437,TREND_DOWN,0.03271774401154318,HIGH_VOLATILITY
2018-05-30,7406.52001953125,7573.77001953125,7313.60009765625,-0.008841623265862797,0.035127147592786206,0.014560733054993525,8009.865478515625,TREND_DOWN,0.029317119466604754,HIGH_VOLATILITY
2018-05-31,7494.169921875,7608.89990234375,7361.1298828125,0.011834154516914053,0.033061702912289895,0.014227359382065268,7962.499462890625,TREND_DOWN,0.0303976796294751,HIGH_VOLATILITY
2018-06-01,7541.4501953125,7604.72998046875,7407.33984375,0.006308940673935393,0.026174029080168262,0.01467537683137207,7914.327490234375,TREND_DOWN,0.028337393564064815,HIGH_VOLATILITY
2018-06-02,7643.4501953125,7695.830078125,7497.259765625,0.013525250098900043,0.025979146514459824,0.014428540529901333,7860.302978515625,TREND_DOWN,0.021435112152025846,LOW_VOLATILITY
2018-06-03,7720.25,7754.89013671875,7613.0400390625,0.010047792910929054,0.018373769975875132,0.03833854496934745,7810.4759765625,TREND_DOWN,0.021604379604099562,LOW_VOLATILITY
2018-06-04,7514.47021484375,7753.81982421875,7474.0400390625,-0.026654549419546036,0.03723213708447276,0.04022440080476457,7760.680493164063,TREND_DOWN,0.022960483149560285,LOW_VOLATILITY
2018-06-05,7633.759765625,7643.22998046875,7397.0,0.015874645500039364,0.03225540074990693,0.04018008986912475,7723.926977539062,TREND_DOWN,0.022534142938570652,LOW_VOLATILITY
2018-06-06,7653.97998046875,7680.43017578125,7502.009765625,0.002648788469189478,0.02331080178045136,0.03912748222454542,7701.909985351563,TREND_DOWN,0.022525388870745684,LOW_VOLATILITY
2018-06-07,7678.240234375,7741.27001953125,7650.81982421875,0.0031696259943396754,0.011780068420829053,0.048197787497988615,7673.273510742188,TREND_UP,0.018805003641218215,LOW_VOLATILITY
2018-06-08,7624.919921875,7698.18994140625,7558.39990234375,-0.006944340222814094,0.018333312414397795,0.04812993933643116,7642.1605224609375,TREND_DOWN,0.013020078720339464,LOW_VOLATILITY
2018-06-09,7531.97998046875,7683.580078125,7531.97998046875,-0.012188972783781837,0.02012752265000248,0.0500956765418138,7593.097021484375,TREND_DOWN,0.01337084819598208,LOW_VOLATILITY
2018-06-10,6786.02001953125,7499.5498046875,6709.06982421875,-0.09903902597615177,0.11648653823502175,0.0354108573931999,7511.448510742188,TREND_DOWN,0.03405739955296681,HIGH_VOLATILITY
2018-06-11,6906.919921875,6910.18017578125,6706.6298828125,0.017816025003725366,0.029470486884332205,0.03803069759252373,7454.705517578125,TREND_DOWN,0.034829961978196336,HIGH_VOLATILITY
2018-06-12,6582.35986328125,6907.9599609375,6542.080078125,-0.04699056341537011,0.055584910337933426,0.03270798585900622,7405.93251953125,TREND_DOWN,0.03588210699006538,HIGH_VOLATILITY
2018-06-13,6349.89990234375,6631.66015625,6285.6298828125,-0.03531559589050193,0.05449381545522948,0.02786708538211803,7344.060522460937,TREND_DOWN,0.035335684732195324,HIGH_VOLATILITY
2018-06-14,6675.35009765625,6707.14013671875,6334.4599609375,0.05125280718084646,0.055829307875867054,0.021295680996617824,7303.821020507812,TREND_DOWN,0.041459997523390905,HIGH_VOLATILITY
2018-06-15,6456.580078125,6681.080078125,6433.8701171875,-0.03277281585696323,0.03828806550003948,0.041759169152590724,7258.856030273438,TREND_DOWN,0.04080889230447279,HIGH_VOLATILITY
2018-06-16,6550.16015625,6592.490234375,6402.2900390625,0.014493753193281167,0.02903748775226751,0.0416265102853281,7217.95302734375,TREND_DOWN,0.04156985694923471,HIGH_VOLATILITY
2018-06-17,6499.27001953125,6589.10986328125,6499.27001953125,-0.007769296552266991,0.013823066818276242,0.04178644720588752,7186.117016601563,TREND_DOWN,0.04119098374236804,HIGH_VOLATILITY
2018-06-18,6734.81982421875,6781.14013671875,6446.68017578125,0.036242501693211526,0.04966130789939847,0.038556256175662024,7149.228515625,TREND_DOWN,0.044358491584590126,HIGH_VOLATILITY
2018-06-19,6769.93994140625,6822.5,6709.919921875,0.005214707758210091,0.01662940574057957,0.0382591770489528,7117.39951171875,TREND_DOWN,0.044665625765239685,HIGH_VOLATILITY
2018-06-20,6776.5498046875,6821.56005859375,6611.8798828125,0.0009763547887364776,0.03094202534100897,0.03904381828390969,7081.518505859375,TREND_DOWN,0.03177128005135561,HIGH_VOLATILITY
2018-06-21,6729.740234375,6810.93994140625,6715.169921875,-0.006907581536569007,0.014230864222970159,0.0402965089403311,7040.9330078125,TREND_DOWN,0.031215152601780045,HIGH_VOLATILITY
2018-06-22,6083.68994140625,6747.080078125,6006.60009765625,-0.09599929127557916,0.12171560148536884,0.030290960271195905,6962.944995117187,TREND_DOWN,0.041265478307618286,HIGH_VOLATILITY
2018-06-23,6162.47998046875,6224.81982421875,6071.81005859375,0.012951028047344604,0.024829251552937505,0.03180495340981496,6885.056494140625,TREND_DOWN,0.040406961857361076,HIGH_VOLATILITY
2018-06-24,6173.22998046875,6223.77978515625,5826.41015625,0.0017444275736506754,0.0643698080524252,0.03195253147508613,6817.994482421875,TREND_DOWN,0.035908222475444555,HIGH_VOLATILITY
2018-06-25,6249.18017578125,6327.3701171875,6119.68017578125,0.012303153382069887,0.03323475008948439,0.03397724910865646,6748.7655029296875,TREND_DOWN,0.035160358078408845,HIGH_VOLATILITY
2018-06-26,6093.669921875,6290.16015625,6093.669921875,-0.02488490482462502,0.032244975014094734,0.03225220453668742,6670.75,TREND_DOWN,0.035228935430284394,HIGH_VOLATILITY
2018-06-27,6157.1298828125,6180.0,6052.85009765625,0.010414079159373646,0.02065083971976721,0.032252203019598295,6594.694482421875,TREND_DOWN,0.035629603663266396,HIGH_VOLATILITY
2018-06-28,5903.43994140625,6170.41015625,5873.0498046875,-0.041202629509963784,0.05037069141278775,0.0233678687981065,6508.6204833984375,TREND_DOWN,0.03410270652534622,HIGH_VOLATILITY
2018-06-29,6218.2998046875,6261.66015625,5835.75,0.053334982045442514,0.068493023756902,0.01721892548497951,6442.936474609375,TREND_DOWN,0.039804506920120955,HIGH_VOLATILITY
2018-06-30,6404.0,6465.509765625,6214.22021484375,0.029863499854496434,0.03923946764229388,0.016786075778775746,6423.835473632813,TREND_DOWN,0.041517655853273966,HIGH_VOLATILITY
2018-07-01,6385.81982421875,6432.85009765625,6289.2900390625,-0.00283887816696593,0.022481069392106336,0.01826261901342554,6397.78046875,TREND_DOWN,0.04151506051725363,HIGH_VOLATILITY
2018-07-02,6614.18017578125,6683.85986328125,6305.7001953125,0.03576053785551925,0.0571740802213757,0.014186280056148425,6399.371484375,TREND_UP,0.02790094425095503,HIGH_VOLATILITY
2018-07-03,6529.58984375,6671.3701171875,6447.75,-0.012789239147277698,0.03424719201950256,0.028029765418246935,6408.355981445313,TREND_UP,0.02864711860553842,HIGH_VOLATILITY
2018-07-04,6597.5498046875,6771.919921875,6450.4599609375,0.010407998444580624,0.048724143121906496,0.02801456648085966,6404.465966796875,TREND_UP,0.02862938878654215,HIGH_VOLATILITY
2018-07-05,6639.14013671875,6749.5400390625,6546.64990234375,0.006303905732049309,0.03055970088605842,0.028661395569964696,6413.593969726562,TREND_UP,0.028569566943916682,HIGH_VOLATILITY
2018-07-06,6673.5,6700.93994140625,6533.5498046875,0.005175348399594437,0.025082810626919905,0.028395978620705326,6419.760961914062,TREND_UP,0.026407392605425444,HIGH_VOLATILITY
2018-07-07,6856.93017578125,6863.990234375,6579.240234375,0.02748635285551071,0.041527329679648776,0.02469564154823181,6437.643969726562,TREND_UP,0.027021859756747507,HIGH_VOLATILITY
2018-07-08,6773.8798828125,6885.91015625,6747.97998046875,-0.012111876720297454,0.02036206401167859,0.026527937235053898,6439.59697265625,TREND_UP,0.02182584379424528,LOW_VOLATILITY
2018-07-09,6741.75,6838.68017578125,6724.33984375,-0.004743202325453666,0.016960037383654095,0.037266630514608504,6438.187475585937,TREND_UP,0.017514914835211212,LOW_VOLATILITY
2018-07-10,6329.9501953125,6767.740234375,6320.72021484375,-0.06108203429191239,0.07061983202684287,0.03812701966739143,6415.857495117188,TREND_DOWN,0.026402633568549883,HIGH_VOLATILITY
2018-07-11,6394.7099609375,6444.9599609375,6330.47021484375,0.010230691178732654,0.017903821563936134,0.038319436759657995,6399.105981445313,TREND_DOWN,0.026615484463100646,HIGH_VOLATILITY
2018-07-12,6228.81005859375,6397.10009765625,6136.419921875,-0.025943303661489003,0.041850718408341155,0.03277345077406841,6406.361987304687,TREND_DOWN,0.02459946043134134,LOW_VOLATILITY
2018-07-13,6238.0498046875,6310.5498046875,6192.240234375,0.0014833886419449716,0.018965794441653517,0.03539225390452798,6410.140478515625,TREND_DOWN,0.024556874173090444,LOW_VOLATILITY
2018-07-14,6276.1201171875,6298.18994140625,6212.22021484375,0.006102918971790272,0.013697909688991958,0.03517051763509151,6415.284985351563,TREND_DOWN,0.024307249073289974,LOW_VOLATILITY
2018-07-15,6359.64013671875,6403.4599609375,6256.509765625,0.013307587804530119,0.02310668405025804,0.036243980738621444,6420.8079833984375,TREND_DOWN,0.024756593613860046,LOW_VOLATILITY
2018-07-16,6741.75,6741.75,6357.009765625,0.06008356684760452,0.057068303389327696,0.03343465808750784,6453.211987304688,TREND_UP,0.03203827453280436,HIGH_VOLATILITY
2018-07-17,7321.0400390625,7387.240234375,6684.169921875,0.08592576690955611,0.09603421218142007,0.03561620204364694,6511.407495117188,TREND_UP,0.04129989950196985,HIGH_VOLATILITY
2018-07-18,7370.77978515625,7534.990234375,7280.47021484375,0.006794081964906162,0.03453094882088579,0.04019731448317975,6584.774487304688,TREND_UP,0.04074019065702615,HIGH_VOLATILITY
2018-07-19,7466.85986328125,7494.4599609375,7295.4599609375,0.013035266406750123,0.026651096129257083,0.043517125586652106,6647.202490234375,TREND_UP,0.04045023032077597,HIGH_VOLATILITY
2018-07-20,7354.1298828125,7594.669921875,7323.259765625,-0.015097374603627811,0.03690581490603242,0.04238893489657834,6694.708984375,TREND_UP,0.033333925735357324,HIGH_VOLATILITY
2018-07-21,7419.2900390625,7437.64013671875,7262.41015625,0.008860348850009636,0.023618160167100305,0.042591172574927554,6746.382495117187,TREND_UP,0.03336122144289155,HIGH_VOLATILITY
2018-07-22,7418.490234375,7537.9501953125,7383.81982421875,-0.00010780070374505346,0.02077651465786897,0.04241291582458832,6786.597998046875,TREND_UP,0.0306926740218763,HIGH_VOLATILITY
2018-07-23,7711.10986328125,7771.5,7409.10009765625,0.03944463356578143,0.04699711309644611,0.04152472160285798,6845.673999023437,TREND_UP,0.03076503515194199,HIGH_VOLATILITY
2018-07-24,8424.26953125,8424.26953125,7705.5,0.09248469813206439,0.08532128852047169,0.025580981945244965,6937.009985351562,TREND_UP,0.03729179852030817,HIGH_VOLATILITY
2018-07-25,8181.39013671875,8416.8701171875,8086.35986328125,-0.028830914494162863,0.040397811176720796,0.024759501688414103,7014.122485351562,TREND_UP,0.04158104299068543,HIGH_VOLATILITY
2018-07-26,7951.580078125,8290.330078125,7878.7099609375,-0.02808936559110453,0.05176582680967742,0.02340346470273352,7078.0264892578125,TREND_UP,0.042938049980905196,HIGH_VOLATILITY
2018-07-27,8165.009765625,8262.66015625,7839.759765625,0.026841166837664243,0.051794229616898516,0.018198869204048874,7143.43046875,TREND_UP,0.035966491260012085,HIGH_VOLATILITY
2018-07-28,8192.150390625,8222.849609375,8110.77001953125,0.0033240162325662848,0.013681339391915041,0.022041818028412142,7214.343994140625,TREND_UP,0.0360339741950658,HIGH_VOLATILITY
2018-07-29,8218.4599609375,8272.259765625,8141.18017578125,0.0032115585112559852,0.01594941028693622,0.02239455067762348,7288.1794921875,TREND_UP,0.036111795946281604,HIGH_VOLATILITY
2018-07-30,8180.47998046875,8235.5,7917.5,-0.004621301393359478,0.038873024658606675,0.02136538249237963,7380.705981445312,TREND_UP,0.03544198612796252,HIGH_VOLATILITY
2018-07-31,7780.43994140625,8181.52978515625,7696.93017578125,-0.04890178082675012,0.06228434549003313,0.0183992064328898,7449.99248046875,TREND_UP,0.04025513938273217,HIGH_VOLATILITY
2018-08-01,7624.91015625,7769.0400390625,7504.9501953125,-0.01998984457531061,0.034635141705050825,0.025413306425750088,7519.7974853515625,TREND_UP,0.04104478153925458,HIGH_VOLATILITY
2018-08-02,7567.14990234375,7712.77001953125,7523.43994140625,-0.007575204523413981,0.025019998357156816,0.03607766541171902,7586.252490234375,TREND_DOWN,0.0391158226294959,HIGH_VOLATILITY
2018-08-03,7434.39013671875,7562.14013671875,7328.64990234375,-0.017544223034868245,0.031406777164112276,0.03890885506959001,7644.165991210937,TREND_DOWN,0.021205000997486314,LOW_VOLATILITY
2018-08-04,7032.85009765625,7497.490234375,6984.06982421875,-0.05401116052267385,0.07300317837392144,0.039557429910961256,7677.826489257813,TREND_DOWN,0.02461743769720144,LOW_VOLATILITY
2018-08-05,7068.47998046875,7102.77001953125,6940.7001953125,0.005066208196926381,0.022928525604737196,0.039492168746867166,7694.16298828125,TREND_DOWN,0.024850719674429405,LOW_VOLATILITY
2018-08-06,6951.7998046875,7166.5498046875,6890.5400390625,-0.01650710988835713,0.039703353574550654,0.0397025780615135,7675.7009765625,TREND_DOWN,0.020902083908745518,LOW_VOLATILITY
2018-08-07,6753.1201171875,7146.56005859375,6748.240234375,-0.02857960428694062,0.05898308001437414,0.03917032564189211,7644.8179931640625,TREND_DOWN,0.020085259686437214,LOW_VOLATILITY
2018-08-08,6305.7998046875,6746.85009765625,6226.22021484375,-0.06623905761153515,0.08256365551368802,0.031742485905034,7586.764990234375,TREND_DOWN,0.02331952138852059,LOW_VOLATILITY
2018-08-09,6568.22998046875,6625.72998046875,6249.06982421875,0.04161727043509522,0.057345762461124904,0.026355683418334396,7547.469995117188,TREND_DOWN,0.03124331508514589,HIGH_VOLATILITY
2018-08-10,6184.7099609375,6591.259765625,6124.52001953125,-0.058390163053316124,0.07546671534181369,0.01759986691444082,7485.740991210938,TREND_DOWN,0.032301974907330326,HIGH_VOLATILITY
2018-08-11,6295.72998046875,6455.740234375,6109.02978515625,0.01795072367701156,0.05507073052598352,0.02085745572285501,7429.602978515625,TREND_DOWN,0.03472937523378066,HIGH_VOLATILITY
2018-08-12,6322.68994140625,6409.85009765625,6237.5,0.004282261313801161,0.02725898300461608,0.02118707407077523,7360.181982421875,TREND_DOWN,0.035337920906001005,HIGH_VOLATILITY
2018-08-13,6297.56982421875,6537.0498046875,6225.72021484375,-0.0039730110791915685,0.04943646494342319,0.02492003635578634,7253.846997070313,TREND_DOWN,0.0355844816590986,HIGH_VOLATILITY
2018-08-14,6199.7099609375,6287.93994140625,5971.0498046875,-0.015539305797755087,0.05111370349828928,0.025747219045255346,7154.76298828125,TREND_DOWN,0.032988709289761685,HIGH_VOLATILITY
2018-08-15,6308.52001953125,6588.490234375,6221.419921875,0.017550830487124358,0.058186438556673534,0.02667417554678065,7072.6099853515625,TREND_DOWN,0.033930455866281344,HIGH_VOLATILITY
2018-08-16,6334.72998046875,6473.5,6276.41015625,0.0041546925200131035,0.0311125879647069,0.02807763058220567,6981.09599609375,TREND_DOWN,0.034171380197885425,HIGH_VOLATILITY
2018-08-17,6580.6298828125,6582.5,6324.97021484375,0.03881774015655104,0.039134518996255134,0.02617333917834444,6900.519970703125,TREND_DOWN,0.036392726366649135,HIGH_VOLATILITY
2018-08-18,6423.759765625,6617.35009765625,6353.72998046875,-0.023838161388960444,0.041038290161190524,0.023285227919455708,6810.7849609375,TREND_DOWN,0.029978460268625325,HIGH_VOLATILITY
2018-08-19,6506.06982421875,6537.97998046875,6361.5498046875,0.012813377460690445,0.0271177808643386,0.02385739491313015,6727.064453125,TREND_DOWN,0.027014347492586317,HIGH_VOLATILITY
2018-08-20,6308.52978515625,6536.919921875,6297.93017578125,-0.030362422230262642,0.037883588448149125,0.01918526553264147,6653.4689453125,TREND_DOWN,0.021177757662585624,LOW_VOLATILITY
2018-08-21,6488.759765625,6500.8701171875,6298.240234375,0.028569252521058797,0.031227829374413988,0.019499260687575518,6596.66142578125,TREND_DOWN,0.022292893528647946,LOW_VOLATILITY
2018-08-22,6376.7099609375,6816.7900390625,6310.10986328125,-0.017268292976586608,0.07945793032536769,0.01705936354849205,6537.139428710938,TREND_DOWN,0.02320474904215612,LOW_VOLATILITY
2018-08-23,6534.8798828125,6546.5400390625,6371.33984375,0.024804314896540447,0.02681001004674884,0.018525613949200596,6492.163916015625,TREND_UP,0.02426685541518048,LOW_VOLATILITY
2018-08-24,6719.9599609375,6719.9599609375,6498.64013671875,0.028321879123101024,0.0329346938828894,0.01659553534185786,6476.5194091796875,TREND_UP,0.02431260607186959,LOW_VOLATILITY
2018-08-25,6763.18994140625,6789.6298828125,6700.9599609375,0.0064330711373343785,0.013110665624239902,0.01757786022807697,6461.254907226563,TREND_UP,0.02409869695727788,LOW_VOLATILITY
2018-08-26,6707.259765625,6774.75,6620.75,-0.008269792252739938,0.022960196172698833,0.015850418706093335,6449.027905273438,TREND_UP,0.024590954633847573,LOW_VOLATILITY
2018-08-27,6884.64013671875,6884.64013671875,6689.7099609375,0.026446026737003914,0.02831377848518232,0.01505096676681519,6455.60390625,TREND_UP,0.02301742658041571,LOW_VOLATILITY
2018-08-28,7096.27978515625,7109.56005859375,6882.33984375,0.03074084399978072,0.03201962460936804,0.011748746591371212,6495.127905273437,TREND_UP,0.021926499285886348,LOW_VOLATILITY
2018-08-29,7047.16015625,7113.2998046875,6970.81982421875,-0.006921884479385465,0.020218070443934363,0.03364525407258835,6519.0744140625,TREND_UP,0.022546801735058786,LOW_VOLATILITY
2018-08-30,6978.22998046875,7072.68994140625,6834.68994140625,-0.009781269937524706,0.03410606997277736,0.036073349330941085,6558.750415039062,TREND_UP,0.019342246240180556,LOW_VOLATILITY
2018-08-31,7037.580078125,7057.169921875,6920.16015625,0.008505036065358018,0.019468306449665733,0.035259803253201376,6595.842919921875,TREND_UP,0.01824706668536341,LOW_VOLATILITY
2018-09-01,7193.25,7242.2900390625,7038.0498046875,0.022119808250405715,0.028393317954332187,0.03290217016500658,6639.370922851563,TREND_UP,0.016257059947079697,LOW_VOLATILITY
2018-09-02,7272.72021484375,7306.31005859375,7132.16015625,0.011047887233691212,0.023945634810522063,0.033057571151564005,6688.128442382813,TREND_UP,0.015646290886827674,LOW_VOLATILITY
2018-09-03,7260.06005859375,7317.93994140625,7208.14990234375,-0.0017407731737240084,0.015122469811050844,0.033712552450893406,6741.145947265625,TREND_UP,0.014783601572139208,LOW_VOLATILITY
2018-09-04,7361.66015625,7388.259765625,7255.43994140625,0.01399438804035591,0.018042102107360507,0.0316541991361936,6793.802954101562,TREND_UP,0.01489557333961831,LOW_VOLATILITY
2018-09-05,6792.830078125,7388.43017578125,6792.830078125,-0.07726926617796492,0.08768070020980877,0.020674783877192834,6816.707958984375,TREND_DOWN,0.030933058380691176,HIGH_VOLATILITY
2018-09-06,6529.169921875,6755.14013671875,6404.72021484375,-0.03881447838641905,0.05366990384198317,0.019790527568274947,6814.1349609375,TREND_DOWN,0.03200119505530103,HIGH_VOLATILITY
2018-09-07,6467.06982421875,6555.2900390625,6396.8701171875,-0.009511178051622271,0.024496398860845422,0.019367231137324623,6816.300463867187,TREND_DOWN,0.029463245919164407,HIGH_VOLATILITY
2018-09-08,6225.97998046875,6534.25,6197.52001953125,-0.03727961044229555,0.054084655190843996,0.009426510276572458,6802.295971679688,TREND_DOWN,0.030778582925417287,HIGH_VOLATILITY
2018-09-09,6300.85986328125,6446.259765625,6201.22021484375,0.012027003467310005,0.03888985886025446,0.0099747436258626,6801.9124755859375,TREND_DOWN,0.03170202041239773,HIGH_VOLATILITY
2018-09-10,6329.7001953125,6374.97998046875,6292.759765625,0.0045772057555697465,0.012989590708362255,0.0184716177275427,6793.959497070313,TREND_DOWN,0.03147502939867533,HIGH_VOLATILITY
2018-09-11,6321.2001953125,6398.919921875,6260.2099609375,-0.0013428756082783933,0.021943611442706828,0.01934696907834974,6791.184008789062,TREND_DOWN,0.029627928305600664,HIGH_VOLATILITY
2018-09-12,6351.7998046875,6363.8701171875,6265.08984375,0.004840791057003857,0.015551540740405916,0.019330851380136543,6782.030004882812,TREND_DOWN,0.02914242598441002,HIGH_VOLATILITY
2018-09-13,6517.31005859375,6535.41015625,6354.240234375,0.026057221416850407,0.027798266500472638,0.017941919753005967,6771.897509765625,TREND_DOWN,0.03156622090490932,HIGH_VOLATILITY
2018-09-14,6512.7099609375,6596.10009765625,6456.169921875,-0.000705827652036306,0.021485706659829074,0.021778783780599952,6759.373510742187,TREND_DOWN,0.03063926094589564,HIGH_VOLATILITY
2018-09-15,6543.2001953125,6561.72021484375,6493.5498046875,0.004681650888474609,0.010418512061588269,0.021937970483308228,6751.1705322265625,TREND_DOWN,0.020421159632380507,LOW_VOLATILITY
2018-09-16,6517.18017578125,6544.330078125,6460.10009765625,-0.0039766503781880624,0.012924298269635133,0.021814869356151834,6732.797534179687,TREND_DOWN,0.01628986279180428,LOW_VOLATILITY
2018-09-17,6281.2001953125,6540.2099609375,6257.52001953125,-0.036208908470212964,0.04500572066103136,0.016431687416097563,6692.0435546875,TREND_DOWN,0.01981639696850913,LOW_VOLATILITY
2018-09-18,6371.2998046875,6384.18017578125,6265.7099609375,0.014344330155602991,0.018594355700635678,0.019385055154069502,6658.250537109375,TREND_DOWN,0.01621340353217728,LOW_VOLATILITY
2018-09-19,6398.5400390625,6448.4599609375,6208.33984375,0.004275459515334479,0.037527329003427146,0.019491932330879237,6629.266040039062,TREND_DOWN,0.01588554652258489,LOW_VOLATILITY
2018-09-20,6519.669921875,6529.259765625,6395.9501953125,0.018930862676956428,0.02044728826918301,0.02101946661836585,6603.370532226562,TREND_DOWN,0.016801092953976294,LOW_VOLATILITY
2018-09-21,6734.9501953125,6794.330078125,6496.35986328125,0.033020118505568075,0.044242378369944914,0.016591797591950126,6580.455541992187,TREND_UP,0.019144473276173402,LOW_VOLATILITY
2018-09-22,6721.97998046875,6814.56005859375,6616.7998046875,-0.0019258070910126435,0.02941994092229644,0.01668040308713173,6552.918530273438,TREND_UP,0.01932934112036246,LOW_VOLATILITY
2018-09-23,6710.6298828125,6766.14990234375,6679.419921875,-0.001688505126350992,0.012924268210780908,0.01683841358782531,6525.447021484375,TREND_UP,0.018055727570458133,LOW_VOLATILITY
2018-09-24,6595.41015625,6713.56005859375,6580.89990234375,-0.01716973347876105,0.020114011578838267,0.015577977449108424,6487.134521484375,TREND_UP,0.019155856223525867,LOW_VOLATILITY
2018-09-25,6446.47021484375,6603.64013671875,6381.85986328125,-0.022582362260686772,0.03440336588026499,0.012443150685125304,6469.8165283203125,TREND_DOWN,0.02053213043287839,LOW_VOLATILITY
2018-09-26,6495.0,6585.91015625,6397.89013671875,0.00752811748738158,0.02894842487009238,0.01279003658134547,6468.1080322265625,TREND_UP,0.020687106522696324,LOW_VOLATILITY
2018-09-27,6676.75,6712.10009765625,6464.9501953125,0.027983063895304028,0.037016497898491034,0.007033704482230944,6478.592041015625,TREND_UP,0.018044599787627753,LOW_VOLATILITY
2018-09-28,6644.1298828125,6785.02978515625,6598.31982421875,-0.004885628065675718,0.028101491727380946,0.007658873491262117,6499.499536132813,TREND_UP,0.018113230638244465,LOW_VOLATILITY
2018-09-29,6601.9599609375,6643.10009765625,6511.64990234375,-0.006346944237813346,0.019910783477976993,0.007518140930074732,6514.554541015625,TREND_UP,0.018426752920804788,LOW_VOLATILITY
2018-09-30,6625.56005859375,6643.77978515625,6566.5400390625,0.003574710812529469,0.01165784407818708,0.007419550017004798,6529.3475341796875,TREND_UP,0.01759942318554502,LOW_VOLATILITY
2018-10-01,6589.6201171875,6653.2998046875,6549.080078125,-0.005424438249508223,0.01581574122773283,0.007580943031265159,6542.768530273437,TREND_UP,0.013798410468210676,LOW_VOLATILITY
2018-10-02,6556.10009765625,6611.83984375,6537.89990234375,-0.005086790882500303,0.01127803729425713,0.007177442021726663,6552.983544921875,TREND_UP,0.013830305184459827,LOW_VOLATILITY
2018-10-03,6502.58984375,6571.4599609375,6454.02978515625,-0.008161903129785819,0.018058985512382986,0.0072803488844634485,6552.247534179687,TREND_DOWN,0.01394382120822928,LOW_VOLATILITY
2018-10-04,6576.68994140625,6603.31005859375,6497.91015625,0.011395474639611658,0.01602628423763171,0.01989624026161686,6555.446533203125,TREND_UP,0.013654425068551346,LOW_VOLATILITY
2018-10-05,6622.47998046875,6623.6201171875,6557.41015625,0.0069624749639192185,0.009997759318679519,0.01948092590045735,6559.4105224609375,TREND_UP,0.011259912532623602,LOW_VOLATILITY
2018-10-06,6588.31005859375,6628.5400390625,6577.7998046875,-0.005159686699812593,0.007701555319002444,0.01979733422198032,6562.967016601562,TREND_UP,0.011376399289698153,LOW_VOLATILITY
2018-10-07,6602.9501953125,6641.490234375,6557.0400390625,0.002222138391870798,0.012789767121437935,0.019698886137219568,6579.054516601563,TREND_UP,0.006640258676634976,LOW_VOLATILITY
2018-10-08,6652.22998046875,6675.06005859375,6576.0400390625,0.007463298025666587,0.014885236953920307,0.028704405547866473,6593.101025390625,TREND_UP,0.0069949664114017564,LOW_VOLATILITY
2018-10-09,6642.64013671875,6661.41015625,6606.93994140625,-0.0014415983479458827,0.008200085165332549,0.028704364291126556,6605.3060302734375,TREND_UP,0.006652845288400872,LOW_VOLATILITY
2018-10-10,6585.52978515625,6640.2900390625,6538.9599609375,-0.008597538085317824,0.01538677698389543,0.028670597665542523,6608.5990234375,TREND_DOWN,0.007150052544591002,LOW_VOLATILITY
2018-10-11,6256.240234375,6586.740234375,6243.740234375,-0.05000198336714945,0.05482526040406532,0.019820714073357105,6584.663525390625,TREND_DOWN,0.017256891239031125,LOW_VOLATILITY
2018-10-12,6274.580078125,6328.5,6236.47021484375,0.002931448132255543,0.014667082738666837,0.01998504100223499,6562.293530273438,TREND_DOWN,0.017439817286445065,LOW_VOLATILITY
2018-10-13,6285.990234375,6308.509765625,6259.81005859375,0.001818473285531752,0.00774734054865933,0.019956479070458905,6541.061547851563,TREND_DOWN,0.017475900308879102,LOW_VOLATILITY
2018-10-14,6290.93017578125,6363.2099609375,6280.14990234375,0.0007858652689651802,0.013203144252580271,0.020028939404772766,6525.837548828125,TREND_DOWN,0.016797493213003018,LOW_VOLATILITY
2018-10-15,6596.5400390625,6965.06005859375,6258.68017578125,0.04857943972383971,0.10708339199482683,0.004953234603508052,6533.341040039062,TREND_UP,0.023654313752656086,LOW_VOLATILITY
2018-10-16,6596.10986328125,6673.58984375,6571.3701171875,-6.521233536105342e-05,0.015496971500054815,0.004862073653977295,6538.396533203125,TREND_UP,0.02358896199047841,LOW_VOLATILITY
2018-10-17,6544.43017578125,6601.2099609375,6517.4501953125,-0.007834873671174969,0.012798633857377974,0.004659312597648351,6531.780541992188,TREND_UP,0.02371524575975153,LOW_VOLATILITY
2018-10-18,6476.7099609375,6567.5400390625,6450.0400390625,-0.010347763368972918,0.018141927106303822,0.002582740084979184,6523.4095458984375,TREND_DOWN,0.023708185904223775,LOW_VOLATILITY
2018-10-19,6465.41015625,6493.68017578125,6445.31005859375,-0.001744682833668909,0.00748136870183579,0.00247422801391472,6516.582055664063,TREND_DOWN,0.023706993574135832,LOW_VOLATILITY
2018-10-20,6489.18994140625,6497.72021484375,6449.0,0.003678001021058641,0.0075079039577614845,0.0020002320912371357,6509.7635498046875,TREND_DOWN,0.023670958045880056,LOW_VOLATILITY
2018-10-21,6482.35009765625,6556.3798828125,6476.0,-0.0010540366073054086,0.012399805873114142,0.00199817089736584,6504.400048828125,TREND_DOWN,0.0164100118393557,LOW_VOLATILITY
2018-10-22,6487.16015625,6543.7998046875,6462.97998046875,0.0007420238835125215,0.012458429000074064,0.009168706454150896,6500.953051757812,TREND_DOWN,0.01643561531023444,LOW_VOLATILITY
2018-10-23,6475.740234375,6506.009765625,6451.27001953125,-0.0017603884596555375,0.008453048472076823,0.009260268071448717,6499.610571289062,TREND_DOWN,0.016514005724947493,LOW_VOLATILITY
2018-10-24,6495.83984375,6521.990234375,6468.85986328125,0.0031038319400622516,0.008179138090183922,0.008863782773401122,6495.56806640625,TREND_UP,0.016494204336481914,LOW_VOLATILITY
2018-10-25,6476.2900390625,6504.64990234375,6447.02978515625,-0.003009588468581126,0.008897087196521084,0.010240317223547245,6488.258569335938,TREND_DOWN,0.00440992596836449,LOW_VOLATILITY
2018-10-26,6474.75,6498.2900390625,6449.60986328125,-0.00023779649354971344,0.007518464154021391,0.010324563417232344,6482.58056640625,TREND_DOWN,0.004402586786949857,LOW_VOLATILITY
2018-10-27,6480.3798828125,6507.41015625,6453.52978515625,0.000869513542993916,0.008314384660790255,0.010279586341057481,6476.45205078125,TREND_UP,0.003921236819810061,LOW_VOLATILITY
2018-10-28,6486.39013671875,6502.27978515625,6447.91015625,0.0009274539479067201,0.008382108963577358,0.010373647988181554,6468.16005859375,TREND_UP,0.002146496295613994,LOW_VOLATILITY
2018-10-29,6332.6298828125,6503.60009765625,6306.990234375,-0.02370505792364075,0.03104711106121522,0.004894125115804677,6452.6595458984375,TREND_DOWN,0.00787949603660687,LOW_VOLATILITY
2018-10-30,6334.27001953125,6364.990234375,6310.14013671875,0.0002589977227631657,0.008659261049359091,0.005089467877528804,6440.0965576171875,TREND_DOWN,0.007675122380199723,LOW_VOLATILITY
2018-10-31,6317.60986328125,6349.16015625,6316.8798828125,-0.002630161991615365,0.005109570571161262,0.00519205007792098,6443.1650390625,TREND_DOWN,0.007660889218194393,LOW_VOLATILITY
2018-11-01,6377.77978515625,6547.14013671875,6311.830078125,0.009524159164166601,0.0368952937417837,0.007585637100372904,6448.325024414063,TREND_DOWN,0.008533170533733443,LOW_VOLATILITY
2018-11-02,6388.43994140625,6396.85986328125,6327.3798828125,0.0016714525444749828,0.010875891627065336,0.008892285990137541,6453.447509765625,TREND_DOWN,0.008597714556129307,LOW_VOLATILITY
2018-11-03,6361.259765625,6400.06982421875,6342.3701171875,-0.004254587353178851,0.009070484331271597,0.00876952504429952,6456.9639892578125,TREND_DOWN,0.0084909959945278,LOW_VOLATILITY
2018-11-04,6376.1298828125,6388.6298828125,6294.56982421875,0.0023376057157507013,0.014751904418901245,0.008755470618893821,6445.9434814453125,TREND_DOWN,0.008592216778190904,LOW_VOLATILITY
2018-11-05,6419.66015625,6480.58984375,6363.6201171875,0.006827068180471185,0.01822054808440624,0.00865316235192594,6437.12099609375,TREND_DOWN,0.008990910598860518,LOW_VOLATILITY
2018-11-06,6461.009765625,6463.5498046875,6408.16015625,0.006441090083988854,0.008572908948720948,0.007999972172399653,6432.949975585938,TREND_UP,0.009275197037729025,LOW_VOLATILITY
2018-11-07,6530.14013671875,6552.16015625,6468.31005859375,0.01069962337180641,0.012840474461606702,0.0357015103296054,6435.621484375,TREND_UP,0.009907467208838268,LOW_VOLATILITY
2018-11-08,6453.72021484375,6536.919921875,6438.52978515625,-0.011702646539741735,0.015245491506193549,0.035620732511188656,6435.0369873046875,TREND_UP,0.0068865861770393295,LOW_VOLATILITY
2018-11-09,6385.6201171875,6456.4599609375,6373.3701171875,-0.01055206847976109,0.01301202423964367,0.03554850769843263,6429.85849609375,TREND_DOWN,0.007943355212029064,LOW_VOLATILITY
2018-11-10,6409.22021484375,6437.27978515625,6385.31005859375,0.003695819234960096,0.00810858806850452,0.034870362919171505,6426.202001953125,TREND_DOWN,0.00788833576156579,LOW_VOLATILITY
2018-11-11,6411.27001953125,6423.25,6350.169921875,0.0003198212292272462,0.011398689791939715,0.036303853868693996,6422.407495117188,TREND_DOWN,0.007363506380439145,LOW_VOLATILITY
2018-11-12,6371.27001953125,6434.2099609375,6360.47021484375,-0.006239013468180898,0.011573790761920213,0.05605529513513538,6417.183984375,TREND_DOWN,0.007648819246204418,LOW_VOLATILITY
2018-11-13,6359.490234375,6395.27001953125,6342.669921875,-0.0018488912132336166,0.008271118551598728,0.05650597506209364,6410.36650390625,TREND_DOWN,0.007545756232015623,LOW_VOLATILITY
2018-11-14,5738.35009765625,6371.5498046875,5544.08984375,-0.09767137204823373,0.1441982358788922,0.05910753553598506,6373.469506835938,TREND_DOWN,0.03170360479243798,HIGH_VOLATILITY
2018-11-15,5648.02978515625,5774.81982421875,5358.3798828125,-0.015739770310788437,0.07373189541257516,0.05926391457701488,6332.13349609375,TREND_DOWN,0.031171207439580472,HIGH_VOLATILITY
2018-11-16,5575.5498046875,5657.02001953125,5498.93994140625,-0.012832790057027754,0.028352374862134357,0.05986787674244146,6286.8919921875,TREND_DOWN,0.030474500493150206,HIGH_VOLATILITY
2018-11-17,5554.330078125,5578.580078125,5519.56005859375,-0.0038058536477711957,0.010625947450205129,0.06400312670085528,6240.288989257812,TREND_DOWN,0.02948754195648054,HIGH_VOLATILITY
2018-11-18,5623.5400390625,5653.60986328125,5559.740234375,0.01246054158899823,0.01669226648235957,0.06766730630687412,6204.834497070313,TREND_DOWN,0.030806340635408783,HIGH_VOLATILITY
2018-11-19,4871.490234375,5620.77978515625,4842.91015625,-0.1337324531280254,0.15967796125656172,0.05619150714737146,6131.6955078125,TREND_DOWN,0.048921403979561066,HIGH_VOLATILITY
2018-11-20,4451.8701171875,4951.60986328125,4272.10986328125,-0.08613793664749825,0.1526324852507779,0.05314676093953028,6038.408520507813,TREND_DOWN,0.051153590970352346,HIGH_VOLATILITY
2018-11-21,4602.169921875,4675.72998046875,4343.97998046875,0.033761048892067214,0.07208556086187265,0.07213686218261356,5949.62802734375,TREND_DOWN,0.05465757152898574,HIGH_VOLATILITY
2018-11-22,4365.93994140625,4629.64013671875,4365.64013671875,-0.051330130021037146,0.06046807870539941,0.06970860259183768,5848.50302734375,TREND_DOWN,0.054229785805240814,HIGH_VOLATILITY
2018-11-23,4347.10986328125,4396.419921875,4195.68017578125,-0.004312949417012546,0.04617774852881893,0.07339780027785553,5747.7955322265625,TREND_DOWN,0.054064292542571724,HIGH_VOLATILITY
2018-11-24,3880.760009765625,4413.08984375,3795.159912109375,-0.10727813839138145,0.1592291020536321,0.061265224059304166,5623.027038574219,TREND_DOWN,0.05535318954367941,HIGH_VOLATILITY
2018-11-25,4009.969970703125,4120.8701171875,3585.06005859375,0.03329501453641903,0.13361946910036307,0.06154483752220394,5502.542529296875,TREND_DOWN,0.05945532247279565,HIGH_VOLATILITY
2018-11-26,3779.1298828125,4107.14013671875,3643.919921875,-0.05756653779882259,0.1225732454844904,0.06185738742669275,5368.44853515625,TREND_DOWN,0.059536493026836265,HIGH_VOLATILITY
2018-11-27,3820.719970703125,3862.9599609375,3661.010009765625,0.01100520203864308,0.05285651728480647,0.061957930417325856,5232.977526855469,TREND_DOWN,0.060613714804918596,HIGH_VOLATILITY
2018-11-28,4257.419921875,4385.89990234375,3822.469970703125,0.11429781677810569,0.13234069976176702,0.04257184244524352,5123.162512207031,TREND_DOWN,0.07605781460011997,HIGH_VOLATILITY
2018-11-29,4278.8466796875,4413.0205078125,4145.76513671875,0.005032803483256965,0.062459674557273144,0.04429104579010164,5017.823840332031,TREND_DOWN,0.06596398986521915,HIGH_VOLATILITY
2018-11-30,4017.2685546875,4322.9765625,3942.822021484375,-0.061132857655723294,0.09463010397252292,0.04169960978977928,4898.226257324219,TREND_DOWN,0.0632125764389351,HIGH_VOLATILITY
2018-12-01,4214.671875,4309.37744140625,3969.710693359375,0.04913869153262418,0.08059150465820664,0.03340934998888983,4788.396350097656,TREND_DOWN,0.06452619763307606,HIGH_VOLATILITY
2018-12-02,4139.8779296875,4301.51953125,4110.978515625,-0.017746089738599147,0.04602575700568617,0.0419397349908533,4676.826745605469,TREND_DOWN,0.06280700936428124,HIGH_VOLATILITY
2018-12-03,3894.130859375,4155.9794921875,3840.4462890625,-0.059360946019741734,0.08102788902570224,0.03855329587979643,4553.558776855469,TREND_DOWN,0.06524849933023429,HIGH_VOLATILITY
2018-12-04,3956.893798828125,4075.627685546875,3832.75,0.016117316474361765,0.0613808956962165,0.03614804549005301,4464.4859619140625,TREND_DOWN,0.05555149581742239,HIGH_VOLATILITY
2018-12-05,3753.994873046875,3969.535888671875,3753.994873046875,-0.05127732410744523,0.057416438464674646,0.03562095708186319,4369.784216308593,TREND_DOWN,0.056900316055611404,HIGH_VOLATILITY
2018-12-06,3521.101806640625,3874.966064453125,3521.101806640625,-0.06203872788383058,0.10049816144058357,0.03280547562127894,4267.06181640625,TREND_DOWN,0.05737368231809653,HIGH_VOLATILITY
2018-12-07,3419.937255859375,3512.59033203125,3280.228759765625,-0.02873093603554966,0.06794322669736708,0.03215654763359319,4160.342175292969,TREND_DOWN,0.05747207185557707,HIGH_VOLATILITY
2018-12-08,3476.11474609375,3506.04345703125,3350.650634765625,0.016426468099122626,0.04470301863315823,0.03063377893602588,4052.970910644531,TREND_DOWN,0.039584012858330055,HIGH_VOLATILITY
2018-12-09,3614.234375,3685.3056640625,3469.09423828125,0.03973390954986766,0.059822192848589126,0.02319033930935357,3990.108117675781,TREND_DOWN,0.0433057786549119,HIGH_VOLATILITY
2018-12-10,3502.656005859375,3647.33251953125,3470.14453125,-0.030871924054627797,0.05058675130667792,0.04445133394545302,3942.647412109375,TREND_DOWN,0.040776225492091284,HIGH_VOLATILITY
2018-12-11,3424.588134765625,3513.18505859375,3392.25,-0.02228819243544189,0.03531375273015908,0.04513477203571141,3883.7683227539064,TREND_DOWN,0.03447872383327554,HIGH_VOLATILITY
2018-12-12,3486.9501953125,3534.228515625,3413.4814453125,0.018210090700773618,0.03462827501087341,0.04505850593489289,3839.8188354492186,TREND_DOWN,0.03655277751437755,HIGH_VOLATILITY
2018-12-13,3313.67724609375,3489.739501953125,3298.132080078125,-0.04969183369802088,0.05782319992113652,0.047765329656728556,3788.1472045898436,TREND_DOWN,0.03540003021112136,HIGH_VOLATILITY
2018-12-14,3242.48486328125,3329.555908203125,3206.542236328125,-0.021484404643338006,0.03793808670259008,0.055881185848380144,3756.233447265625,TREND_DOWN,0.03362812486020989,HIGH_VOLATILITY
2018-12-15,3236.76171875,3275.3779296875,3191.303466796875,-0.00176504895861207,0.02597486938985845,0.054337676247620134,3717.573034667969,TREND_DOWN,0.03198551891202969,HIGH_VOLATILITY
2018-12-16,3252.839111328125,3305.753173828125,3233.81982421875,0.004967122690864523,0.022114020136706,0.05517043922007238,3691.25849609375,TREND_DOWN,0.027576611876741774,HIGH_VOLATILITY
2018-12-17,3545.86474609375,3597.91796875,3253.123046875,0.09008303968836118,0.09723859948545366,0.04868553978342222,3677.515734863281,TREND_DOWN,0.040160792412185266,HIGH_VOLATILITY
2018-12-18,3696.05908203125,3701.349365234375,3487.169189453125,0.04235760433416402,0.057948255433065914,0.05698943576221314,3649.4476928710938,TREND_UP,0.041830923273971074,HIGH_VOLATILITY
2018-12-19,3745.95068359375,3949.322998046875,3687.22998046875,0.013498594166162725,0.06996702298458479,0.056941216064773814,3622.8028930664063,TREND_UP,0.04034076460501392,HIGH_VOLATILITY
2018-12-20,4134.44140625,4191.228515625,3728.974609375,0.10370951341077017,0.11180564938015924,0.040218484878491396,3628.6615356445313,TREND_UP,0.04885347861314045,HIGH_VOLATILITY
2018-12-21,3896.543701171875,4198.4296875,3850.9462890625,-0.05754047081632285,0.0891773389665809,0.047874446927502964,3612.755126953125,TREND_UP,0.05314755920767671,HIGH_VOLATILITY
2018-12-22,4014.1826171875,4014.1826171875,3855.739013671875,0.03019058043163869,0.03947095053354525,0.04708788971582092,3606.470361328125,TREND_UP,0.05338165239929132,HIGH_VOLATILITY
2018-12-23,3998.980224609375,4085.7236328125,3976.40576171875,-0.003787170148421448,0.027336437029875107,0.047587918874555,3611.7128295898438,TREND_UP,0.04894884310151953,HIGH_VOLATILITY
2018-12-24,4078.59912109375,4271.79248046875,4000.331787109375,0.019909800002112288,0.06655733630584854,0.0473030770056681,3617.798095703125,TREND_UP,0.04674957946591383,HIGH_VOLATILITY
2018-12-25,3815.49072265625,4089.5615234375,3760.0205078125,-0.06450950206818629,0.08636923519907859,0.042529812687431175,3620.8728881835937,TREND_UP,0.054228416216527575,HIGH_VOLATILITY
2018-12-26,3857.297607421875,3893.359619140625,3769.86376953125,0.010957144913857908,0.03201615798888711,0.043438260436291724,3637.6826782226562,TREND_UP,0.054102773432235934,HIGH_VOLATILITY
2018-12-27,3654.83349609375,3874.4169921875,3645.448486328125,-0.05248858966405945,0.06264813598323817,0.03873840746762378,3649.427490234375,TREND_UP,0.05187896236130071,HIGH_VOLATILITY
2018-12-28,3923.918701171875,3956.135986328125,3642.632080078125,0.0736244771111243,0.07989561714323294,0.02577120941102001,3671.8176879882812,TREND_UP,0.055263986398634675,HIGH_VOLATILITY
2018-12-29,3820.40869140625,3963.7587890625,3820.40869140625,-0.02637924423222937,0.03752218917800766,0.02353106828962258,3682.1264038085938,TREND_UP,0.05620233257966981,HIGH_VOLATILITY
2018-12-30,3865.95263671875,3901.908935546875,3797.21923828125,0.011921223353655419,0.027079922364098334,0.03255202053168639,3700.2912353515626,TREND_UP,0.04420993983660321,HIGH_VOLATILITY
2018-12-31,3742.700439453125,3868.742919921875,3725.867431640625,-0.03188145558095512,0.038174438641989376,0.02925891493419993,3716.1968505859377,TREND_UP,0.04153782571817024,HIGH_VOLATILITY
2019-01-01,3843.52001953125,3850.913818359375,3707.231201171875,0.02693765683605087,0.03738308021224339,0.02849554331999122,3734.025341796875,TREND_UP,0.04125869605058717,HIGH_VOLATILITY
2019-01-02,3943.409423828125,3947.981201171875,3817.409423828125,0.025989042281366226,0.03311139253123645,0.027281757012634186,3765.5119506835936,TREND_UP,0.04230251067455533,HIGH_VOLATILITY
2019-01-03,3836.7412109375,3935.68505859375,3826.222900390625,-0.02704974336321264,0.02852998213459858,0.04366383045258835,3795.2247680664063,TREND_UP,0.04238015178366512,HIGH_VOLATILITY
2019-01-04,3857.717529296875,3865.9345703125,3783.853759765625,0.005467222626216461,0.021277040095218018,0.04355163420130853,3826.27255859375,TREND_UP,0.03694364411425421,HIGH_VOLATILITY
2019-01-05,3845.194580078125,3904.903076171875,3836.900146484375,-0.003246206888826486,0.017685172563131603,0.043541193190074726,3855.89033203125,TREND_DOWN,0.03682144590261287,HIGH_VOLATILITY
2019-01-06,4076.632568359375,4093.29736328125,3826.51318359375,0.06018888861446059,0.06544229218942492,0.03259153432020752,3882.4287231445314,TREND_UP,0.0361096669390596,HIGH_VOLATILITY
2019-01-07,4025.248291015625,4092.613525390625,4020.89404296875,-0.01260458883210791,0.017817405843498713,0.0402929404658962,3898.88818359375,TREND_UP,0.029293666336551373,HIGH_VOLATILITY
2019-01-08,4030.847900390625,4109.02099609375,3996.955322265625,0.0013911214837352137,0.027802010047877232,0.0400140683349098,3913.1330444335936,TREND_UP,0.027465229189384793,HIGH_VOLATILITY
2019-01-09,4035.29638671875,4068.403564453125,4022.662841796875,0.0011036105648376537,0.011335158132818959,0.04042284117604482,3908.1757934570314,TREND_UP,0.027406437314307842,HIGH_VOLATILITY
2019-01-10,3678.924560546875,4064.066650390625,3659.174560546875,-0.08831366819666353,0.11005718741445529,0.02340780438680047,3897.2948364257813,TREND_DOWN,0.03908245501976817,HIGH_VOLATILITY
2019-01-11,3687.365478515625,3713.8818359375,3653.06982421875,0.0022943982214995717,0.016491994643077882,0.023482327407190112,3880.9539794921875,TREND_DOWN,0.03788268794056626,HIGH_VOLATILITY
2019-01-12,3661.301025390625,3698.978271484375,3653.810791015625,-0.007068584135981104,0.012336456400476132,0.02443051397288446,3864.07001953125,TREND_DOWN,0.03644049634292442,HIGH_VOLATILITY
2019-01-13,3552.953125,3674.760009765625,3544.92724609375,-0.029592732102399433,0.03654221125472208,0.025491996126755307,3837.7877197265625,TREND_DOWN,0.036606132510616195,HIGH_VOLATILITY
2019-01-14,3706.05224609375,3727.836181640625,3552.28515625,0.04309066731460187,0.04736874003210806,0.01804079722622679,3832.3157958984375,TREND_DOWN,0.0398260590629716,HIGH_VOLATILITY
2019-01-15,3630.67529296875,3720.1533203125,3619.94921875,-0.020338880328643172,0.027599301363181,0.017168568046601624,3820.9846801757812,TREND_DOWN,0.040189785611856876,HIGH_VOLATILITY
2019-01-16,3655.0068359375,3685.777099609375,3624.67333984375,0.006701657682214313,0.01671782366173114,0.016882092837669147,3820.9933471679688,TREND_DOWN,0.033565567872409684,HIGH_VOLATILITY
2019-01-17,3678.56396484375,3680.135986328125,3621.9609375,0.006445166852939055,0.015814608467898703,0.016715069312596465,3808.7256103515624,TREND_DOWN,0.033960614820085916,HIGH_VOLATILITY
2019-01-18,3657.83935546875,3682.52001953125,3637.080810546875,-0.005633885824214646,0.012422417872572753,0.01669241340149355,3800.5971435546876,TREND_DOWN,0.03380722623155891,HIGH_VOLATILITY
2019-01-19,3728.568359375,3758.533447265625,3652.3779296875,0.019336279435154813,0.028470851905185206,0.013956625201419019,3793.7279296875,TREND_DOWN,0.03489470007096484,HIGH_VOLATILITY
2019-01-20,3601.013671875,3743.387939453125,3583.01953125,-0.034210097604695955,0.04453424030451495,0.005540308221698814,3786.643591308594,TREND_DOWN,0.0231608895550969,LOW_VOLATILITY
2019-01-21,3576.032470703125,3608.8408203125,3558.537109375,-0.006937269182559769,0.014066905529973896,0.013031667305195574,3773.2692138671873,TREND_DOWN,0.02315921768386565,LOW_VOLATILITY
2019-01-22,3604.5771484375,3620.74658203125,3539.721435546875,0.007982219951364833,0.022478405412822835,0.011873585395383381,3756.327600097656,TREND_DOWN,0.023340837373348917,LOW_VOLATILITY
2019-01-23,3585.123046875,3623.06787109375,3565.31396484375,-0.005397055122244532,0.016109323304911844,0.013575403204382957,3743.746691894531,TREND_DOWN,0.02124375837640144,LOW_VOLATILITY
2019-01-24,3600.865478515625,3616.08740234375,3569.0927734375,0.00439104360848841,0.013050926002829316,0.01311692694249746,3730.904089355469,TREND_DOWN,0.015491304020313734,LOW_VOLATILITY
2019-01-25,3599.765869140625,3612.927734375,3575.597412109375,-0.0003053736335224544,0.010370208403175093,0.014139385114470755,3718.6326538085937,TREND_DOWN,0.014208535032373997,LOW_VOLATILITY
2019-01-26,3602.46044921875,3654.93310546875,3593.345947265625,0.0007485431486600191,0.017095859641285207,0.015029656829812818,3694.9240478515626,TREND_DOWN,0.01398397932244673,LOW_VOLATILITY
2019-01-27,3583.9658203125,3612.67138671875,3567.245849609375,-0.005133888120898322,0.012674656898768686,0.015832442310468653,3672.8599243164062,TREND_DOWN,0.013743380523599812,LOW_VOLATILITY
2019-01-28,3470.450439453125,3586.7509765625,3439.23291015625,-0.03167312037855241,0.04250689326354303,0.01048024566014563,3644.840051269531,TREND_DOWN,0.016574879076984943,LOW_VOLATILITY
2019-01-29,3448.116943359375,3476.0654296875,3400.81982421875,-0.006435330653293936,0.021822231294580437,0.01015464517117697,3615.4810791015625,TREND_DOWN,0.014180381825193454,LOW_VOLATILITY
2019-01-30,3486.181640625,3495.1748046875,3429.387939453125,0.01103927096757329,0.018870750871885375,0.010572875128035156,3605.8439331054688,TREND_DOWN,0.01179974103375441,LOW_VOLATILITY
2019-01-31,3457.792724609375,3504.804931640625,3447.915771484375,-0.008143269325041613,0.01645244949223402,0.010352213254483975,3594.3652954101562,TREND_DOWN,0.011848561036929925,LOW_VOLATILITY
2019-02-01,3487.9453125,3501.9541015625,3431.591552734375,0.008720183739189036,0.020173065379196654,0.03262079324368978,3585.697509765625,TREND_DOWN,0.011928614889369707,LOW_VOLATILITY
2019-02-02,3521.060791015625,3523.287353515625,3467.57470703125,0.009494265405179059,0.01582268804518569,0.032691186573807825,3584.102893066406,TREND_DOWN,0.012540298322646548,LOW_VOLATILITY
2019-02-03,3464.013427734375,3521.38818359375,3447.92431640625,-0.01620175471744556,0.021207731644258886,0.031189565847778718,3572.0009521484376,TREND_DOWN,0.013101736476504887,LOW_VOLATILITY
2019-02-04,3459.154052734375,3476.223876953125,3442.5869140625,-0.0014028164443861124,0.009724043039955338,0.031980835132793616,3563.4248901367187,TREND_DOWN,0.013073880515417705,LOW_VOLATILITY
2019-02-05,3466.357421875,3478.148193359375,3451.93701171875,0.0020824077305636735,0.007561592314518742,0.032003217183639736,3553.9924194335936,TREND_DOWN,0.013133232958065776,LOW_VOLATILITY
2019-02-06,3413.767822265625,3469.091796875,3398.5654296875,-0.015171430181290635,0.02065939186827696,0.031062161672700008,3540.7526123046873,TREND_DOWN,0.013623858594768981,LOW_VOLATILITY
2019-02-07,3399.4716796875,3427.945556640625,3394.218505859375,-0.004187789950119369,0.009921262466393129,0.031061750565428516,3527.834228515625,TREND_DOWN,0.009840145897375993,LOW_VOLATILITY
2019-02-08,3666.7802734375,3695.614013671875,3391.023681640625,0.07863239318839477,0.08306751681788269,0.005612581198452558,3524.74482421875,TREND_UP,0.02714820317963083,HIGH_VOLATILITY
2019-02-09,3671.20361328125,3679.94140625,3646.559326171875,0.0012063280354683847,0.009092952501288467,0.005744793151885143,3528.2543212890623,TREND_UP,0.027143039373437396,HIGH_VOLATILITY
2019-02-10,3690.188232421875,3695.0361328125,3640.97998046875,0.005171224791767015,0.014648616530943974,0.00746067554355222,3533.962109375,TREND_UP,0.02672258108497948,HIGH_VOLATILITY
2019-02-11,3648.4306640625,3695.613037109375,3642.287841796875,-0.011315836951756086,0.014615926742903426,0.025114305994719262,3536.15478515625,TREND_UP,0.027310140173039357,HIGH_VOLATILITY
2019-02-12,3653.528564453125,3668.5869140625,3618.556884765625,0.0013972858086190865,0.013693619309190675,0.024841522132608877,3539.575061035156,TREND_UP,0.027276520580031275,HIGH_VOLATILITY
2019-02-13,3632.070556640625,3669.74658203125,3617.246337890625,-0.005873228423961097,0.014454632233021247,0.023653411193975665,3541.1353149414062,TREND_UP,0.02661316560864214,HIGH_VOLATILITY
2019-02-14,3616.880859375,3646.256591796875,3607.69775390625,-0.004182104127314679,0.010660798458616632,0.024721157962957315,3541.991064453125,TREND_UP,0.026702449195583674,HIGH_VOLATILITY
2019-02-15,3620.810791015625,3647.795166015625,3608.20654296875,0.0010865526937218206,0.010933634849163308,0.02416247883411719,3542.908581542969,TREND_UP,0.026715464513142582,HIGH_VOLATILITY
2019-02-16,3629.78759765625,3652.84130859375,3615.270263671875,0.00247922555437019,0.010350755770429813,0.0244460797735358,3545.199670410156,TREND_UP,0.02582673718233064,HIGH_VOLATILITY
2019-02-17,3673.836181640625,3680.537353515625,3619.18212890625,0.01213530621263259,0.016700588043633342,0.04511421797223536,3555.3689575195312,TREND_UP,0.025595094057353454,LOW_VOLATILITY
2019-02-18,3915.71435546875,3936.6650390625,3669.982421875,0.06583804009467542,0.06810573830929387,0.03763067742748651,3578.748828125,TREND_UP,0.02169946284242885,LOW_VOLATILITY
2019-02-19,3947.094482421875,4010.87939453125,3908.153076171875,0.008013895832135631,0.0260258067844233,0.037492732921015,3601.794470214844,TREND_UP,0.021611283460093465,LOW_VOLATILITY
2019-02-20,3999.820556640625,4000.486328125,3926.246826171875,0.013358199164869689,0.01856070813723638,0.036853292485586005,3628.895861816406,TREND_UP,0.02166930640458975,LOW_VOLATILITY
2019-02-21,3954.1181640625,4010.009521484375,3940.108154296875,-0.011426110729454764,0.017678117923436727,0.036779449851286485,3652.2045043945313,TREND_UP,0.021680419603421583,LOW_VOLATILITY
2019-02-22,4005.526611328125,4006.538330078125,3950.81640625,0.013001242029855531,0.013911260424668382,0.03618926938253619,3676.4277954101562,TREND_UP,0.021581256615278828,LOW_VOLATILITY
2019-02-23,4142.52685546875,4166.2861328125,3968.726806640625,0.03420280463327119,0.04769053600969837,0.03220888404067624,3710.353466796875,TREND_UP,0.022134939203128742,LOW_VOLATILITY
2019-02-24,3810.427490234375,4210.6416015625,3793.708984375,-0.08016830712779921,0.10941885608794381,0.00840552793626594,3727.917138671875,TREND_UP,0.0369471288792917,HIGH_VOLATILITY
2019-02-25,3882.6962890625,3913.707275390625,3807.00244140625,0.018966060635805304,0.027482147981793218,0.00848863201756078,3748.73408203125,TREND_UP,0.0371230856237684,HIGH_VOLATILITY
2019-02-26,3854.35791015625,3891.578857421875,3837.986328125,-0.007298633937987575,0.013904398747106087,0.01724764460471837,3770.7635864257813,TREND_UP,0.03740184281001708,HIGH_VOLATILITY
2019-02-27,3851.04736328125,3888.802490234375,3787.058837890625,-0.0008589100836423613,0.02641973539818016,0.017211481764874074,3793.3423706054687,TREND_UP,0.03741629048207811,HIGH_VOLATILITY
2019-02-28,3854.785400390625,3906.058349609375,3845.8212890625,0.0009706546704713048,0.015626566537470767,0.017205023383368698,3802.742626953125,TREND_UP,0.0308059721610303,HIGH_VOLATILITY
2019-03-01,3859.583740234375,3907.79541015625,3851.6923828125,0.0012447748305945971,0.014536030598041413,0.017304134954993607,3812.1616333007814,TREND_UP,0.030656883136694447,HIGH_VOLATILITY
2019-03-02,3864.4150390625,3874.607421875,3832.1279296875,0.0012517668104363722,0.01099247667709249,0.018118060166156944,3820.8729736328123,TREND_UP,0.030227776306507532,HIGH_VOLATILITY
2019-03-03,3847.17578125,3875.483642578125,3836.90576171875,-0.0044610264783262465,0.010027584662856377,0.018012896494035462,3830.8102294921873,TREND_UP,0.030092283767897667,HIGH_VOLATILITY
2019-03-04,3761.55712890625,3867.3818359375,3733.749755859375,-0.022254936403225956,0.03552573455583307,0.01575785171674526,3836.2116577148436,TREND_DOWN,0.030163677323508047,HIGH_VOLATILITY
2019-03-05,3896.375,3903.916748046875,3745.18310546875,0.035840973956695166,0.04073880018687241,0.00830969673461568,3849.4268798828125,TREND_UP,0.0304087666069345,HIGH_VOLATILITY
2019-03-06,3903.942626953125,3919.510498046875,3871.460693359375,0.0019422224383240927,0.012308020193678153,0.008291921076650045,3863.7799682617188,TREND_UP,0.01548146524519643,LOW_VOLATILITY
2019-03-07,3911.484375,3939.373291015625,3894.113037109375,0.0019318286070102442,0.011571119699602533,0.008441824964213973,3878.3136474609373,TREND_UP,0.014369819533685891,LOW_VOLATILITY
2019-03-08,3901.131591796875,3950.43212890625,3875.228515625,-0.0026467658337827604,0.01927738439774367,0.008896538908511465,3891.8808471679686,TREND_UP,0.014151036618872596,LOW_VOLATILITY
2019-03-09,3963.313720703125,3987.23779296875,3892.390380859375,0.01593951074016675,0.023931340992241278,0.010640142205785711,3906.3547241210936,TREND_UP,0.014846752935479606,LOW_VOLATILITY
2019-03-10,3951.599853515625,3966.17431640625,3924.381103515625,-0.0029555740506511663,0.010576276556302323,0.010959872585265058,3908.1489990234377,TREND_UP,0.014957177784710299,LOW_VOLATILITY
2019-03-11,3905.227294921875,3966.384765625,3889.239013671875,-0.01173513521428382,0.019754484470965554,0.009010639361535079,3906.0556396484376,TREND_DOWN,0.015634122408446114,LOW_VOLATILITY
2019-03-12,3909.15625,3926.88916015625,3863.55908203125,0.0010060759032475275,0.016200446867530558,0.00902006236466738,3901.522424316406,TREND_UP,0.015634373987769675,LOW_VOLATILITY
2019-03-13,3906.71728515625,3926.59765625,3891.904296875,-0.0006239108103570645,0.008880437677642811,0.008627405169586494,3899.152380371094,TREND_UP,0.015525047772262043,LOW_VOLATILITY
2019-03-14,3924.369140625,3946.50439453125,3901.296875,0.004518334494236109,0.011519690913696817,0.011708780747425054,3895.0945068359374,TREND_UP,0.013058172584451782,LOW_VOLATILITY
2019-03-15,3960.9111328125,3968.54296875,3914.015380859375,0.009311558336655423,0.013766425466836195,0.011569393349483533,3886.013720703125,TREND_UP,0.007421432026193339,LOW_VOLATILITY
2019-03-16,4048.725830078125,4077.036376953125,3961.657470703125,0.02217032756381765,0.028497584448135778,0.0077084040146244565,3897.9286376953123,TREND_UP,0.009860237453521893,LOW_VOLATILITY
2019-03-17,4025.22900390625,4054.1220703125,4006.4111328125,-0.0058035113164038865,0.011852974688818777,0.007478132350025414,3905.0552734375,TREND_UP,0.010306932539150661,LOW_VOLATILITY
2019-03-18,4032.50732421875,4071.556640625,4009.1171875,0.0018081754616785517,0.01548402720808372,0.009187478599495556,3913.962744140625,TREND_UP,0.010134513945443305,LOW_VOLATILITY
2019-03-19,4071.190185546875,4082.216064453125,4023.8125,0.009592756619634768,0.01434557507543209,0.008398679758084882,3924.9698852539063,TREND_UP,0.009433956985615931,LOW_VOLATILITY
2019-03-20,4087.476318359375,4089.4619140625,4031.11083984375,0.004000337019458566,0.01427557487162907,0.013698724033281701,3936.6044311523438,TREND_UP,0.009222319554640085,LOW_VOLATILITY
2019-03-21,4029.326904296875,4097.35986328125,4005.1513671875,-0.014226238767748978,0.02288434229434669,0.012434847357184878,3945.091589355469,TREND_UP,0.009698648733207523,LOW_VOLATILITY
2019-03-22,4023.96826171875,4053.90673828125,4021.54248046875,-0.0013299101079167208,0.008042871043589275,0.01253183731289679,3953.0692504882813,TREND_UP,0.009784455981602653,LOW_VOLATILITY
2019-03-23,4035.826416015625,4049.882568359375,4015.964599609375,0.002946880672416219,0.0084042189266122,0.012533526713537331,3962.5017822265627,TREND_UP,0.009704700722163982,LOW_VOLATILITY
2019-03-24,4022.168212890625,4040.69970703125,4006.19287109375,-0.0033842394882989124,0.008579162807490057,0.012342936379119568,3975.532336425781,TREND_UP,0.009913866562395315,LOW_VOLATILITY
2019-03-25,3963.070556640625,4038.8408203125,3934.03125,-0.014692984758966188,0.026446556732854107,0.00991653165602499,3978.8671142578123,TREND_DOWN,0.010936970289450282,LOW_VOLATILITY
2019-03-26,3985.080810546875,3985.080810546875,3944.753173828125,0.00555383851780511,0.010119653436391875,0.06366729659829884,3982.9240234375,TREND_UP,0.008109399583825899,LOW_VOLATILITY
2019-03-27,4087.066162109375,4087.066162109375,3977.810546875,0.025591790081793686,0.02673203978131519,0.06380553537229047,3991.7031127929686,TREND_UP,0.01160506730722678,LOW_VOLATILITY
2019-03-28,4069.107177734375,4094.902099609375,4040.266357421875,-0.00439410170099408,0.01342696070687439,0.06435221134670807,4000.1018920898437,TREND_UP,0.011756625639092763,LOW_VOLATILITY
2019-03-29,4098.37451171875,4113.5009765625,4034.09716796875,0.007192568960710188,0.019374463794537444,0.06372311310179944,4006.854931640625,TREND_UP,0.011584167645444236,LOW_VOLATILITY
2019-03-30,4106.66015625,4296.806640625,4053.90966796875,0.0020216904305738748,0.05914708386243764,0.06353218777424442,4014.607946777344,TREND_UP,0.011538831405540583,LOW_VOLATILITY
2019-03-31,4105.404296875,4113.0234375,4094.100830078125,-0.0003058103975535076,0.004609194625795743,0.06203991991199065,4024.616796875,TREND_UP,0.010338350843251524,LOW_VOLATILITY
2019-04-01,4158.18310546875,4164.953125,4096.9013671875,0.01285593446519373,0.016365743423612068,0.06177896456577654,4037.0681396484374,TREND_UP,0.010805570579073435,LOW_VOLATILITY
2019-04-02,4879.8779296875,4905.95458984375,4155.31689453125,0.1735601357404375,0.15382304765163862,0.016956051402252998,4085.726171875,TREND_UP,0.05488896619306239,HIGH_VOLATILITY
2019-04-03,4973.02197265625,5307.00341796875,4876.62109375,0.01908737151027773,0.08654341898852883,0.017385517415462404,4138.1588134765625,TREND_UP,0.0542634810675334,HIGH_VOLATILITY
2019-04-04,4922.798828125,5063.15966796875,4836.7939453125,-0.010099119772122078,0.04598313491158207,0.027846140003406544,4186.253198242188,TREND_UP,0.053930666950145215,HIGH_VOLATILITY
2019-04-05,5036.68115234375,5053.509765625,4919.49169921875,0.023133653881632465,0.02660840786871858,0.0266286613254228,4235.650964355469,TREND_UP,0.053580317519456265,HIGH_VOLATILITY
2019-04-06,5059.8173828125,5205.82177734375,4992.22216796875,0.004593546775932822,0.04221488508667691,0.026600182452763715,4287.380383300781,TREND_UP,0.053958770347449496,HIGH_VOLATILITY
2019-04-07,5198.89697265625,5235.1865234375,5050.412109375,0.027487076967675605,0.03554108016264342,0.024815564078917468,4345.699865722656,TREND_UP,0.05311100185414757,HIGH_VOLATILITY
2019-04-08,5289.77099609375,5318.83642578125,5148.2119140625,0.017479481496835758,0.03225555734733097,0.024254780262121113,4406.62890625,TREND_UP,0.05280601546108558,HIGH_VOLATILITY
2019-04-09,5204.95849609375,5289.91796875,5167.4189453125,-0.016033302776742198,0.02353506248501959,0.027716860366486577,4462.503015136719,TREND_UP,0.054048287622813676,HIGH_VOLATILITY
2019-04-10,5324.5517578125,5421.6513671875,5193.38232421875,0.02297679449480783,0.04287103466199198,0.02608130399088029,4527.2642578125,TREND_UP,0.05332527776176025,HIGH_VOLATILITY
2019-04-11,5064.48779296875,5354.2255859375,5017.29638671875,-0.04884241466188555,0.06652779372605529,0.015762206918816867,4579.290234375,TREND_UP,0.058524284819082895,HIGH_VOLATILITY
2019-04-12,5089.5390625,5103.2744140625,4955.8525390625,0.004946456691243162,0.028965663332110442,0.015898929385603822,4631.975866699218,TREND_UP,0.02375484472171315,LOW_VOLATILITY
2019-04-13,5096.58642578125,5127.1220703125,5061.58935546875,0.0013846761356397508,0.012858158259075252,0.015767812465049554,4685.69677734375,TREND_UP,0.023197824526206418,LOW_VOLATILITY
2019-04-14,5167.72216796875,5184.01611328125,5053.568359375,0.013957526910101548,0.02524279550375372,0.015890485355331982,4745.929357910156,TREND_UP,0.022968975705084112,LOW_VOLATILITY
2019-04-15,5067.1083984375,5196.60693359375,5024.0693359375,-0.019469655345422332,0.034050504565770474,0.012380598274269206,4800.030737304687,TREND_UP,0.023203991851706747,LOW_VOLATILITY
2019-04-16,5235.5595703125,5238.9453125,5055.19482421875,0.03324404347200138,0.03509662831900169,0.011992907105049598,4857.455407714844,TREND_UP,0.025384193434411905,LOW_VOLATILITY
2019-04-17,5251.93798828125,5274.275390625,5219.20556640625,0.003128303240330199,0.010485619659186448,0.01611097895809795,4916.596948242188,TREND_UP,0.02397920155516038,LOW_VOLATILITY
2019-04-18,5298.3857421875,5319.986328125,5250.5068359375,0.008843926567657423,0.013113332167245072,0.025331539038773037,4976.597509765625,TREND_UP,0.023481205139733,LOW_VOLATILITY
2019-04-19,5303.8125,5336.68017578125,5233.3349609375,0.0010242285247921146,0.019485080749696564,0.025992794510576005,5036.455126953125,TREND_UP,0.022762244719441136,LOW_VOLATILITY
2019-04-20,5337.88623046875,5358.49072265625,5295.8779296875,0.00642438443454596,0.011729885251460598,0.025820663411282453,5098.0792236328125,TREND_UP,0.021651742148794104,LOW_VOLATILITY
2019-04-21,5314.53125,5359.9248046875,5257.33935546875,-0.004375323763073036,0.019302821715226532,0.025842883084868918,5155.896630859375,TREND_UP,0.013390430358468479,LOW_VOLATILITY
2019-04-22,5399.365234375,5422.6875,5280.27685546875,0.015962646635110156,0.026375441991698244,0.024845868567471733,5181.87099609375,TREND_UP,0.013839307048639355,LOW_VOLATILITY
2019-04-23,5572.3623046875,5633.80224609375,5389.40869140625,0.032040260809014454,0.043858159488645396,0.022172740600078816,5211.8380126953125,TREND_UP,0.015936646653894423,LOW_VOLATILITY
2019-04-24,5464.86669921875,5642.04443359375,5418.26318359375,-0.019290850018550354,0.04094907750119348,0.021888888033355154,5238.94140625,TREND_UP,0.01812373839769934,LOW_VOLATILITY
2019-04-25,5210.515625,5542.23828125,5181.3388671875,-0.04654296037177108,0.06926366602393597,0.010345304616250803,5247.633129882813,TREND_DOWN,0.023526883967561814,LOW_VOLATILITY
2019-04-26,5279.34814453125,5383.63427734375,5177.36865234375,0.013210308630683842,0.03907028279877045,0.018396369254429577,5258.60966796875,TREND_UP,0.02142915806745012,LOW_VOLATILITY
2019-04-27,5268.291015625,5310.75,5233.6357421875,-0.00209441177273062,0.014637433198695765,0.017254159711465145,5262.079370117188,TREND_UP,0.021436317121894307,LOW_VOLATILITY
2019-04-28,5285.13916015625,5326.23193359375,5255.68359375,0.0031980284462800324,0.013348435624098933,0.018592475371172895,5261.8477783203125,TREND_UP,0.021266405920998602,LOW_VOLATILITY
2019-04-29,5247.3525390625,5311.27490234375,5216.48779296875,-0.007149598137096702,0.01806379668020834,0.01883459252879386,5263.96748046875,TREND_DOWN,0.021377562032035866,LOW_VOLATILITY
2019-04-30,5350.7265625,5363.25732421875,5224.18994140625,0.019700224573813152,0.025990373678808222,0.018636085740255614,5265.276220703125,TREND_UP,0.022273760637052987,LOW_VOLATILITY
2019-05-01,5402.697265625,5418.00390625,5347.64599609375,0.009712831055362026,0.013022737846872637,0.0192656021166033,5282.186694335937,TREND_UP,0.022378825045768092,LOW_VOLATILITY
2019-05-02,5505.28369140625,5522.2626953125,5394.21728515625,0.018988001869725712,0.023258639760223243,0.020345784083743025,5302.97392578125,TREND_UP,0.022609698488457446,LOW_VOLATILITY
2019-05-03,5768.28955078125,5865.8818359375,5490.20166015625,0.047773352676729886,0.06512852249769056,0.017107355577176,5336.55908203125,TREND_UP,0.02530533635123228,LOW_VOLATILITY
2019-05-04,5831.16748046875,5886.8935546875,5645.46923828125,0.010900619522295596,0.041402397927154486,0.046422715583822494,5369.73134765625,TREND_UP,0.024019225602573174,LOW_VOLATILITY
2019-05-05,5795.70849609375,5833.86279296875,5708.03515625,-0.006080940822531411,0.021710484025129383,0.050805524594127634,5406.161352539062,TREND_UP,0.01616407326889344,LOW_VOLATILITY
2019-05-06,5746.80712890625,5802.95751953125,5653.6875,-0.008437513242851802,0.02597442652641442,0.058370490345571645,5431.72373046875,TREND_UP,0.01722269421148362,LOW_VOLATILITY
2019-05-07,5829.50146484375,5988.17822265625,5741.39599609375,0.014389613933892154,0.042333332970371694,0.057675463165784084,5460.601904296875,TREND_UP,0.016865099761302283,LOW_VOLATILITY
2019-05-08,5982.45751953125,5989.98095703125,5794.7158203125,0.026238273651690402,0.03263961943419697,0.05766785737734694,5494.805493164063,TREND_UP,0.017353880061303225,LOW_VOLATILITY
2019-05-09,6174.52880859375,6183.0390625,5982.31640625,0.03210575059420551,0.03250817389832774,0.06643679791316373,5538.34130859375,TREND_UP,0.016820853755981094,LOW_VOLATILITY
2019-05-10,6378.84912109375,6434.61767578125,6161.51904296875,0.03309083475578345,0.04281315134252198,0.07769135140831115,5590.389453125,TREND_UP,0.01761557511024196,LOW_VOLATILITY
2019-05-11,7204.771484375,7333.0029296875,6375.69873046875,0.12947827227172803,0.13287086221885833,0.062095864467936475,5684.90146484375,TREND_UP,0.0390849880901316,HIGH_VOLATILITY
2019-05-12,6972.37158203125,7503.8720703125,6815.77099609375,-0.03225638770747363,0.09868967339492922,0.07500946788449958,5763.551782226563,TREND_UP,0.043747758760536465,HIGH_VOLATILITY
2019-05-13,7814.9150390625,8047.4130859375,6898.2822265625,0.1208402976115901,0.1470432952413585,0.06370883967545753,5875.679418945312,TREND_UP,0.05312307184355646,HIGH_VOLATILITY
2019-05-14,7994.416015625,8268.712890625,7696.39111328125,0.02296902470023965,0.0715901919821477,0.0632073091534732,6002.156884765625,TREND_UP,0.05272539766429379,HIGH_VOLATILITY
2019-05-15,8205.16796875,8216.423828125,7899.10693359375,0.026362395040874453,0.03867280910516095,0.06341369323265539,6151.889501953125,TREND_UP,0.05100765019917317,HIGH_VOLATILITY
2019-05-16,7884.9091796875,8320.82421875,7729.6083984375,-0.03903135076359554,0.074980675977289,0.06284793436643886,6282.167553710938,TREND_UP,0.05477903824495105,HIGH_VOLATILITY
2019-05-17,7343.8955078125,7929.1455078125,7038.12451171875,-0.06861381146516154,0.12132811464240935,0.05470059908489956,6385.947778320313,TREND_UP,0.063566459635778,HIGH_VOLATILITY
2019-05-18,7271.2080078125,7447.27197265625,7251.50439453125,-0.009897676229553398,0.026923666317159246,0.053844385447545856,6485.251220703125,TREND_UP,0.06451575073600903,HIGH_VOLATILITY
2019-05-19,8197.689453125,8261.94140625,7267.962890625,0.12741781617539316,0.12125105754598821,0.037273506124253404,6632.76806640625,TREND_UP,0.07276850593788609,HIGH_VOLATILITY
2019-05-20,7978.30908203125,8200.9677734375,7678.78173828125,-0.026761244415049346,0.06545071515621242,0.033842099160914206,6764.147192382812,TREND_UP,0.07500767670036948,HIGH_VOLATILITY
2019-05-21,7963.32763671875,8062.16796875,7843.33984375,-0.0018777719888342093,0.027479482822104134,0.034605560958212676,6892.1787109375,TREND_UP,0.06559975999210896,HIGH_VOLATILITY
2019-05-22,7680.06640625,7997.6123046875,7615.9873046875,-0.03557071156568237,0.049690325553622225,0.029082610383386526,7000.9178466796875,TREND_UP,0.06585559985601754,HIGH_VOLATILITY
2019-05-23,7881.8466796875,7943.79150390625,7533.19677734375,0.02627324592835456,0.052093721592003775,0.03564931381474008,7106.595703125,TREND_UP,0.05417781996027362,HIGH_VOLATILITY
2019-05-24,7987.37158203125,8140.7197265625,7824.44873046875,0.013388347506898546,0.039596379465461136,0.03664504589233796,7214.405908203125,TREND_UP,0.053852034352654496,HIGH_VOLATILITY
2019-05-25,8052.5439453125,8117.92578125,7965.97607421875,0.008159425489589589,0.01886977681378592,0.03692597533492749,7327.2476806640625,TREND_UP,0.05320964380714417,HIGH_VOLATILITY
2019-05-26,8673.2158203125,8687.5205078125,7924.67041015625,0.077077738316635,0.0879547002473604,0.02339105079846204,7473.568115234375,TREND_UP,0.05647227025896504,HIGH_VOLATILITY
2019-05-27,8805.7783203125,8907.1748046875,8668.705078125,0.015284123299404317,0.027081050406687637,0.03203419140709473,7622.3819580078125,TREND_UP,0.04908603998677311,HIGH_VOLATILITY
2019-05-28,8719.9619140625,8807.0166015625,8634.7216796875,-0.00974546520800379,0.019758678257200134,0.037497396353761904,7759.257177734375,TREND_UP,0.049075985655421504,HIGH_VOLATILITY
2019-05-29,8659.4873046875,8755.8525390625,8482.728515625,-0.006935191916087824,0.03154043811458147,0.03934962592531635,7883.505102539062,TREND_UP,0.03142392298677145,HIGH_VOLATILITY
2019-05-30,8319.47265625,9008.314453125,8221.2734375,-0.039264986075266295,0.09460227206032534,0.03786028947968965,7980.536279296875,TREND_UP,0.03307463379371893,HIGH_VOLATILITY
2019-05-31,8574.501953125,8586.6591796875,8172.55078125,0.030654502684543283,0.0482953296531208,0.03747841832550043,8049.022802734375,TREND_UP,0.03394651234742507,HIGH_VOLATILITY
2019-06-01,8564.0166015625,8625.6005859375,8481.578125,-0.001222852548150466,0.016817162744783,0.03734635313538165,8128.605053710938,TREND_UP,0.030631559813740907,HIGH_VOLATILITY
2019-06-02,8742.9580078125,8809.3037109375,8561.2353515625,0.020894565549692157,0.028373504614037034,0.03548315556944514,8175.0072021484375,TREND_UP,0.030386978626068793,HIGH_VOLATILITY
2019-06-03,8208.9951171875,8743.5,8204.185546875,-0.061073482241120636,0.06569798683346953,0.03555800985631546,8185.736157226563,TREND_UP,0.0378876696421579,HIGH_VOLATILITY
2019-06-04,7707.77099609375,8210.9853515625,7564.48876953125,-0.06105791439007158,0.08387594576420218,0.02542691815176475,8160.86630859375,TREND_DOWN,0.04290813226223713,HIGH_VOLATILITY
2019-06-05,7824.2314453125,7901.84912109375,7668.66845703125,0.015109484866347334,0.029802373011626415,0.0267059827601765,8157.832421875,TREND_DOWN,0.0333910903512244,HIGH_VOLATILITY
2019-06-06,7822.0234375,7937.3408203125,7571.47119140625,-0.00028220123956368415,0.04677429463484013,0.0265878184884505,8181.738818359375,TREND_DOWN,0.03244453317434171,HIGH_VOLATILITY
2019-06-07,8043.951171875,8126.1533203125,7788.37353515625,0.02837216433167966,0.04199177468123733,0.03179222686010584,8220.3759765625,TREND_DOWN,0.034800088412135596,HIGH_VOLATILITY
2019-06-08,7954.1279296875,8076.89111328125,7837.61083984375,-0.011166557363197271,0.030082527657673816,0.030170842427799674,8208.197900390625,TREND_DOWN,0.03481843991514271,HIGH_VOLATILITY
2019-06-09,7688.0771484375,7975.97412109375,7583.2197265625,-0.033448139582594405,0.05108616718434884,0.02117848124957775,8193.686303710938,TREND_DOWN,0.03428073431030954,HIGH_VOLATILITY
2019-06-10,8000.32958984375,8031.90966796875,7586.73095703125,0.04061515452790565,0.05564504636192051,0.02062329960098327,8195.536401367188,TREND_DOWN,0.035625138018814874,HIGH_VOLATILITY
2019-06-11,7927.71435546875,8026.39404296875,7772.8037109375,-0.009076530355347279,0.03198782406385727,0.025234131901211446,8207.918798828125,TREND_DOWN,0.03558668564397881,HIGH_VOLATILITY
2019-06-12,8145.857421875,8196.6484375,7862.35986328125,0.027516514423324256,0.04103786218023492,0.025026143431885646,8221.1193359375,TREND_DOWN,0.03622166688255175,HIGH_VOLATILITY
2019-06-13,8230.923828125,8311.5673828125,8087.06103515625,0.010442903901259237,0.027275959824717807,0.024882677058602896,8233.296948242187,TREND_DOWN,0.03090873111046235,HIGH_VOLATILITY
2019-06-14,8693.8330078125,8710.63671875,8183.39306640625,0.05624024585256682,0.06064570735025108,0.027002736616818568,8265.361401367187,TREND_UP,0.026858386554205863,HIGH_VOLATILITY
2019-06-15,8838.375,8859.1279296875,8618.3955078125,0.01662580728863916,0.0272371812550384,0.029366606134768145,8273.619360351562,TREND_UP,0.026879452300805576,HIGH_VOLATILITY
2019-06-16,8994.48828125,9335.8671875,8814.556640625,0.017663120341691707,0.057958888885511047,0.02958736288491606,8283.054858398438,TREND_UP,0.026521692938591416,HIGH_VOLATILITY
2019-06-17,9320.3525390625,9416.4072265625,8988.923828125,0.03622932707487103,0.04586558251373815,0.029679221931253517,8313.074389648438,TREND_UP,0.027092567177324056,HIGH_VOLATILITY
2019-06-18,9081.7626953125,9348.3740234375,9004.9013671875,-0.025598800340442818,0.03782004306578958,0.024489318792328175,8334.188159179688,TREND_UP,0.028970384824318976,HIGH_VOLATILITY
2019-06-19,9273.521484375,9299.62109375,9070.3955078125,0.021114710381221036,0.024718289198307597,0.033263055011724406,8381.890600585937,TREND_UP,0.023771088572500813,LOW_VOLATILITY
2019-06-20,9527.16015625,9594.419921875,9232.484375,0.027350847496536934,0.03798986696340602,0.08014051535211932,8429.523510742187,TREND_UP,0.02279183943688332,LOW_VOLATILITY
2019-06-21,10144.556640625,10144.556640625,9525.07421875,0.06480383180815696,0.06106549983606125,0.08535439456562957,8508.550512695312,TREND_UP,0.02496416238122114,LOW_VOLATILITY
2019-06-22,10701.69140625,11157.345703125,10107.03515625,0.0549195775982847,0.09814434999140396,0.08824193116646709,8606.487182617188,TREND_UP,0.02668655432125467,HIGH_VOLATILITY
2019-06-23,10855.37109375,11246.14453125,10556.095703125,0.014360317604584338,0.06356750240646282,0.09847140727697584,8738.805981445312,TREND_UP,0.026428031484886056,HIGH_VOLATILITY
2019-06-24,11011.1025390625,11065.896484375,10610.427734375,0.014346026862422256,0.04136449991126676,0.09876360418438429,8903.97255859375,TREND_UP,0.024789001993485667,LOW_VOLATILITY
2019-06-25,11790.9169921875,11790.9169921875,11007.2021484375,0.07082074209722089,0.06646767543773556,0.09437107375310343,9102.3068359375,TREND_UP,0.028586856787161937,HIGH_VOLATILITY
2019-06-26,13016.2314453125,13796.4892578125,11755.59765625,0.10392020009443503,0.15679589058763094,0.09505948769107633,9362.017236328125,TREND_UP,0.036502180664532764,HIGH_VOLATILITY
2019-06-27,11182.806640625,13311.14453125,10491.8525390625,-0.14085680731712602,0.2521095180118335,0.08026448063497588,9518.960009765626,TREND_UP,0.06743114856125022,HIGH_VOLATILITY
2019-06-28,12407.33203125,12445.1748046875,10914.4951171875,0.1095007210601795,0.1233689630973621,0.06517937679438893,9741.62021484375,TREND_UP,0.07062309821187993,HIGH_VOLATILITY
2019-06-29,11959.37109375,12400.91015625,11508.37890625,-0.03610453370408184,0.07463028306450323,0.06574358056591609,9955.184912109375,TREND_UP,0.07402177980836465,HIGH_VOLATILITY
2019-06-30,10817.1552734375,12178.3837890625,10799.0087890625,-0.09550801721584046,0.1275173523104711,0.053304128779806566,10096.026196289062,TREND_UP,0.08375400895709402,HIGH_VOLATILITY
2019-07-01,10583.134765625,11206.439453125,10089.314453125,-0.021634200665230252,0.10555709860451983,0.05605445331777152,10228.797216796875,TREND_UP,0.08261252593804562,HIGH_VOLATILITY
2019-07-02,10801.677734375,10912.1884765625,9737.884765625,0.020650116774459715,0.1087149366806625,0.0560460280743993,10361.588232421875,TREND_UP,0.08111847534739532,HIGH_VOLATILITY
2019-07-03,11961.26953125,11968.078125,10818.15625,0.1073529339969792,0.09613710919193948,0.044980363779170446,10548.105517578126,TREND_UP,0.08752205679608915,HIGH_VOLATILITY
2019-07-04,11215.4375,12006.0751953125,11166.5693359375,-0.06235391898004139,0.07485270720602741,0.045786097251882596,10674.1857421875,TREND_UP,0.09071766967732545,HIGH_VOLATILITY
2019-07-05,10978.4599609375,11395.6611328125,10874.96484375,-0.02112958491922401,0.047428900858152365,0.046334540639939456,10781.189990234376,TREND_UP,0.08798900615056304,HIGH_VOLATILITY
2019-07-06,11208.55078125,11620.96484375,10982.5439453125,0.02095838770931313,0.0569583803381138,0.04927967028569543,10891.893115234376,TREND_UP,0.08029814963584343,HIGH_VOLATILITY
2019-07-07,11450.8466796875,11541.6201171875,11148.8046875,0.021617058544519452,0.034304487753234,0.06159767048255037,10998.417822265625,TREND_UP,0.06657322916143829,HIGH_VOLATILITY
2019-07-08,12285.9580078125,12345.8330078125,11393.3740234375,0.07293009429655473,0.07752419337338955,0.059183571980666795,11158.627587890625,TREND_UP,0.06091858226119298,HIGH_VOLATILITY
2019-07-09,12573.8125,12779.1318359375,12233.26171875,0.023429552014133215,0.0434132541094835,0.06984529708913044,11323.642138671876,TREND_UP,0.059823750759518415,HIGH_VOLATILITY
2019-07-10,12156.5126953125,13129.529296875,11710.978515625,-0.03318800918078746,0.11669060172141203,0.07352070485948094,11455.109765625,TREND_UP,0.05052468761389229,HIGH_VOLATILITY
2019-07-11,11358.662109375,12144.623046875,11158.9228515625,-0.06563153479411477,0.08677960360304593,0.08565764366278328,11515.8150390625,TREND_DOWN,0.055530248516959584,HIGH_VOLATILITY
2019-07-12,11815.986328125,11905.4873046875,11179.14453125,0.04026215537942113,0.06147119277792516,0.08322456957686378,11571.52978515625,TREND_UP,0.056348768869983065,HIGH_VOLATILITY
2019-07-13,11392.37890625,11841.95703125,10908.4794921875,-0.03585036493032401,0.0819387721163648,0.083506158371234,11598.38017578125,TREND_DOWN,0.04627482904031271,HIGH_VOLATILITY
2019-07-14,10256.05859375,11451.2041015625,10234.576171875,-0.09974390088768914,0.11862529046284,0.07297991729474529,11560.627978515626,TREND_DOWN,0.05260118042818285,HIGH_VOLATILITY
2019-07-15,10895.08984375,11052.7666015625,9992.0068359375,0.06230768322534974,0.09736126831790266,0.06929612276729072,11515.83662109375,TREND_DOWN,0.05668194959047438,HIGH_VOLATILITY
2019-07-16,9477.6416015625,10996.6328125,9448.1064453125,-0.13009972955850602,0.16338731008062252,0.047518625772438636,11338.90712890625,TREND_DOWN,0.06938992490897043,HIGH_VOLATILITY
2019-07-17,9693.802734375,9963.134765625,9163.134765625,0.022807481217359316,0.08252695272652248,0.04729571630762666,11264.45693359375,TREND_DOWN,0.06945955953231746,HIGH_VOLATILITY
2019-07-18,10666.482421875,10736.8427734375,9376.798828125,0.10034036323545137,0.12750632228327674,0.021501240835867897,11177.414453125,TREND_DOWN,0.0736950474015263,HIGH_VOLATILITY
2019-07-19,10530.732421875,10716.98046875,10229.62890625,-0.012726782329064878,0.0462789806991627,0.02157780016816691,11105.98251953125,TREND_DOWN,0.07266872672865722,HIGH_VOLATILITY
2019-07-20,10767.1396484375,11048.662109375,10451.2763671875,0.02244926725812757,0.05548230650785616,0.019138384094475606,11103.48173828125,TREND_DOWN,0.07326188260065576,HIGH_VOLATILITY
2019-07-21,10599.10546875,10841.8876953125,10389.599609375,-0.015606204170657723,0.0426722884559465,0.021527012715767044,11104.2802734375,TREND_DOWN,0.07067206917049867,HIGH_VOLATILITY
2019-07-22,10343.1064453125,10651.791015625,10154.921875,-0.024152889523769483,0.04803867612231539,0.021402261088427528,11081.351708984375,TREND_DOWN,0.06904704367689693,HIGH_VOLATILITY
2019-07-23,9900.767578125,10346.748046875,9883.5947265625,-0.04276653919461193,0.04677953670337665,0.017438778636109743,10978.326611328124,TREND_DOWN,0.06935725284344747,HIGH_VOLATILITY
2019-07-24,9811.92578125,9908.796875,9614.306640625,-0.00897322315406024,0.030013499993829258,0.026510212914478797,10908.151025390625,TREND_DOWN,0.06211915425156983,HIGH_VOLATILITY
2019-07-25,9911.841796875,10154.25390625,9773.95703125,0.01018311979244002,0.03836793229689156,0.028408517371838322,10854.8201171875,TREND_DOWN,0.058121924803971395,HIGH_VOLATILITY
2019-07-26,9870.3037109375,9916.517578125,9717.982421875,-0.004190753523789725,0.020114391822614215,0.027971508848865272,10787.907763671876,TREND_DOWN,0.03928195314442853,HIGH_VOLATILITY
2019-07-27,9477.677734375,10167.3203125,9411.521484375,-0.039778510171619375,0.07974514953001204,0.018136531634402445,10689.24931640625,TREND_DOWN,0.041029741512594455,HIGH_VOLATILITY
2019-07-28,9552.8603515625,9575.544921875,9252.296875,0.007932599028432463,0.033837828145590804,0.017659647297839188,10552.59443359375,TREND_DOWN,0.021109361639255253,LOW_VOLATILITY
2019-07-29,9519.1455078125,9681.6484375,9472.9482421875,-0.0035292930608459283,0.0219242572919194,0.02432348917477137,10399.861083984375,TREND_DOWN,0.021214399928598367,LOW_VOLATILITY
2019-07-30,9607.423828125,9701.759765625,9437.3359375,0.00927376519668166,0.027522864906919107,0.0325767663601262,10272.406640625,TREND_DOWN,0.01930961558332022,LOW_VOLATILITY
2019-07-31,10085.6279296875,10085.6279296875,9598.09765625,0.04977443590680308,0.04833910955632546,0.03162480566033914,10208.754931640626,TREND_DOWN,0.027124463950884563,HIGH_VOLATILITY
2019-08-01,10399.6689453125,10446.919921875,9922.01953125,0.031137477786643997,0.05047279806551835,0.032558229117763945,10137.9390625,TREND_UP,0.028310366446243497,HIGH_VOLATILITY
2019-08-02,10518.1748046875,10657.953125,10371.013671875,0.01139515690337567,0.027280346491020797,0.03434430398097096,10094.228857421875,TREND_UP,0.023857542685228807,LOW_VOLATILITY
2019-08-03,10821.7265625,10946.78125,10503.5048828125,0.028859736926716506,0.04096170464365307,0.04063625000158402,10122.512255859376,TREND_UP,0.024160292046979375,LOW_VOLATILITY
2019-08-04,10970.1845703125,11009.20703125,10620.2783203125,0.013718514042569074,0.03545325135094066,0.04066942994182026,10126.2669921875,TREND_UP,0.024187401258687305,LOW_VOLATILITY
2019-08-05,11805.6533203125,11895.091796875,10960.7353515625,0.07615813067183441,0.07914483171421531,0.027470446700296247,10242.667578125,TREND_UP,0.03112945962254313,HIGH_VOLATILITY
2019-08-06,11478.1689453125,12273.8212890625,11290.7314453125,-0.027739623222421628,0.08564866473336569,0.030023293138424213,10331.885888671875,TREND_UP,0.028768720387845996,HIGH_VOLATILITY
2019-08-07,11941.96875,12036.990234375,11433.701171875,0.040407124768529146,0.05051839232957296,0.03198157408548447,10395.660205078126,TREND_UP,0.02912374234701259,HIGH_VOLATILITY
2019-08-08,11966.4072265625,11979.419921875,11556.16796875,0.002046436150864972,0.035370010823757035,0.03618491016307937,10467.4439453125,TREND_UP,0.028609396603651343,HIGH_VOLATILITY
2019-08-09,11862.9365234375,11970.4580078125,11709.7451171875,-0.008646764326666112,0.021977095646589007,0.03739528745156233,10522.2337890625,TREND_UP,0.030121059431846793,HIGH_VOLATILITY
2019-08-10,11354.0244140625,11915.6552734375,11323.8984375,-0.042899336801604404,0.05211868623468706,0.035795585171600294,10559.979736328125,TREND_UP,0.0344699739855614,HIGH_VOLATILITY
2019-08-11,11523.5791015625,11523.5791015625,11248.294921875,0.014933443976921312,0.023888774248113052,0.03530754728917344,10619.003369140624,TREND_UP,0.0338691861076109,HIGH_VOLATILITY
2019-08-12,11382.6162109375,11528.189453125,11320.951171875,-0.01223256154903185,0.01820655967042671,0.04416747248601101,10693.09580078125,TREND_UP,0.03464023652240567,HIGH_VOLATILITY
2019-08-13,10895.830078125,11420.0498046875,10830.3271484375,-0.0427657511938907,0.054123701638295184,0.04132695868345462,10747.291015625,TREND_UP,0.037259591170797385,HIGH_VOLATILITY
2019-08-14,10051.7041015625,10889.556640625,10028.1357421875,-0.07747238810719048,0.0856989909107646,0.035600891017352275,10754.284130859374,TREND_DOWN,0.044363916707836584,HIGH_VOLATILITY
2019-08-15,10311.5458984375,10437.4111328125,9675.31640625,0.025850521886593203,0.07390693248797735,0.03398527614374827,10776.346240234376,TREND_DOWN,0.03581060119707747,HIGH_VOLATILITY
2019-08-16,10374.3388671875,10524.349609375,9855.478515625,0.006089578552864294,0.06447361150555245,0.035733935793376144,10821.179296875,TREND_DOWN,0.03584578939060846,HIGH_VOLATILITY
2019-08-17,10231.744140625,10452.625,10086.6982421875,-0.013744945908168327,0.03576386907092338,0.03662016736825601,10855.123486328124,TREND_DOWN,0.03127245869315393,HIGH_VOLATILITY
2019-08-18,10345.810546875,10487.0703125,10119.0947265625,0.011148285637548438,0.03556759369121144,0.036262693992323576,10896.45673828125,TREND_DOWN,0.03194519461768965,HIGH_VOLATILITY
2019-08-19,10916.0537109375,10916.0537109375,10313.2041015625,0.05511826854733437,0.055225965842488116,0.02909486085034527,10961.888232421876,TREND_DOWN,0.03876313007074438,HIGH_VOLATILITY
2019-08-20,10763.232421875,10947.0419921875,10618.9609375,-0.013999682770833077,0.03048164731820842,0.02928783287977834,10995.76845703125,TREND_DOWN,0.03686984747181789,HIGH_VOLATILITY
2019-08-21,10138.0498046875,10798.7294921875,9962.7216796875,-0.0580850243386819,0.08246238957254456,0.02504731855973821,10982.6875,TREND_DOWN,0.03967183615287182,HIGH_VOLATILITY
2019-08-22,10131.0556640625,10232.99609375,9831.462890625,-0.0006898901425563819,0.039633895660976685,0.025985498237649667,10963.33154296875,TREND_DOWN,0.03983221579376839,HIGH_VOLATILITY
2019-08-23,10407.96484375,10442.443359375,10078.1923828125,0.027332707357414776,0.03499732964425157,0.02246669348069842,10942.64345703125,TREND_DOWN,0.0397605174173518,HIGH_VOLATILITY
2019-08-24,10159.9609375,10418.0205078125,9982.296875,-0.0238282805498643,0.04288634921855476,0.02228852588686161,10902.132275390624,TREND_DOWN,0.03147959915661919,HIGH_VOLATILITY
2019-08-25,10138.517578125,10304.6220703125,10008.7890625,-0.0021105749822180053,0.02917911869589231,0.02360869350083873,10818.77548828125,TREND_DOWN,0.030297898044672596,HIGH_VOLATILITY
2019-08-26,10370.8203125,10512.328125,10126.2998046875,0.022912889639430167,0.0372225444738656,0.03329127908550107,10763.408056640625,TREND_DOWN,0.031205847119049977,HIGH_VOLATILITY
2019-08-27,10185.5,10381.328125,10087.30078125,-0.017869397686568034,0.02886724694418536,0.0335395433763551,10675.584619140625,TREND_DOWN,0.031440028761128905,HIGH_VOLATILITY
2019-08-28,9754.4228515625,10279.3662109375,9716.65625,-0.0423226300562074,0.05768767353030661,0.026539847168576724,10564.985400390626,TREND_DOWN,0.033791072892549893,HIGH_VOLATILITY
2019-08-29,9510.2001953125,9756.7861328125,9421.6298828125,-0.02503712008044423,0.03524176601089805,0.022209567573266017,10447.348583984374,TREND_DOWN,0.026592699280871632,HIGH_VOLATILITY
2019-08-30,9598.173828125,9656.1240234375,9428.302734375,0.009250450148868827,0.023735899468180898,0.02621146169127705,10359.5560546875,TREND_DOWN,0.027531320262490402,HIGH_VOLATILITY
2019-08-31,9630.6640625,9673.220703125,9531.7998046875,0.0033850433381186207,0.014684438946236996,0.026017245571276392,10264.910302734375,TREND_DOWN,0.02220943049379937,LOW_VOLATILITY
2019-09-01,9757.970703125,9796.755859375,9582.9443359375,0.013218884990569668,0.021911474213488533,0.027105820746087642,10183.67802734375,TREND_DOWN,0.022926181692837975,LOW_VOLATILITY
2019-09-02,10346.7607421875,10396.591796875,9730.650390625,0.06033939401703048,0.06436230844062288,0.01619888944940541,10156.224560546874,TREND_UP,0.02933864646418904,HIGH_VOLATILITY
2019-09-03,10623.5400390625,10736.1044921875,10308.5478515625,0.02675033314982045,0.0402461551472376,0.012745290913921495,10184.816357421874,TREND_UP,0.029173106520881162,HIGH_VOLATILITY
2019-09-04,10594.4931640625,10762.64453125,10434.7099609375,-0.002734199230500889,0.0309533042529004,0.01364274433970531,10198.963720703125,TREND_UP,0.029190304772075588,HIGH_VOLATILITY
2019-09-05,10575.533203125,10627.26953125,10516.41796875,-0.0017896052830365106,0.01048188874932983,0.017427228467444933,10209.0234375,TREND_UP,0.028523799818018294,HIGH_VOLATILITY
2019-09-06,10353.302734375,10898.76171875,10292.2998046875,-0.021013642005712985,0.05857666192343891,0.015462404966016446,10215.1013671875,TREND_UP,0.028787183267642485,HIGH_VOLATILITY
2019-09-07,10517.2548828125,10558.673828125,10348.9189453125,0.015835734030373416,0.019943881283630907,0.013864709864860734,10223.673583984375,TREND_UP,0.02437317314884933,LOW_VOLATILITY
2019-09-08,10441.2763671875,10595.6376953125,10409.0908203125,-0.007224177456150227,0.01786629033077198,0.013679254219310369,10199.934716796875,TREND_UP,0.02226470096401996,LOW_VOLATILITY
2019-09-09,10334.974609375,10450.3115234375,10144.9296875,-0.010180916017754393,0.029548387633239453,0.0133696798568351,10178.521826171875,TREND_UP,0.023129893179925552,LOW_VOLATILITY
2019-09-10,10115.9755859375,10394.353515625,10020.5732421875,-0.02119008819226731,0.03694950331405528,0.010135513776171943,10177.418115234375,TREND_DOWN,0.024874175847893885,LOW_VOLATILITY
2019-09-11,10178.3720703125,10215.9482421875,9980.7763671875,0.006168113381149309,0.02310505780054272,0.010149061016179822,10179.783935546875,TREND_DOWN,0.024721114524940847,LOW_VOLATILITY
2019-09-12,10410.126953125,10442.25390625,10099.2421875,0.022769346729666573,0.03294981130340892,0.004428405067084139,10179.892041015624,TREND_UP,0.016913138684488207,LOW_VOLATILITY
2019-09-13,10360.546875,10441.4892578125,10226.5966796875,-0.004762677568511009,0.020741431964709876,0.004960060226335113,10189.921337890624,TREND_UP,0.014255081072823464,LOW_VOLATILITY
2019-09-14,10358.048828125,10422.1337890625,10291.6943359375,-0.00024111148814232042,0.012593052541982655,0.006927159116631332,10200.897900390624,TREND_UP,0.014270616572990374,LOW_VOLATILITY
2019-09-15,10347.712890625,10387.03515625,10313.0927734375,-0.0009978652998753335,0.007145770625264603,0.007792392659438151,10199.742529296875,TREND_UP,0.01427511335555804,LOW_VOLATILITY
2019-09-16,10276.7939453125,10386.8671875,10189.744140625,-0.006853586494147135,0.01918137581856574,0.013858254756652057,10204.3072265625,TREND_UP,0.012816521245019745,LOW_VOLATILITY
2019-09-17,10241.2724609375,10296.771484375,10199.7392578125,-0.003456475294145833,0.009474626022557508,0.04218946166002414,10228.64970703125,TREND_UP,0.011433688376539962,LOW_VOLATILITY
2019-09-18,10198.248046875,10275.9287109375,10191.4697265625,-0.004201080893668663,0.008281715054075427,0.04153970731726422,10263.052099609375,TREND_DOWN,0.011337308724684239,LOW_VOLATILITY
2019-09-19,10266.4150390625,10295.6689453125,9851.6923828125,0.0066841865263698175,0.043245530285958775,0.03940847701901696,10296.46416015625,TREND_DOWN,0.01128811435638539,LOW_VOLATILITY
2019-09-20,10181.6416015625,10285.8720703125,10132.1865234375,-0.008257355384274523,0.01509437798826223,0.042855838680523686,10324.013037109375,TREND_DOWN,0.00921931342850924,LOW_VOLATILITY
2019-09-21,10019.716796875,10188.09765625,10000.7080078125,-0.015903604843314323,0.01870209031216771,0.04398325288906216,10337.100341796875,TREND_DOWN,0.01033531948962086,LOW_VOLATILITY
2019-09-22,10070.392578125,10074.4443359375,9922.533203125,0.005057606145695059,0.01508492659387309,0.042079758947463505,10323.28193359375,TREND_DOWN,0.006525333390303373,LOW_VOLATILITY
2019-09-23,9729.32421875,10074.23828125,9727.1435546875,-0.033868427345709606,0.03567511152455909,0.046482606004072904,10278.571142578125,TREND_DOWN,0.011696108966960895,LOW_VOLATILITY
2019-09-24,8620.56640625,9804.3173828125,8370.8017578125,-0.1139604136496184,0.16629018993005915,0.022839937826389694,10179.8748046875,TREND_DOWN,0.03576765041135302,HIGH_VOLATILITY
2019-09-25,8486.9931640625,8744.828125,8325.396484375,-0.015494717619790932,0.04942052297167506,0.022546137521977223,10075.447802734376,TREND_DOWN,0.0353119641469007,HIGH_VOLATILITY
2019-09-26,8118.9677734375,8515.685546875,7895.62939453125,-0.043363460239767226,0.0763713035507251,0.015209797582632552,9963.7310546875,TREND_DOWN,0.03579774249394342,HIGH_VOLATILITY
2019-09-27,8251.845703125,8271.5205078125,7965.9228515625,0.01636635757099958,0.03703385487858422,0.014173966433592021,9850.460595703125,TREND_DOWN,0.03748917063076995,HIGH_VOLATILITY
2019-09-28,8245.9150390625,8285.6171875,8125.431640625,-0.0007187075808087195,0.019426048669695235,0.01434976654445648,9740.692529296875,TREND_DOWN,0.03767510981927237,HIGH_VOLATILITY
2019-09-29,8104.185546875,8261.70703125,7990.4970703125,-0.017187842891431715,0.03346541850119404,0.014897354983255097,9629.153076171875,TREND_DOWN,0.03651040594526387,HIGH_VOLATILITY
2019-09-30,8293.8681640625,8314.2314453125,7830.7587890625,0.023405512631758718,0.05829278289530775,0.017541086127339307,9538.047705078125,TREND_DOWN,0.0391805728554523,HIGH_VOLATILITY
2019-10-01,8343.2763671875,8497.6923828125,8232.6796875,0.005957196587605074,0.03176362422258286,0.01729375412479093,9446.292919921874,TREND_DOWN,0.04000877712242909,HIGH_VOLATILITY
2019-10-02,8393.0419921875,8393.0419921875,8227.6953125,0.005964758065035269,0.019700447089554627,0.02475509709569476,9345.438671875,TREND_DOWN,0.04006629331469137,HIGH_VOLATILITY
2019-10-03,8259.9921875,8414.2275390625,8146.43701171875,-0.015852393543526522,0.03242019135913983,0.023405925309028495,9240.4109375,TREND_DOWN,0.039640796228632,HIGH_VOLATILITY
2019-10-04,8205.939453125,8260.0556640625,8151.23681640625,-0.006543920762636879,0.0132609859331596,0.027053476484677864,9132.80546875,TREND_DOWN,0.019356205600357685,LOW_VOLATILITY
2019-10-05,8151.50048828125,8215.5263671875,8071.12060546875,-0.006634092921928403,0.01771523683600957,0.026775114246101076,9022.994848632812,TREND_DOWN,0.019009225670741352,LOW_VOLATILITY
2019-10-06,7988.15576171875,8161.41015625,7958.8505859375,-0.02003860844973604,0.025357488806517316,0.02492782883193924,8908.562939453124,TREND_DOWN,0.014525861348748356,LOW_VOLATILITY
2019-10-07,8245.623046875,8308.4501953125,7905.76611328125,0.03223112979219778,0.04883610125542458,0.022178733195392843,8808.78046875,TREND_DOWN,0.01729904643499439,LOW_VOLATILITY
2019-10-08,8228.783203125,8332.71484375,8185.76318359375,-0.0020422766908295698,0.017858249090879314,0.023794600302450303,8710.3072265625,TREND_DOWN,0.0173107114378546,LOW_VOLATILITY
2019-10-09,8595.740234375,8627.7060546875,8169.298828125,0.0445943248463081,0.05332958117199676,0.013994972481909831,8626.773486328126,TREND_DOWN,0.021128246562930508,LOW_VOLATILITY
2019-10-10,8586.4736328125,8625.2724609375,8471.93359375,-0.0010780457889411066,0.017858188791441482,0.015076915601797466,8547.015087890624,TREND_UP,0.02030305993343736,LOW_VOLATILITY
2019-10-11,8321.7568359375,8721.7802734375,8316.181640625,-0.030829512579344187,0.04873954392189431,0.01212247293785159,8462.11708984375,TREND_DOWN,0.02299406413163777,LOW_VOLATILITY
2019-10-12,8336.5556640625,8415.2421875,8313.3408203125,0.0017783297946283305,0.012223437507504422,0.01213839831752661,8375.425244140624,TREND_DOWN,0.02291089729117572,LOW_VOLATILITY
2019-10-13,8321.005859375,8470.98828125,8276.6123046875,-0.0018652553061611066,0.023359673078886617,0.018122902584225498,8305.009326171876,TREND_UP,0.02228390189605275,LOW_VOLATILITY
2019-10-14,8374.6865234375,8390.208984375,8284.130859375,0.006451222961466829,0.012666518884393877,0.01789737883585281,8292.71533203125,TREND_UP,0.022176515270847522,LOW_VOLATILITY
2019-10-15,8205.369140625,8410.71484375,8182.70654296875,-0.020217757684260373,0.027787695699438415,0.01787388089031245,8278.634130859375,TREND_DOWN,0.02317514115141224,LOW_VOLATILITY
2019-10-16,8047.52685546875,8216.8125,7985.08984375,-0.019236463643636514,0.028794269396259467,0.03119056758611211,8275.062084960937,TREND_DOWN,0.02309587420114214,LOW_VOLATILITY
2019-10-17,8103.9111328125,8134.83154296875,8000.94287109375,0.007006410585064904,0.016521488165496864,0.030548394883946905,8267.665356445312,TREND_DOWN,0.020539280380651077,LOW_VOLATILITY
2019-10-18,7973.20751953125,8138.41357421875,7902.1640625,-0.016128460830725944,0.029630423031136565,0.06959830681949769,8254.02998046875,TREND_DOWN,0.021053839073803995,LOW_VOLATILITY
2019-10-19,7988.560546875,8082.62939453125,7944.77685546875,0.0019255772919670733,0.01725624263014765,0.07209146337673014,8248.24873046875,TREND_DOWN,0.013209459443185542,LOW_VOLATILITY
2019-10-20,8222.078125,8281.818359375,7949.439453125,0.029231496307097427,0.040425170035707975,0.07216187706505595,8244.659228515626,TREND_DOWN,0.017541990490422148,LOW_VOLATILITY
2019-10-21,8243.720703125,8296.6943359375,8196.416015625,0.002632251578733369,0.012164206421317362,0.0748661913969587,8239.6814453125,TREND_UP,0.014885858615058992,LOW_VOLATILITY
2019-10-22,8078.203125,8296.6513671875,8074.462890625,-0.020078018662405217,0.02750469047688127,0.07290632160283234,8223.939501953126,TREND_DOWN,0.01601969548216399,LOW_VOLATILITY
2019-10-23,7514.671875,8092.99951171875,7469.32275390625,-0.06975948008239763,0.0829945429669875,0.06456431574796752,8186.673486328125,TREND_DOWN,0.026458490103788115,HIGH_VOLATILITY
2019-10-24,7493.48876953125,7532.86767578125,7446.98876953125,-0.002818899590176671,0.011460470401875587,0.06438082785762303,8151.050952148437,TREND_DOWN,0.02598329404949133,HIGH_VOLATILITY
2019-10-25,8660.7001953125,8691.5400390625,7479.984375,0.15576341830619223,0.13989119086678928,0.03375963467663524,8176.5109375,TREND_UP,0.05832317310081216,HIGH_VOLATILITY
2019-10-26,9244.97265625,10021.744140625,8662.6220703125,0.0674624969992299,0.14701201624362564,0.022486554498009233,8239.351782226562,TREND_UP,0.06042017408498759,HIGH_VOLATILITY
2019-10-27,9551.71484375,9749.529296875,9112.5419921875,0.03317935043243514,0.06668826646393257,0.017734958374544176,8304.656372070312,TREND_UP,0.060576905677031084,HIGH_VOLATILITY
2019-10-28,9256.1484375,9805.1181640625,9256.1484375,-0.030943805493041765,0.059308656323879314,0.015311404846161914,8356.024633789062,TREND_UP,0.06167930092079934,HIGH_VOLATILITY
2019-10-29,9427.6875,9516.1806640625,9232.6484375,0.018532445072405368,0.030074419263737794,0.013856492618422462,8397.621997070313,TREND_UP,0.06146170274022303,HIGH_VOLATILITY
2019-10-30,9205.7265625,9426.8740234375,9085.3701171875,-0.02354351875791383,0.0370968987544268,0.009751104333851165,8428.584643554688,TREND_UP,0.06267451600514033,HIGH_VOLATILITY
2019-10-31,9199.5849609375,9383.1611328125,9028.7177734375,-0.000667150118005666,0.03852819022597296,0.010819007042878175,8472.476049804687,TREND_UP,0.06274405510169336,HIGH_VOLATILITY
2019-11-01,9261.1044921875,9275.6572265625,9132.0478515625,0.006687207250242189,0.01550672224043539,0.021668027016331387,8518.703491210938,TREND_UP,0.06175290053712101,HIGH_VOLATILITY
2019-11-02,9324.7177734375,9377.486328125,9249.587890625,0.006868865512063227,0.013716065258761288,0.021149154514043114,8568.889086914063,TREND_UP,0.054319930439687004,HIGH_VOLATILITY
2019-11-03,9235.3544921875,9379.806640625,9141.251953125,-0.009583483749455834,0.025830593476601413,0.024930329800346894,8611.922485351562,TREND_UP,0.05471856229328399,HIGH_VOLATILITY
2019-11-04,9412.6123046875,9505.0517578125,9191.4853515625,0.01919339562438549,0.03331343054402053,0.025134472997953794,8672.284643554687,TREND_UP,0.028479552138569345,HIGH_VOLATILITY
2019-11-05,9342.52734375,9457.41796875,9256.931640625,-0.007445856545328811,0.021459538810889554,0.02591910982788822,8737.03466796875,TREND_UP,0.019858049397874035,LOW_VOLATILITY
2019-11-06,9360.8798828125,9423.2373046875,9305.9091796875,0.001964408386214478,0.012533877847896118,0.0257612620373391,8799.88310546875,TREND_UP,0.01643600198316151,LOW_VOLATILITY
2019-11-07,9267.5615234375,9368.4765625,9202.353515625,-0.009968973060571096,0.017925216515140226,0.025781260365774942,8864.600805664062,TREND_UP,0.013369071123555327,LOW_VOLATILITY
2019-11-08,8804.880859375,9272.759765625,8775.5341796875,-0.049924746967407674,0.056471585916813276,0.020213623203520038,8905.416821289062,TREND_DOWN,0.019197432696998765,LOW_VOLATILITY
2019-11-09,8813.58203125,8891.818359375,8793.1630859375,0.0009882214210468199,0.011193550260007968,0.02062569530179407,8934.992016601562,TREND_DOWN,0.018346208782867142,LOW_VOLATILITY
2019-11-10,9055.5263671875,9103.826171875,8806.162109375,0.02745130584586919,0.032870984019060356,0.01593925485480982,8975.582299804688,TREND_UP,0.020920167157420178,LOW_VOLATILITY
2019-11-11,8757.7880859375,9081.279296875,8700.6083984375,-0.032879179981060824,0.04346655738893117,0.015533637413732185,9009.561547851563,TREND_DOWN,0.022875725295383433,LOW_VOLATILITY
2019-11-12,8815.662109375,8853.7685546875,8685.427734375,0.006608292284490114,0.019095652512983483,0.014293622182878265,9074.611059570312,TREND_DOWN,0.02286042457261374,LOW_VOLATILITY
2019-11-13,8808.2626953125,8836.841796875,8761.6513671875,-0.0008393486468396549,0.008536351865108899,0.014226819905150814,9140.349755859375,TREND_DOWN,0.02284814038587474,LOW_VOLATILITY
2019-11-14,8708.0947265625,8826.943359375,8692.5517578125,-0.011372046022572246,0.015432951269186614,0.019290710456767755,9142.719482421875,TREND_DOWN,0.021322035713262764,LOW_VOLATILITY
2019-11-15,8491.9921875,8730.873046875,8484.84375,-0.024816282533459022,0.028971917477402884,0.021828211696244725,9105.070458984375,TREND_DOWN,0.022009817256247437,LOW_VOLATILITY
2019-11-16,8550.7607421875,8591.9970703125,8473.9736328125,0.006920467352055093,0.013802682715433648,0.023422446610567662,9055.02275390625,TREND_DOWN,0.02234437319914914,LOW_VOLATILITY
2019-11-17,8577.9755859375,8727.7890625,8500.9677734375,0.0031827394743637605,0.02644228661997414,0.02277094911400364,9021.114111328125,TREND_DOWN,0.02265176172218828,LOW_VOLATILITY
2019-11-18,8309.2861328125,8653.2802734375,8273.5732421875,-0.031323177646423006,0.04569670910122793,0.027435597787118474,8965.19404296875,TREND_DOWN,0.01929252944344446,LOW_VOLATILITY
2019-11-19,8206.1455078125,8408.5166015625,8099.96337890625,-0.012412693864603863,0.037600262189172486,0.0298248574912989,8915.214990234375,TREND_DOWN,0.019248818598583177,LOW_VOLATILITY
2019-11-20,8027.26806640625,8237.240234375,8010.51171875,-0.021797985575073398,0.028244791845665213,0.03753956893154804,8856.599145507813,TREND_DOWN,0.01538149850557956,LOW_VOLATILITY
2019-11-21,7642.75,8110.09814453125,7597.3818359375,-0.04790148568918984,0.06708531727372347,0.03337793565250947,8775.681420898438,TREND_DOWN,0.01814614143649284,LOW_VOLATILITY
2019-11-22,7296.57763671875,7697.3828125,6936.70654296875,-0.045294215208040334,0.10425110338075207,0.030786823444065182,8674.2744140625,TREND_DOWN,0.01918808529184089,LOW_VOLATILITY
2019-11-23,7397.796875,7442.2587890625,7151.41796875,0.013872152579023078,0.03931451825818075,0.03318213095214736,8582.396533203126,TREND_DOWN,0.02116071499489297,LOW_VOLATILITY
2019-11-24,7047.9169921875,7408.5771484375,7029.2890625,-0.047295145936607,0.053815628980581724,0.027123767074200684,8464.161767578125,TREND_DOWN,0.02304653775679885,LOW_VOLATILITY
2019-11-25,7146.1337890625,7319.85693359375,6617.1669921875,0.013935577984796277,0.09833148414905842,0.028080056603775643,8354.34208984375,TREND_DOWN,0.025411619157569086,LOW_VOLATILITY
2019-11-26,7218.37109375,7320.23046875,7098.572265625,0.010108585540066883,0.030707510080345127,0.027965700266675754,8247.216650390625,TREND_DOWN,0.025760048802407204,LOW_VOLATILITY
2019-11-27,7531.66357421875,7619.693359375,6974.17431640625,0.04340210227484875,0.08570736552524638,0.021386676627355352,8160.4217529296875,TREND_DOWN,0.03164159509741808,HIGH_VOLATILITY
2019-11-28,7463.10595703125,7730.07275390625,7454.12158203125,-0.009102586236349741,0.036975379079941494,0.02443708173373007,8093.3330078125,TREND_DOWN,0.03094307407032726,HIGH_VOLATILITY
2019-11-29,7761.24365234375,7781.1796875,7460.75634765625,0.039948206152910615,0.04128505097852303,0.01852602155907138,8040.716088867188,TREND_DOWN,0.03473411859927356,HIGH_VOLATILITY
2019-11-30,7569.6298828125,7836.10205078125,7515.849609375,-0.02468853937775628,0.042307542953112,0.016096401910196907,7966.4212646484375,TREND_DOWN,0.03490095436822473,HIGH_VOLATILITY
2019-12-01,7424.29248046875,7571.6162109375,7291.341796875,-0.019200067188720915,0.03775099308113522,0.013748548268067231,7899.746484375,TREND_DOWN,0.032074090939297105,HIGH_VOLATILITY
2019-12-02,7321.98828125,7474.81884765625,7233.3994140625,-0.013779656376399996,0.03297184102465337,0.015521454284985947,7825.06279296875,TREND_DOWN,0.028773001609814514,HIGH_VOLATILITY
2019-12-03,7320.1455078125,7418.85888671875,7229.35693359375,-0.00025167664392733435,0.025887730363112607,0.017009604453623078,7750.65693359375,TREND_DOWN,0.028399900538840565,HIGH_VOLATILITY
2019-12-04,7252.03466796875,7539.78466796875,7170.9228515625,-0.00930457458407874,0.05086321746853506,0.016931921703173813,7677.853930664062,TREND_DOWN,0.023610281062502052,LOW_VOLATILITY
2019-12-05,7448.3076171875,7743.431640625,7232.6767578125,0.02706453543109233,0.06857327987285283,0.012213879070145931,7625.669702148438,TREND_DOWN,0.02462267179929776,LOW_VOLATILITY
2019-12-06,7546.99658203125,7546.99658203125,7392.17529296875,0.013249850827323328,0.0205142916628737,0.010365992582696585,7575.481494140625,TREND_DOWN,0.024723145949070185,LOW_VOLATILITY
2019-12-07,7556.23779296875,7589.95166015625,7525.71142578125,0.0012244885547587625,0.008501616298361731,0.011204154656336458,7524.394604492188,TREND_UP,0.020656676736565058,LOW_VOLATILITY
2019-12-08,7564.34521484375,7634.6064453125,7476.09130859375,0.0010729442478032425,0.02095556617480794,0.01163749415874649,7487.14755859375,TREND_UP,0.02037897480629649,LOW_VOLATILITY
2019-12-09,7400.8994140625,7618.091796875,7365.9853515625,-0.021607395767781146,0.03406429829778132,0.013747711547463298,7446.88525390625,TREND_DOWN,0.016393196469036697,LOW_VOLATILITY
2019-12-10,7278.11962890625,7424.02294921875,7246.0439453125,-0.01658984648851669,0.024453981657484317,0.018569568467265162,7409.42783203125,TREND_DOWN,0.015465505077689172,LOW_VOLATILITY
2019-12-11,7217.42724609375,7324.15625,7195.52734375,-0.008339019679128423,0.017821988620615074,0.0452956018688725,7388.161694335938,TREND_DOWN,0.01462321108742353,LOW_VOLATILITY
2019-12-12,7243.13427734375,7266.6396484375,7164.7412109375,0.0035617998454939848,0.014068279504182941,0.045514189433602116,7385.489526367188,TREND_DOWN,0.014188518188030852,LOW_VOLATILITY
2019-12-13,7269.6845703125,7293.560546875,7227.12255859375,0.0036655806660659263,0.009139046906184273,0.0454983441902409,7379.083911132812,TREND_DOWN,0.01426509359535769,LOW_VOLATILITY
2019-12-14,7124.673828125,7308.83642578125,7097.208984375,-0.01994732244362929,0.02970345681943225,0.04473085207549758,7382.9217529296875,TREND_DOWN,0.015342949999135845,LOW_VOLATILITY
2019-12-15,7152.3017578125,7181.07568359375,6924.3759765625,0.003877781685729609,0.03589050290710336,0.04754642837931795,7383.230151367187,TREND_DOWN,0.011880211088238779,LOW_VOLATILITY
2019-12-16,6932.48046875,7171.1689453125,6903.6826171875,-0.030734342104957735,0.03858450511772313,0.04632749953241489,7368.935620117188,TREND_DOWN,0.012890336422823721,LOW_VOLATILITY
2019-12-17,6640.51513671875,6964.0751953125,6587.97412109375,-0.04211556503438585,0.056637334073541656,0.041262292606110355,7324.378198242188,TREND_DOWN,0.016170343869266565,LOW_VOLATILITY
2019-12-18,7276.802734375,7324.98486328125,6540.04931640625,0.0958190117115909,0.10786819095246748,0.020822370523630805,7315.063037109375,TREND_DOWN,0.03807195642202138,HIGH_VOLATILITY
2019-12-19,7202.84423828125,7346.6025390625,7041.3818359375,-0.010163597776861044,0.04237502478574104,0.020483607203743287,7287.14306640625,TREND_DOWN,0.037627952147912924,HIGH_VOLATILITY
2019-12-20,7218.81640625,7257.921875,7086.1240234375,0.0022174806840695727,0.023798617653409033,0.0206172887165162,7269.602392578125,TREND_DOWN,0.03729156708591051,HIGH_VOLATILITY
2019-12-21,7191.15869140625,7223.22607421875,7112.73583984375,-0.0038313365082680573,0.015364733155873847,0.02048484595417001,7257.945703125,TREND_DOWN,0.03720962008306478,HIGH_VOLATILITY
2019-12-22,7511.5888671875,7518.033203125,7167.17919921875,0.0445589076158448,0.04670836092199722,0.011314189190245807,7267.425732421875,TREND_UP,0.039786194591798926,HIGH_VOLATILITY
2019-12-23,7355.62841796875,7656.17626953125,7326.1923828125,-0.020762644491902904,0.04486141332433902,0.010419471290415613,7269.199877929687,TREND_UP,0.04057397184386923,HIGH_VOLATILITY
2019-12-24,7322.5322265625,7535.716796875,7269.52880859375,-0.004499437644974069,0.03635190396508636,0.011427653747630185,7272.724755859375,TREND_UP,0.0399392044964471,HIGH_VOLATILITY
2019-12-25,7275.15576171875,7357.02001953125,7220.9912109375,-0.006469956481979233,0.018697717691423463,0.011338256747890855,7264.067163085938,TREND_UP,0.040060369288858935,HIGH_VOLATILITY
2019-12-26,7238.966796875,7388.302734375,7200.38671875,-0.004974321654276248,0.025958955317507706,0.0156889517836064,7248.665673828125,TREND_DOWN,0.03849031826440453,HIGH_VOLATILITY
2019-12-27,7290.08837890625,7363.529296875,7189.93408203125,0.007061999794407026,0.023812497986450326,0.026565214965875203,7235.358203125,TREND_UP,0.03476628580141617,HIGH_VOLATILITY
2019-12-28,7317.990234375,7399.041015625,7286.9052734375,0.003827368615925586,0.01532329759894481,0.026714588884524302,7223.040454101562,TREND_UP,0.01727553859665199,LOW_VOLATILITY
2019-12-29,7422.65283203125,7513.9482421875,7279.865234375,0.014302095835631912,0.03153630017590919,0.02616720691981526,7224.128125,TREND_UP,0.017299050179225332,LOW_VOLATILITY
2019-12-30,7292.9951171875,7454.82421875,7276.30810546875,-0.017467840376992116,0.0244777502812992,0.030299150697682145,7224.871899414063,TREND_UP,0.018494785498437537,LOW_VOLATILITY
2019-12-31,7193.59912109375,7335.2900390625,7169.77783203125,-0.013628967865274233,0.023008261128413383,0.031856006624343805,7223.680493164063,TREND_DOWN,0.019040886987585017,LOW_VOLATILITY
2020-01-01,7200.17431640625,7254.33056640625,7174.9443359375,0.0009140341575637478,0.011025598406397089,0.03314871515383427,7221.532495117188,TREND_DOWN,0.011079747273496865,LOW_VOLATILITY
2020-01-02,6985.47021484375,7212.1552734375,6935.27001953125,-0.029819292162590716,0.0396373107880245,0.03201112854312249,7207.32177734375,TREND_DOWN,0.012820207432454244,LOW_VOLATILITY
2020-01-03,7344.88427734375,7413.71533203125,6914.99609375,0.05145166344511276,0.0679002172736219,0.02981154592123495,7218.332299804688,TREND_UP,0.022012995205689268,LOW_VOLATILITY
2020-01-04,7410.65673828125,7427.3857421875,7309.51416015625,0.008954866877941559,0.01590568639110761,0.032115630922419834,7231.250048828125,TREND_UP,0.022009221589481483,LOW_VOLATILITY
2020-01-05,7411.3173828125,7544.4970703125,7400.53564453125,8.914790612779555e-05,0.019424539301893785,0.031735953888337526,7255.19189453125,TREND_UP,0.021887259963211173,LOW_VOLATILITY
2020-01-06,7769.21923828125,7781.8671875,7409.29296875,0.04829126010697582,0.047955168637051224,0.02867944286931118,7311.627099609375,TREND_UP,0.02627179047004314,HIGH_VOLATILITY
2020-01-07,8163.6923828125,8178.2158203125,7768.2275390625,0.050773846435889336,0.05022093704965811,0.03823982301866248,7355.97158203125,TREND_UP,0.02967700539076828,HIGH_VOLATILITY
2020-01-08,8079.86279296875,8396.73828125,7956.7744140625,-0.010268587535248286,0.05445189831321949,0.037588404890712405,7399.822509765625,TREND_UP,0.030416683179574293,HIGH_VOLATILITY
2020-01-09,7879.0712890625,8082.2958984375,7842.40380859375,-0.024850855645838776,0.0304467469632825,0.03539212375805756,7432.83525390625,TREND_UP,0.031207916211468217,HIGH_VOLATILITY
2020-01-10,8166.55419921875,8166.55419921875,7726.77490234375,0.03648690303834745,0.05385126776199824,0.03441686111638132,7481.605029296875,TREND_UP,0.03133833700732755,HIGH_VOLATILITY
2020-01-11,8037.53759765625,8218.359375,8029.64208984375,-0.015798168776598898,0.023479490187551976,0.03254480495290844,7507.9024658203125,TREND_UP,0.03249088451980341,HIGH_VOLATILITY
2020-01-12,8192.494140625,8200.0634765625,8009.05908203125,0.019279106453440997,0.023314559797375504,0.03612302465682326,7549.745751953125,TREND_UP,0.02907849857300678,HIGH_VOLATILITY
2020-01-13,8144.1943359375,8197.7880859375,8079.70068359375,-0.005895616628883604,0.014499580618143076,0.036101309383538484,7590.828857421875,TREND_UP,0.026986270520004536,HIGH_VOLATILITY
2020-01-14,8827.7646484375,8879.51171875,8140.93310546875,0.08393344808628167,0.08366541731625993,0.015679580961206308,7668.459301757813,TREND_UP,0.03551418271603698,HIGH_VOLATILITY
2020-01-15,8807.0107421875,8890.1171875,8657.1875,-0.002350980919464507,0.02644821203455743,0.015857142609362194,7746.861499023437,TREND_UP,0.03566055828249357,HIGH_VOLATILITY
2020-01-16,8723.7861328125,8846.4609375,8612.095703125,-0.009449813541879348,0.026865082523457273,0.019415263870459148,7818.54638671875,TREND_UP,0.034869585965187536,HIGH_VOLATILITY
2020-01-17,8929.0380859375,8958.1220703125,8677.31640625,0.02352785247141642,0.03144859069475197,0.015733222427615063,7899.098779296875,TREND_UP,0.03250362307412969,HIGH_VOLATILITY
2020-01-18,8942.80859375,9012.1982421875,8827.33203125,0.0015422162701026476,0.02067205274489497,0.015182622080130461,7975.1065673828125,TREND_UP,0.031916319153681205,HIGH_VOLATILITY
2020-01-19,8706.2451171875,9164.3623046875,8620.080078125,-0.026452928527155417,0.06251629941913778,0.01836927926262517,8045.769067382813,TREND_UP,0.0321176628844241,HIGH_VOLATILITY
2020-01-20,8657.642578125,8745.5908203125,8560.4736328125,-0.005582491465413786,0.021381939232248962,0.02311732398495875,8118.971240234375,TREND_UP,0.031071145795874673,HIGH_VOLATILITY
2020-01-21,8745.89453125,8755.7060546875,8544.5205078125,0.010193531591149663,0.02414682067344991,0.029041176331572716,8196.257250976563,TREND_UP,0.030091166170244724,HIGH_VOLATILITY
2020-01-22,8680.8759765625,8792.994140625,8636.7470703125,-0.007434180055016837,0.017998998111982193,0.028764738021979992,8281.0275390625,TREND_UP,0.030250175688534237,HIGH_VOLATILITY
2020-01-23,8406.515625,8687.7470703125,8333.6376953125,-0.03160514587505292,0.04212320428536645,0.022002372757018964,8334.109106445312,TREND_UP,0.03240823776802102,HIGH_VOLATILITY
2020-01-24,8445.4345703125,8514.6669921875,8266.8408203125,0.004629616722148233,0.029344395461443955,0.02536788231791885,8385.847998046875,TREND_UP,0.01624955282500905,LOW_VOLATILITY
2020-01-25,8367.84765625,8458.453125,8296.21875,-0.00918684685986848,0.019387826077214263,0.0236681696337697,8433.67451171875,TREND_DOWN,0.016302234205181315,LOW_VOLATILITY
2020-01-26,8596.830078125,8602.4013671875,8325.498046875,0.027364554337216074,0.03220993293994402,0.02444735730272366,8475.055053710938,TREND_UP,0.019098169429316022,LOW_VOLATILITY
2020-01-27,8909.8193359375,8977.7265625,8597.30859375,0.036407519395889265,0.04269648512575278,0.022597616838612847,8512.361401367187,TREND_UP,0.02126947918247976,LOW_VOLATILITY
2020-01-28,9358.58984375,9358.58984375,8908.447265625,0.05036808165148732,0.04809940232882642,0.01223179260149984,8576.29775390625,TREND_UP,0.026601791496265747,HIGH_VOLATILITY
2020-01-29,9316.6298828125,9406.431640625,9269.4677734375,-0.004483577295090302,0.01470100979756356,0.02232964580451993,8648.17568359375,TREND_UP,0.024556032517713742,LOW_VOLATILITY
2020-01-30,9508.9931640625,9553.1259765625,9230.8974609375,0.02064730312029206,0.0338867123012354,0.021532072321601647,8715.297631835938,TREND_UP,0.024455396612385893,LOW_VOLATILITY
2020-01-31,9350.529296875,9521.7060546875,9230.7763671875,-0.016664631518128026,0.03111371327366787,0.019614464170007208,8780.947216796874,TREND_UP,0.025830170514149153,HIGH_VOLATILITY
2020-02-01,9392.875,9439.3232421875,9313.2392578125,0.00452869583961979,0.01342336445177861,0.0195882517481565,8840.966259765624,TREND_UP,0.025359915838080675,LOW_VOLATILITY
2020-02-02,9344.365234375,9468.7978515625,9217.82421875,-0.0051645279666768795,0.02685828587791565,0.019791739247261138,8900.9748046875,TREND_UP,0.021889492333661425,LOW_VOLATILITY
2020-02-03,9293.521484375,9540.3720703125,9248.6337890625,-0.005441113304621492,0.03139157549057087,0.02377641382592023,8924.262646484374,TREND_UP,0.02243213401822152,LOW_VOLATILITY
2020-02-04,9180.962890625,9331.265625,9112.8115234375,-0.012111511652417528,0.02379424730989503,0.02367211049773401,8942.96025390625,TREND_UP,0.02272488594204346,LOW_VOLATILITY
2020-02-05,9613.423828125,9701.2998046875,9163.7041015625,0.047104093835473426,0.05592135671291344,0.019143160022291036,8987.442138671875,TREND_UP,0.025170452058741962,LOW_VOLATILITY
2020-02-06,9729.8017578125,9824.619140625,9539.818359375,0.012105773319493585,0.029270974716552732,0.020704315084090166,9027.480322265625,TREND_UP,0.0236262917217613,LOW_VOLATILITY
2020-02-07,9795.943359375,9834.716796875,9726.0029296875,0.006797836503646293,0.011097845628461877,0.020722925622649272,9070.137060546875,TREND_UP,0.018664442859320663,LOW_VOLATILITY
2020-02-08,9865.119140625,9876.7490234375,9678.91015625,0.007061676319697785,0.020054381945859196,0.02769567680208122,9128.08076171875,TREND_UP,0.01838606934912642,LOW_VOLATILITY
2020-02-09,10116.673828125,10129.435546875,9850.392578125,0.02549940694219166,0.027582481504369816,0.02562118712909946,9201.03232421875,TREND_UP,0.018876380884719605,LOW_VOLATILITY
2020-02-10,9856.611328125,10165.765625,9784.5634765625,-0.025706324471686526,0.03867476719405301,0.0254542742362905,9256.5681640625,TREND_UP,0.02026767899585215,LOW_VOLATILITY
2020-02-11,10208.236328125,10210.052734375,9729.3349609375,0.03567402510806805,0.04709116814949326,0.028340947895760197,9332.936181640625,TREND_UP,0.022389395195264526,LOW_VOLATILITY
2020-02-12,10326.0546875,10393.611328125,10202.3876953125,0.011541499979814906,0.018518557048122355,0.03312842887988836,9428.913134765626,TREND_UP,0.021866894942995405,LOW_VOLATILITY
2020-02-13,10214.3798828125,10457.626953125,10116.1611328125,-0.010814856987217514,0.03342991197018985,0.03321570586945285,9517.360400390626,TREND_UP,0.022355974989223946,LOW_VOLATILITY
2020-02-14,10312.1162109375,10321.99609375,10125.5341796875,0.009568503349817403,0.019051561293900426,0.03309018972399504,9614.573828125,TREND_UP,0.021015132339532058,LOW_VOLATILITY
2020-02-15,9889.4248046875,10341.5556640625,9874.427734375,-0.0409897830477971,0.047235095964942825,0.029814276224655677,9679.203564453124,TREND_UP,0.022982368832449872,LOW_VOLATILITY
2020-02-16,9934.43359375,10053.96875,9722.38671875,0.004551203932625647,0.03337704441032315,0.031893180323602194,9730.43427734375,TREND_UP,0.022775723322342366,LOW_VOLATILITY
2020-02-17,9690.142578125,9938.8154296875,9507.6376953125,-0.024590331529186438,0.04449653149050269,0.03230829129800676,9747.0119140625,TREND_DOWN,0.02420764302586737,LOW_VOLATILITY
2020-02-18,10141.99609375,10161.935546875,9632.3828125,0.0466302236506857,0.05221385706323991,0.026475323713191008,9788.280224609374,TREND_UP,0.028493596064888483,HIGH_VOLATILITY
2020-02-19,9633.38671875,10191.67578125,9611.2236328125,-0.05014884351152826,0.06025421436759447,0.027900234902916612,9794.49990234375,TREND_DOWN,0.03175235059550458,HIGH_VOLATILITY
2020-02-20,9608.4755859375,9643.216796875,9507.900390625,-0.0025859164113087862,0.014083025453906814,0.02782001896686553,9807.397216796875,TREND_DOWN,0.030860075654844256,HIGH_VOLATILITY
2020-02-21,9686.44140625,9723.0146484375,9589.7431640625,0.008114275736580634,0.013758559907151144,0.026335139859820025,9822.075537109375,TREND_DOWN,0.028228617126923816,HIGH_VOLATILITY
2020-02-22,9663.181640625,9698.2314453125,9600.728515625,-0.002401270461409255,0.01009014766705696,0.025936800319752637,9838.016357421875,TREND_DOWN,0.027666553491167756,HIGH_VOLATILITY
2020-02-23,9924.515625,9937.404296875,9657.791015625,0.02704430011708836,0.0281739977864159,0.018997229595779055,9869.566064453125,TREND_UP,0.029504326439349665,HIGH_VOLATILITY
2020-02-24,9650.1748046875,9951.74609375,9537.04296875,-0.027642741538078885,0.042973638653525846,0.028115858987725204,9893.02666015625,TREND_DOWN,0.03015519140249949,HIGH_VOLATILITY
2020-02-25,9341.705078125,9652.7373046875,9305.021484375,-0.031965195740564556,0.037221879453969126,0.026650759502709537,9879.44072265625,TREND_DOWN,0.029115528862507498,HIGH_VOLATILITY
2020-02-26,8820.5224609375,9354.7783203125,8704.4267578125,-0.05579095174048332,0.07373163725619906,0.016576543272187827,9833.9767578125,TREND_DOWN,0.03285941002274899,HIGH_VOLATILITY
2020-02-27,8784.494140625,8932.892578125,8577.19921875,-0.0040846016176541156,0.04049104634608967,0.021734701262708572,9783.404296875,TREND_DOWN,0.03257884085918183,HIGH_VOLATILITY
2020-02-28,8672.455078125,8890.4560546875,8492.9326171875,-0.012754184897438958,0.04583747438515937,0.020322296980105434,9723.77109375,TREND_DOWN,0.026003266939842683,HIGH_VOLATILITY
2020-02-29,8599.5087890625,8775.6318359375,8599.5087890625,-0.008411261679117432,0.020480593856594054,0.022876016332268,9647.912841796875,TREND_DOWN,0.022943862788974655,LOW_VOLATILITY
2020-03-01,8562.4541015625,8726.796875,8471.212890625,-0.0043089307085921735,0.029849384457238764,0.04297225955413005,9583.20498046875,TREND_DOWN,0.022879636070399487,LOW_VOLATILITY
2020-03-02,8869.669921875,8921.30859375,8532.630859375,0.03587941221856461,0.04382099196458437,0.038740856901445735,9516.27666015625,TREND_DOWN,0.02683023372751502,HIGH_VOLATILITY
2020-03-03,8787.7861328125,8901.5986328125,8704.990234375,-0.009231886844013548,0.02237291571120384,0.03903841938506971,9439.363232421874,TREND_DOWN,0.026746130932708473,HIGH_VOLATILITY
2020-03-04,8755.24609375,8843.3662109375,8712.431640625,-0.0037028710724991143,0.014954984578442479,0.039242352265449795,9366.40654296875,TREND_DOWN,0.023722336835626825,LOW_VOLATILITY
2020-03-05,9078.7626953125,9142.0546875,8757.25390625,0.03695117168590434,0.042384716305965166,0.13600777856740182,9304.7388671875,TREND_DOWN,0.02753792564142964,HIGH_VOLATILITY
2020-03-06,9122.5458984375,9167.6953125,9032.0791015625,0.004822595830994203,0.014866048628018215,0.1526536906007824,9266.394921875,TREND_DOWN,0.026063280938838113,HIGH_VOLATILITY
2020-03-07,8909.9541015625,9163.220703125,8890.744140625,-0.02330399860322019,0.03058114097941503,0.15199143866021728,9215.170947265626,TREND_DOWN,0.0199237667514965,LOW_VOLATILITY
2020-03-08,8108.1162109375,8914.34375,8105.2529296875,-0.08999349283790192,0.09978776811573954,0.15558229762304884,9136.06962890625,TREND_DOWN,0.03515112922637379,HIGH_VOLATILITY
2020-03-09,7923.64453125,8177.79345703125,7690.09814453125,-0.022751484424786028,0.06154936791732419,0.15555413507197305,9025.15205078125,TREND_DOWN,0.03546095863590979,HIGH_VOLATILITY
2020-03-10,7909.7294921875,8136.9453125,7814.76318359375,-0.0017561412564156553,0.0407323827223765,0.15868963335970004,8938.969189453124,TREND_DOWN,0.03552322479812219,HIGH_VOLATILITY
2020-03-11,7911.43017578125,7950.814453125,7642.8125,0.00021501160000858555,0.03893126100864373,0.15879587854063668,8854.116918945312,TREND_DOWN,0.03560049143022245,HIGH_VOLATILITY
2020-03-12,4970.7880859375,7929.1162109375,4860.35400390625,-0.37169538560117077,0.6173592907154632,0.09209582610833707,8618.334252929688,TREND_DOWN,0.11819232370002201,HIGH_VOLATILITY
2020-03-13,5563.70703125,5838.11474609375,4106.98095703125,0.11928067241286833,0.3111475459327997,0.08466831687833389,8413.360522460938,TREND_DOWN,0.12934218745795828,HIGH_VOLATILITY
2020-03-14,5200.3662109375,5625.2265625,5125.0693359375,-0.06530552710121185,0.09617730872694324,0.0773032214466318,8177.153051757812,TREND_DOWN,0.12914256210734912,HIGH_VOLATILITY
2020-03-15,5392.31494140625,5836.64501953125,5169.283203125,0.036910617960911996,0.12376165406841207,0.08335969930987593,7964.26005859375,TREND_DOWN,0.12913983054725145,HIGH_VOLATILITY
2020-03-16,5014.47998046875,5385.2294921875,4575.35791015625,-0.07006915676163483,0.16150659394108177,0.0795332453489886,7747.8988037109375,TREND_DOWN,0.128333208264966,HIGH_VOLATILITY
2020-03-17,5225.62939453125,5371.3486328125,4981.9091796875,0.04210793838741411,0.07452488948652922,0.07964302991490364,7568.154150390625,TREND_DOWN,0.13140995237419648,HIGH_VOLATILITY
2020-03-18,5238.4384765625,5331.833984375,5069.3359375,0.0024512036855608432,0.05010997992043863,0.08054308777930848,7390.8513671875,TREND_DOWN,0.13093324504779716,HIGH_VOLATILITY
2020-03-19,6191.19287109375,6329.73583984375,5236.96875,0.18187755736638023,0.1765034804432929,0.04970334402964089,7266.788256835937,TREND_DOWN,0.1476469952712477,HIGH_VOLATILITY
2020-03-20,6198.7783203125,6844.26171875,5865.78173828125,0.001225199953657663,0.1578504553489859,0.05311950512281813,7146.751733398438,TREND_DOWN,0.14767432822248514,HIGH_VOLATILITY
2020-03-21,6185.06640625,6378.13525390625,5932.8232421875,-0.00221203491300348,0.07199793542535984,0.05551208502284008,7027.882348632813,TREND_DOWN,0.1476534668688966,HIGH_VOLATILITY
2020-03-22,5830.2548828125,6359.697265625,5823.7138671875,-0.05736583896317804,0.09193138365486742,0.054455331096839046,6875.911596679687,TREND_DOWN,0.08120768483911855,HIGH_VOLATILITY
2020-03-23,6416.31494140625,6443.9345703125,5785.00439453125,0.10052048673231173,0.10269604621945719,0.0501860536651459,6757.338037109375,TREND_DOWN,0.07881218875256366,HIGH_VOLATILITY
2020-03-24,6734.8037109375,6789.02294921875,6411.06640625,0.04963733427047878,0.056119904779843625,0.045548825418673375,6656.31591796875,TREND_UP,0.07368765226094344,HIGH_VOLATILITY
2020-03-25,6681.06298828125,6892.51123046875,6536.92626953125,-0.007979552925792555,0.05322281223230567,0.04704230740553944,6536.430932617188,TREND_UP,0.07448197794252165,HIGH_VOLATILITY
2020-03-26,6716.4404296875,6735.4638671875,6590.962890625,0.005295181540467819,0.02151451770848555,0.048312911779918644,6416.125659179687,TREND_UP,0.0673779224055115,HIGH_VOLATILITY
2020-03-27,6469.79833984375,6793.83642578125,6466.70166015625,-0.03672214358569481,0.05056336356117408,0.04560386251876399,6294.11787109375,TREND_UP,0.0705432596571166,HIGH_VOLATILITY
2020-03-28,6242.19384765625,6467.5009765625,6117.837890625,-0.035179534234601295,0.0560160569298545,0.04178686719707355,6200.821752929687,TREND_UP,0.07276964616849416,HIGH_VOLATILITY
2020-03-29,5922.04296875,6250.46728515625,5920.0859375,-0.051288198783903005,0.05578840771666767,0.03310964976158,6100.741674804687,TREND_DOWN,0.048370909004697614,HIGH_VOLATILITY
2020-03-30,6429.841796875,6517.19580078125,5903.234375,0.08574723804008189,0.09548624136905584,0.028305431370420662,6026.747290039062,TREND_UP,0.05604592534970153,HIGH_VOLATILITY
2020-03-31,6438.64453125,6504.51513671875,6374.162109375,0.0013690436954885143,0.020245414498514525,0.030195731168892292,5953.1080078125,TREND_UP,0.05600582838490065,HIGH_VOLATILITY
2020-04-01,6606.7763671875,6612.57373046875,6202.37353515625,0.026112924097839496,0.062087797817670334,0.03000452206485562,6034.907421875,TREND_UP,0.05166334580110365,HIGH_VOLATILITY
2020-04-02,6793.62451171875,7088.24755859375,6595.91845703125,0.028281287899985408,0.07246928362220352,0.030206273738606782,6096.403295898437,TREND_UP,0.04240320624209297,HIGH_VOLATILITY
2020-04-03,6733.38720703125,7003.220703125,6673.3359375,-0.008866740365705117,0.048992394983689964,0.040196362608168924,6173.054345703125,TREND_UP,0.03974714892948131,HIGH_VOLATILITY
2020-04-04,6867.52734375,6878.95361328125,6696.48486328125,0.01992164308903499,0.02656978863958382,0.039541129347598646,6246.814965820313,TREND_UP,0.0400501048652684,HIGH_VOLATILITY
2020-04-05,6791.12939453125,6883.4140625,6715.92919921875,-0.011124520572645125,0.024662298941928857,0.039558827272492644,6335.647436523437,TREND_UP,0.04030261910972543,HIGH_VOLATILITY
2020-04-06,7271.78125,7271.78125,6782.8896484375,0.0707764242948763,0.06723134054156263,0.026965933851422354,6437.955029296875,TREND_UP,0.043116780574182396,HIGH_VOLATILITY
2020-04-07,7176.41455078125,7427.939453125,7136.71435546875,-0.013114627068677276,0.04058086327030065,0.027015142611524854,6534.853833007813,TREND_UP,0.040909504736392856,HIGH_VOLATILITY
2020-04-08,7334.0986328125,7356.2236328125,7153.3056640625,0.02197254365887824,0.02766774472355091,0.024884479665817888,6591.99912109375,TREND_UP,0.03368495918131547,HIGH_VOLATILITY
2020-04-09,7302.08935546875,7341.4482421875,7179.09423828125,-0.004364445986660415,0.022233910871640908,0.0409740246298369,6647.1646728515625,TREND_UP,0.02592902339679878,HIGH_VOLATILITY
2020-04-10,6865.4931640625,7303.8154296875,6802.47509765625,-0.05979058460566089,0.07302320751778205,0.032609393668180234,6681.186010742187,TREND_UP,0.03472391778805595,HIGH_VOLATILITY
2020-04-11,6859.0830078125,6926.06982421875,6789.9208984375,-0.0009336774645052337,0.019849435504159418,0.03309538133208347,6732.627416992187,TREND_UP,0.03411611049898366,HIGH_VOLATILITY
2020-04-12,6971.091796875,7119.947265625,6811.078125,0.016329994685138294,0.04430714006139753,0.033514882478989226,6760.366259765625,TREND_UP,0.03338318957058448,HIGH_VOLATILITY
2020-04-13,6845.03759765625,6965.61669921875,6668.259765625,-0.018082418492216368,0.04344124182686234,0.03740660235647998,6765.877954101563,TREND_UP,0.03387325668907744,HIGH_VOLATILITY
2020-04-14,6842.427734375,6958.55712890625,6793.8212890625,-0.0003812781513637953,0.024075641897706834,0.03740552899590153,6773.94619140625,TREND_UP,0.03329380936323989,HIGH_VOLATILITY
2020-04-15,6642.10986328125,6928.66455078125,6633.40283203125,-0.029275847531044064,0.04445300135462357,0.03644184520686825,6770.229663085937,TREND_DOWN,0.034450200034805784,HIGH_VOLATILITY
2020-04-16,7116.80419921875,7134.45068359375,6555.50439453125,0.07146740203164859,0.08134919450587864,0.02960174340678464,6802.5799560546875,TREND_UP,0.034612002786924126,HIGH_VOLATILITY
2020-04-17,7096.1845703125,7167.18310546875,7050.33203125,-0.002897315751431484,0.01646674675114942,0.029470887062296138,6845.2794921875,TREND_UP,0.0343849564539127,HIGH_VOLATILITY
2020-04-18,7257.6650390625,7269.95654296875,7089.2470703125,0.02275595669052466,0.024899119990193556,0.02891657752687234,6912.060595703125,TREND_UP,0.034442931435370965,HIGH_VOLATILITY
2020-04-19,7189.4248046875,7280.52197265625,7167.0546875,-0.009402505352301915,0.015782526174036818,0.028141728213130737,6950.03974609375,TREND_UP,0.03454216209833795,HIGH_VOLATILITY
2020-04-20,6881.95849609375,7240.29052734375,6835.5029296875,-0.04276646838190479,0.05881866301373517,0.01600502303379076,6972.2054443359375,TREND_DOWN,0.031619768073073776,HIGH_VOLATILITY
2020-04-21,6880.3232421875,6934.5517578125,6834.4423828125,-0.00023761461322069355,0.014550097644565267,0.015689334594750953,6985.882788085937,TREND_DOWN,0.031616583695559204,HIGH_VOLATILITY
2020-04-22,7117.20751953125,7145.86572265625,6867.78173828125,0.034429236680519004,0.03907206353220329,0.04447022734848455,7002.061938476562,TREND_UP,0.03309118029363819,HIGH_VOLATILITY
2020-04-23,7429.724609375,7491.78515625,7081.5947265625,0.043910071328696176,0.05520937198263205,0.04739996835684013,7036.87880859375,TREND_UP,0.03456802405986814,HIGH_VOLATILITY
2020-04-24,7550.90087890625,7574.19580078125,7434.181640625,0.016309658285092787,0.01854270932722548,0.04730812720913154,7071.0474853515625,TREND_UP,0.03448043690148404,HIGH_VOLATILITY
2020-04-25,7569.93603515625,7641.36376953125,7521.67236328125,0.002520911948821203,0.01581141580247573,0.046631858062659896,7109.987817382813,TREND_UP,0.03177183928331623,HIGH_VOLATILITY
2020-04-26,7679.8671875,7700.59423828125,7561.40771484375,0.014522071498782596,0.01812355865529087,0.04851161851970811,7130.392114257813,TREND_UP,0.02452663471034429,LOW_VOLATILITY
2020-04-27,7795.60107421875,7795.60107421875,7679.4189453125,0.015069777105927384,0.014903549809710266,0.04909779602988725,7161.3514404296875,TREND_UP,0.024303696255257256,LOW_VOLATILITY
2020-04-28,7807.05859375,7814.52734375,7730.806640625,0.001469741643032707,0.010723719070332486,0.048651362099004884,7184.999438476562,TREND_UP,0.023964020893942978,LOW_VOLATILITY
2020-04-29,8801.0380859375,8871.75390625,7786.04931640625,0.1273180520232342,0.12336096938138623,0.01685918150506542,7259.946875,TREND_UP,0.04390309136749333,HIGH_VOLATILITY
2020-04-30,8658.5537109375,9440.650390625,8533.255859375,-0.01618949646720247,0.10479747097991408,0.026957025601863426,7349.59990234375,TREND_UP,0.04024931399592049,HIGH_VOLATILITY
2020-05-01,8864.7666015625,9048.0234375,8667.763671875,0.023816089558295506,0.042895631968243315,0.029316312304453872,7449.88408203125,TREND_UP,0.03935451569109737,HIGH_VOLATILITY
2020-05-02,8988.5966796875,9007.1875,8811.3662109375,0.013968791699848548,0.02178552404125757,0.03314201477692867,7550.759326171875,TREND_UP,0.03941775269585815,HIGH_VOLATILITY
2020-05-03,8897.46875,9167.78125,8830.9716796875,-0.010138170944239966,0.037854538158675746,0.049616594851325004,7653.380883789063,TREND_UP,0.040124903596009884,HIGH_VOLATILITY
2020-05-04,8912.654296875,8956.90625,8645.0244140625,0.0017067266322232655,0.03499314856707206,0.04996546691007172,7756.8922119140625,TREND_UP,0.04049235031303733,HIGH_VOLATILITY
2020-05-05,9003.0703125,9062.4150390625,8856.8271484375,0.010144678859214995,0.022835308787887466,0.05084716871763799,7874.940234375,TREND_UP,0.04025200589588934,HIGH_VOLATILITY
2020-05-06,9268.76171875,9411.4677734375,8966.7060546875,0.029511199738283755,0.04798502024820434,0.05393742762328743,7982.538110351563,TREND_UP,0.040379999215851184,HIGH_VOLATILITY
2020-05-07,9951.5185546875,9992.6640625,9138.322265625,0.07366214135771076,0.08585039480960183,0.049180643048650725,8125.3048095703125,TREND_UP,0.04374909110084319,HIGH_VOLATILITY
2020-05-08,9842.666015625,9996.7431640625,9767.1728515625,-0.010938284289408906,0.023323996987763534,0.05142073557012328,8254.554858398438,TREND_UP,0.0446734018641253,HIGH_VOLATILITY
2020-05-09,9593.896484375,9913.86328125,9580.64453125,-0.025274608612654736,0.03473236870365375,0.0508529606219541,8374.778442382812,TREND_UP,0.028816789901638277,HIGH_VOLATILITY
2020-05-10,8756.4306640625,9595.5810546875,8395.107421875,-0.0872915214038874,0.13709623005860092,0.03505520980253705,8468.50205078125,TREND_UP,0.04164598051617927,HIGH_VOLATILITY
2020-05-11,8601.7958984375,9033.470703125,8374.3232421875,-0.017659566044374797,0.07662905150507383,0.03246015510174573,8554.57568359375,TREND_UP,0.04128641627590684,HIGH_VOLATILITY
2020-05-12,8804.4775390625,8949.8984375,8569.6435546875,0.023562712138033515,0.04318880718650678,0.033004735550632734,8638.939184570312,TREND_UP,0.041812795572954926,HIGH_VOLATILITY
2020-05-13,9269.9873046875,9317.87890625,8805.3876953125,0.05287193516704303,0.055284995986817756,0.03055651261928499,8730.952319335938,TREND_UP,0.044957574271280824,HIGH_VOLATILITY
2020-05-14,9733.7216796875,9793.2685546875,9255.03515625,0.05002535168149658,0.055295745671534335,0.028105377734007564,8840.093359375,TREND_UP,0.04710598482368839,HIGH_VOLATILITY
2020-05-15,9328.197265625,9755.828125,9261.3984375,-0.04166180495059313,0.05300377698078972,0.02494371772729305,8928.006420898437,TREND_UP,0.049840784148391236,HIGH_VOLATILITY
2020-05-16,9377.013671875,9564.205078125,9260.6943359375,0.005233209039209763,0.03236752689161974,0.024847046249785856,9012.863745117187,TREND_UP,0.04908240920497615,HIGH_VOLATILITY
2020-05-17,9670.7392578125,9823.001953125,9349.5458984375,0.03132400103227817,0.04895758659866865,0.024477682832292586,9106.620654296876,TREND_UP,0.04377765559943861,HIGH_VOLATILITY
2020-05-18,9726.5751953125,9906.0302734375,9570.359375,0.005773698991511145,0.03451069792780391,0.025587455406618075,9202.596484375,TREND_UP,0.04371665940446742,HIGH_VOLATILITY
2020-05-19,9729.0380859375,9836.0478515625,9539.6240234375,0.00025321252090737545,0.030467948167810704,0.025100461094683148,9248.996484375,TREND_UP,0.04283329176457412,HIGH_VOLATILITY
2020-05-20,9522.9814453125,9804.7939453125,9447.201171875,-0.02117954918100662,0.03755050616144149,0.03152236625117283,9292.21787109375,TREND_UP,0.030925192375447885,HIGH_VOLATILITY
2020-05-21,9081.76171875,9555.2421875,8869.9306640625,-0.04633209978369557,0.07546019645314204,0.028930977512072156,9303.067626953125,TREND_DOWN,0.03474934223142993,HIGH_VOLATILITY
2020-05-22,9182.5771484375,9232.9365234375,9008.638671875,0.01110086707949609,0.024426459798452805,0.02947916673933258,9312.766650390626,TREND_DOWN,0.034269145423196194,HIGH_VOLATILITY
2020-05-23,9209.287109375,9302.501953125,9118.1083984375,0.0029087652089092586,0.020022565536021615,0.030741799269615185,9328.357568359375,TREND_DOWN,0.029826340904980774,HIGH_VOLATILITY
2020-05-24,8790.3681640625,9288.404296875,8787.2509765625,-0.045488748514099786,0.057011641715003,0.025235641766568645,9322.24326171875,TREND_DOWN,0.027104932609436038,HIGH_VOLATILITY
2020-05-25,8906.9345703125,8951.005859375,8719.66796875,0.013260696716498988,0.025972784328748416,0.03499775527777332,9317.436474609374,TREND_DOWN,0.025446722597223175,LOW_VOLATILITY
2020-05-26,8835.052734375,8991.9677734375,8757.2939453125,-0.008070322664891605,0.02656167825823408,0.04642182351938146,9295.751025390626,TREND_DOWN,0.025239008079374445,LOW_VOLATILITY
2020-05-27,9181.017578125,9203.3203125,8834.1572265625,0.039158209254817056,0.04020938668248281,0.04488522620028239,9257.2259765625,TREND_DOWN,0.026598976552731825,HIGH_VOLATILITY
2020-05-28,9525.7509765625,9546.3193359375,9148.45703125,0.037548495632866885,0.04176702767754634,0.04319351917988428,9241.380224609375,TREND_UP,0.029724827264064068,HIGH_VOLATILITY
2020-05-29,9439.1240234375,9573.6669921875,9379.3388671875,-0.009093976247976698,0.020587516862526658,0.04348169420191262,9233.6416015625,TREND_UP,0.02980399913351153,HIGH_VOLATILITY
2020-05-30,9700.4140625,9704.0302734375,9366.7294921875,0.02768159825145977,0.03477179211905419,0.04223452961404822,9280.840771484374,TREND_UP,0.03042180053881662,HIGH_VOLATILITY
2020-05-31,9461.05859375,9700.34375,9432.296875,-0.024674768232348376,0.028331594434588162,0.04087940333127344,9323.80390625,TREND_UP,0.027175235483080342,HIGH_VOLATILITY
2020-06-01,10167.2685546875,10199.5654296875,9450.8994140625,0.07464386293982206,0.07363492088343003,0.027214096650756362,9391.94345703125,TREND_UP,0.03516273915942642,HIGH_VOLATILITY
2020-06-02,9529.8037109375,10182.3408203125,9460.5712890625,-0.06269774820259899,0.07573813198498666,0.010054017162613454,9404.93427734375,TREND_UP,0.042210233388562904,HIGH_VOLATILITY
2020-06-03,9656.7177734375,9682.859375,9471.8466796875,0.013317594606312655,0.021851388873860175,0.009378368366670295,9401.08408203125,TREND_UP,0.038442642199169326,HIGH_VOLATILITY
2020-06-04,9800.63671875,9887.6103515625,9525.2470703125,0.014903505382374727,0.03697344281282745,0.022834732640362145,9424.7060546875,TREND_UP,0.03846112067979653,HIGH_VOLATILITY
2020-06-05,9665.533203125,9869.2373046875,9663.216796875,-0.013785177382049874,0.02131496560850784,0.02421938096988335,9439.13203125,TREND_UP,0.03880486396373148,HIGH_VOLATILITY
2020-06-06,9653.6796875,9773.431640625,9591.0244140625,-0.0012263695520872142,0.018895098290726255,0.024226159024826874,9438.279052734375,TREND_UP,0.0374772199468774,HIGH_VOLATILITY
2020-06-07,9758.8525390625,9768.498046875,9458.150390625,0.010894586827723485,0.031801654447359246,0.023573548411995278,9439.892919921875,TREND_UP,0.035870833880507685,HIGH_VOLATILITY
2020-06-08,9771.4892578125,9782.306640625,9675.8857421875,0.0012948980117710729,0.01089095997853289,0.023919942572344505,9442.015478515625,TREND_UP,0.03563141155165411,HIGH_VOLATILITY
2020-06-09,9795.7001953125,9836.369140625,9664.7197265625,0.0024777121338637187,0.017522934618256155,0.024381033154761426,9455.651416015626,TREND_UP,0.03465084149316214,HIGH_VOLATILITY
2020-06-10,9870.0947265625,9908.896484375,9728.291015625,0.007594610876882513,0.01829825080239126,0.023882945700995813,9495.06806640625,TREND_UP,0.03342165973659718,HIGH_VOLATILITY
2020-06-11,9321.78125,9938.2978515625,9263.0693359375,-0.05555301055894357,0.07243556757191658,0.009875760360454592,9502.028271484374,TREND_DOWN,0.028101197270255923,HIGH_VOLATILITY
2020-06-12,9480.84375,9540.4658203125,9285.8515625,0.01706353064227928,0.026855653834870975,0.008388780919882143,9515.606103515625,TREND_DOWN,0.021477595580345014,LOW_VOLATILITY
2020-06-13,9475.27734375,9493.2119140625,9396.009765625,-0.0005871213994007585,0.010258501668198201,0.008866106624608303,9549.8515625,TREND_DOWN,0.020941301727524498,LOW_VOLATILITY
2020-06-14,9386.7880859375,9482.2705078125,9347.59375,-0.009338962291258746,0.014347480371295634,0.00831703383762115,9573.84423828125,TREND_DOWN,0.02019660264698368,LOW_VOLATILITY
2020-06-15,9450.7021484375,9504.8603515625,8990.17578125,0.006808938469139436,0.05445992924426188,0.016776037646050512,9604.626708984375,TREND_DOWN,0.020151085429018768,LOW_VOLATILITY
2020-06-16,9538.0244140625,9579.4306640625,9400.4453125,0.009239764861221245,0.018765453283869856,0.016625176845364367,9622.47705078125,TREND_DOWN,0.020468326839471734,LOW_VOLATILITY
2020-06-17,9480.2548828125,9540.4228515625,9327.33984375,-0.006056760681470541,0.02247650621702323,0.02111843805298021,9620.20224609375,TREND_DOWN,0.020070902905500364,LOW_VOLATILITY
2020-06-18,9411.8408203125,9482.7822265625,9328.3955078125,-0.007216479234543938,0.016403456209842054,0.021055476411836575,9618.8380859375,TREND_DOWN,0.020062871465694097,LOW_VOLATILITY
2020-06-19,9288.0185546875,9440.8759765625,9274.2958984375,-0.013156009327927487,0.017934942436234686,0.02088097928160594,9598.218310546876,TREND_DOWN,0.02014932631376704,LOW_VOLATILITY
2020-06-20,9332.3408203125,9394.9716796875,9247.3798828125,0.004771982890003024,0.01581508859532391,0.021023875925091192,9591.782421875,TREND_DOWN,0.019970396382132487,LOW_VOLATILITY
2020-06-21,9303.6298828125,9401.107421875,9300.4306640625,-0.0030764990320015784,0.010821234193601141,0.021800088086234574,9548.60048828125,TREND_DOWN,0.009453391887685349,LOW_VOLATILITY
2020-06-22,9648.7177734375,9655.0732421875,9296.8720703125,0.03709174751916078,0.037124225237586725,0.014210884719982327,9554.54619140625,TREND_UP,0.014356645641756262,LOW_VOLATILITY
2020-06-23,9629.658203125,9670.541015625,9547.2470703125,-0.0019753474772544743,0.012803564021876587,0.014066674417396603,9553.193212890625,TREND_UP,0.014389483375652781,LOW_VOLATILITY
2020-06-24,9313.6103515625,9680.3671875,9278.2333984375,-0.03282025643027875,0.04317700374860925,0.00980617853212702,9528.84189453125,TREND_DOWN,0.017884199123612433,LOW_VOLATILITY
2020-06-25,9264.8134765625,9340.1611328125,9095.32421875,-0.005239308190707503,0.02642653461743962,0.01047062939599784,9508.805908203125,TREND_DOWN,0.017731888519023627,LOW_VOLATILITY
2020-06-26,9162.91796875,9310.5166015625,9101.73828125,-0.010998117562784016,0.022785134716313674,0.00979514534433981,9484.267822265625,TREND_DOWN,0.017479451888408156,LOW_VOLATILITY
2020-06-27,9045.390625,9207.810546875,8998.216796875,-0.012826410118569775,0.023171332083847956,0.00847810563439541,9448.5947265625,TREND_DOWN,0.017703318814261043,LOW_VOLATILITY
2020-06-28,9143.58203125,9197.546875,8975.525390625,0.010855408054862181,0.024281674689000183,0.007749293073444849,9417.199365234375,TREND_DOWN,0.01831218404996877,LOW_VOLATILITY
2020-06-29,9190.8544921875,9237.5732421875,9041.8759765625,0.005170015512075743,0.021292608406688247,0.01519420235391954,9386.957080078126,TREND_DOWN,0.018069052365378434,LOW_VOLATILITY
2020-06-30,9137.9931640625,9217.8359375,9084.837890625,-0.005751513982724221,0.014554404286276872,0.01612689657702078,9350.352001953124,TREND_DOWN,0.018008050088187847,LOW_VOLATILITY
2020-07-01,9228.3251953125,9309.7548828125,9104.7353515625,0.00988532488788163,0.022216331448109247,0.017216112615483198,9345.67919921875,TREND_DOWN,0.018381137780142075,LOW_VOLATILITY
2020-07-02,9123.41015625,9274.962890625,9036.623046875,-0.011368806022981404,0.02612398649936012,0.017933745802662156,9327.80751953125,TREND_DOWN,0.012889942770920588,LOW_VOLATILITY
2020-07-03,9087.3037109375,9202.3447265625,9058.794921875,-0.00395756024273064,0.015796743374464652,0.017753697682296298,9308.408837890625,TREND_DOWN,0.012844762404118784,LOW_VOLATILITY
2020-07-04,9132.48828125,9183.2958984375,9053.6298828125,0.004972274697731871,0.014198322694945972,0.01792852245820015,9295.69384765625,TREND_DOWN,0.008949488291306979,LOW_VOLATILITY
2020-07-05,9073.9423828125,9162.18359375,8977.015625,-0.00641072801130238,0.020406562102569418,0.017559916913806272,9276.855859375,TREND_DOWN,0.009005170885120267,LOW_VOLATILITY
2020-07-06,9375.474609375,9375.474609375,9058.6640625,0.0332305643833104,0.033791414309650575,0.011598569066916276,9268.728369140625,TREND_UP,0.013736615727483987,LOW_VOLATILITY
2020-07-07,9252.27734375,9360.6171875,9201.8154296875,-0.01314037643510968,0.017163531951381903,0.010499452412221364,9257.3294921875,TREND_DOWN,0.013775536825443508,LOW_VOLATILITY
2020-07-08,9428.3330078125,9450.3359375,9249.5,0.019028359994139876,0.02130131989754535,0.0063101716137861545,9258.1541015625,TREND_UP,0.014556632368040914,LOW_VOLATILITY
2020-07-09,9277.9677734375,9431.37890625,9234.9990234375,-0.015948231171979632,0.021166260501004196,0.0037125091625531273,9257.6515625,TREND_UP,0.015719023528325455,LOW_VOLATILITY
2020-07-10,9278.8076171875,9287.4716796875,9118.001953125,9.052022711308894e-05,0.018264170737690967,0.003990953261410875,9254.97490234375,TREND_UP,0.0155455976294625,LOW_VOLATILITY
2020-07-11,9240.3466796875,9293.5322265625,9199.4853515625,-0.004145030168397623,0.010177851357756696,0.0039818016493053466,9251.8107421875,TREND_DOWN,0.01535047665326647,LOW_VOLATILITY
2020-07-12,9276.5,9319.4189453125,9197.4501953125,0.003912550206798482,0.013148143157440844,0.003780341705283764,9233.199853515625,TREND_UP,0.014818364209173972,LOW_VOLATILITY
2020-07-13,9243.6142578125,9306.4052734375,9224.29296875,-0.003545059255915528,0.008883138391252153,0.003693100776221927,9213.89765625,TREND_UP,0.014801233938993113,LOW_VOLATILITY
2020-07-14,9243.2138671875,9283.841796875,9171.6611328125,-4.331537576462985e-05,0.012136543162841911,0.009923900095773335,9210.37783203125,TREND_UP,0.014766902141769738,LOW_VOLATILITY
2020-07-15,9192.8369140625,9275.3251953125,9171.93359375,-0.005450155524782674,0.011246974413778562,0.010519905740672714,9206.77900390625,TREND_DOWN,0.014714180510207505,LOW_VOLATILITY
2020-07-16,9132.2275390625,9214.3125,9088.947265625,-0.006593108913667822,0.01372778260711951,0.009172702575300841,9205.244482421875,TREND_DOWN,0.009664341169910454,LOW_VOLATILITY
2020-07-17,9151.392578125,9182.25390625,9089.2021484375,0.002098616025556055,0.010168043499185682,0.010066718196154553,9210.544580078125,TREND_DOWN,0.00899285999272018,LOW_VOLATILITY
2020-07-18,9159.0400390625,9230.9833984375,9100.82421875,0.0008356608977502233,0.014211006735682184,0.010254128971288887,9211.31748046875,TREND_DOWN,0.00572340608247937,LOW_VOLATILITY
2020-07-19,9185.8173828125,9201.3984375,9097.6328125,0.002923597193133398,0.011296286511655993,0.011468741603398037,9211.065625,TREND_DOWN,0.003682660559491039,LOW_VOLATILITY
2020-07-20,9164.2314453125,9214.2705078125,9137.509765625,-0.0023499201650132306,0.00837612435320619,0.03779322619393234,9212.3775390625,TREND_DOWN,0.0036838462402810955,LOW_VOLATILITY
2020-07-21,9374.8876953125,9407.2626953125,9149.3896484375,0.02298678850016933,0.027506787841729354,0.03995865637986104,9219.7056640625,TREND_UP,0.008345212640963166,LOW_VOLATILITY
2020-07-22,9525.36328125,9530.5185546875,9319.6533203125,0.016050921443329758,0.022137238040051785,0.03992982829150772,9239.8033203125,TREND_UP,0.0095364954949937,LOW_VOLATILITY
2020-07-23,9581.072265625,9610.2470703125,9483.00390625,0.00584848921034431,0.013280680965013008,0.04031476194996671,9264.491748046876,TREND_UP,0.009313983413534213,LOW_VOLATILITY
2020-07-24,9536.892578125,9623.3369140625,9481.4541015625,-0.004611142289210002,0.01487725811502166,0.038663835979375206,9284.711962890626,TREND_UP,0.009621135172426448,LOW_VOLATILITY
2020-07-25,9677.11328125,9704.556640625,9530.2119140625,0.014702976045533722,0.01801619155376672,0.038609748357087276,9314.8705078125,TREND_UP,0.009724102696369101,LOW_VOLATILITY
2020-07-26,9905.1669921875,10023.8076171875,9652.84765625,0.023566295475673238,0.0374511566771249,0.051342128313357875,9341.355126953125,TREND_UP,0.01032232817752868,LOW_VOLATILITY
2020-07-27,10990.873046875,11298.2216796875,9903.9697265625,0.1096100707382146,0.12685543242822037,0.03163943263155062,9428.284912109375,TREND_UP,0.03341445830158829,HIGH_VOLATILITY
2020-07-28,10912.8232421875,11204.3271484375,10632.6318359375,-0.007101328925793737,0.052387480289234706,0.03146682837615493,9502.509423828125,TREND_UP,0.03398214934230302,HIGH_VOLATILITY
2020-07-29,11100.4677734375,11304.3974609375,10856.1416015625,0.017194865809297744,0.04038170899857384,0.035534565875881,9593.634423828125,TREND_UP,0.03356820341509421,HIGH_VOLATILITY
2020-07-30,11111.2138671875,11169.3564453125,10895.455078125,0.0009680757576464583,0.024650895074241844,0.03547544228422532,9685.254736328125,TREND_UP,0.033342890125492644,HIGH_VOLATILITY
2020-07-31,11323.466796875,11415.8642578125,10987.0537109375,0.0191025870102548,0.03786919276288612,0.03619202768848256,9789.4107421875,TREND_UP,0.03332583516672936,HIGH_VOLATILITY
2020-08-01,11759.5927734375,11794.775390625,11239.6826171875,0.03851523428168302,0.047203401013285115,0.033320692540975305,9913.565380859374,TREND_UP,0.0338185177493074,HIGH_VOLATILITY
2020-08-02,11053.6142578125,12034.14453125,11018.1298828125,-0.060034265575901635,0.09191696260970919,0.021018859520071504,10004.065380859374,TREND_UP,0.042555696157065274,HIGH_VOLATILITY
2020-08-03,11246.3486328125,11453.0791015625,11012.4150390625,0.017436321777176023,0.03918285631074183,0.021011172748720622,10104.222119140624,TREND_UP,0.04198303650756758,HIGH_VOLATILITY
2020-08-04,11205.892578125,11385.3818359375,11094.1455078125,-0.00359726129861071,0.025989569870901837,0.0276186179392631,10204.87490234375,TREND_UP,0.04250902650471851,HIGH_VOLATILITY
2020-08-05,11747.0224609375,11786.6171875,11158.28515625,0.04828976175167332,0.053488620911333,0.020474342943509673,10335.6146484375,TREND_UP,0.043727524949756194,HIGH_VOLATILITY
2020-08-06,11779.7734375,11902.3359375,11598.7138671875,0.002788023660583505,0.025774865019554838,0.021699958467001648,10467.03369140625,TREND_UP,0.02965538620140496,HIGH_VOLATILITY
2020-08-07,11601.47265625,11898.0380859375,11408.59375,-0.01513618086086388,0.042188121322151655,0.020669697585921805,10589.155322265626,TREND_UP,0.030194570095511082,HIGH_VOLATILITY
2020-08-08,11754.0458984375,11800.064453125,11558.431640625,0.013151196120374076,0.02055741610913064,0.02031704806070298,10717.566748046875,TREND_UP,0.03006300427070763,HIGH_VOLATILITY
2020-08-09,11675.7392578125,11806.056640625,11548.7841796875,-0.006662100973708895,0.022034789854128784,0.01999458648033585,10843.142138671876,TREND_UP,0.030304947293209566,HIGH_VOLATILITY
2020-08-10,11878.111328125,12045.140625,11662.2568359375,0.017332698670629254,0.0322343997699287,0.022078946367264353,10968.3033203125,TREND_UP,0.030220985547972035,HIGH_VOLATILITY
2020-08-11,11410.525390625,11932.7109375,11195.708984375,-0.03936534391564839,0.06458965980046177,0.016448902389927158,11062.56142578125,TREND_UP,0.030714994133650596,HIGH_VOLATILITY
2020-08-12,11584.9345703125,11748.396484375,11249.60546875,0.015284938573538076,0.043055143091027856,0.01869546403392516,11162.754541015625,TREND_UP,0.02343198195589025,LOW_VOLATILITY
2020-08-13,11784.1376953125,11796.396484375,11216.8720703125,0.017195015111304723,0.049178347117670176,0.01793759245579869,11275.116796875,TREND_UP,0.023417817078323213,LOW_VOLATILITY
2020-08-14,11768.87109375,12150.994140625,11685.455078125,-0.0012955213149429268,0.03955681550010605,0.020380315737645344,11379.7046875,TREND_UP,0.023335879392688687,LOW_VOLATILITY
2020-08-15,11865.6982421875,11963.203125,11768.697265625,0.008227394765919493,0.016392280960209376,0.020337742210238718,11477.73125,TREND_UP,0.01791852646610788,LOW_VOLATILITY
2020-08-16,11892.8037109375,11934.9013671875,11737.1884765625,0.0022843551383793237,0.016624582010310036,0.020253824434233295,11522.827783203125,TREND_UP,0.017914124207403494,LOW_VOLATILITY
2020-08-17,12254.40234375,12359.056640625,11806.6962890625,0.03040482644811049,0.04507444231617018,0.015566084969093157,11589.90673828125,TREND_UP,0.019078358078400273,LOW_VOLATILITY
2020-08-18,11991.2333984375,12335.70703125,11954.525390625,-0.021475461465219614,0.03178835970907457,0.018364216514186134,11634.44501953125,TREND_UP,0.020644810533395445,LOW_VOLATILITY
2020-08-19,11758.283203125,12028.923828125,11687.3330078125,-0.019426708460436926,0.029051079516584137,0.018630866528676442,11666.798486328125,TREND_UP,0.021624526514680033,LOW_VOLATILITY
2020-08-20,11878.3720703125,11900.4111328125,11710.0634765625,0.01021312934149976,0.01602472587348346,0.017994989958730973,11694.54375,TREND_UP,0.021135672672701045,LOW_VOLATILITY
2020-08-21,11592.4892578125,11899.259765625,11564.9794921875,-0.024067507803910648,0.028835935578911082,0.0184757261739234,11686.18857421875,TREND_DOWN,0.018319389851812706,LOW_VOLATILITY
2020-08-22,11681.8251953125,11689.4072265625,11448.8056640625,0.007706363621583279,0.020596230338778297,0.018126799816144915,11717.59912109375,TREND_DOWN,0.017847206045435694,LOW_VOLATILITY
2020-08-23,11664.84765625,11713.4296875,11559.9208984375,-0.0014533293195752028,0.013159948041005946,0.019622108732532492,11738.524072265625,TREND_DOWN,0.016914149034141242,LOW_VOLATILITY
2020-08-24,11774.595703125,11807.6318359375,11623.25,0.00940844236539995,0.01565929230916733,0.019259503012718584,11766.959228515625,TREND_UP,0.01722141551212229,LOW_VOLATILITY
2020-08-25,11366.134765625,11778.2998046875,11189.8505859375,-0.034690018052305094,0.051772148657753696,0.014424018810652922,11747.91484375,TREND_DOWN,0.02010070788955427,LOW_VOLATILITY
2020-08-26,11488.36328125,11530.052734375,11296.9931640625,0.010753745063331488,0.020286577348478642,0.02478568253435863,11733.3443359375,TREND_DOWN,0.020572930626377734,LOW_VOLATILITY
2020-08-27,11323.3974609375,11570.7861328125,11185.94140625,-0.01435938403704018,0.03398668358062188,0.04608162025172982,11719.440576171875,TREND_DOWN,0.016991711016440654,LOW_VOLATILITY
2020-08-28,11542.5,11545.615234375,11316.4228515625,0.01934954061432026,0.019856390107212477,0.04692807746869196,11708.86328125,TREND_DOWN,0.018186993885013717,LOW_VOLATILITY
2020-08-29,11506.865234375,11585.640625,11466.29296875,-0.0030872658111327222,0.010371865301200116,0.047286055961917844,11700.419580078125,TREND_DOWN,0.01732637651384628,LOW_VOLATILITY
2020-08-30,11711.505859375,11715.2646484375,11492.3818359375,0.017784220187846422,0.019031097723576123,0.04651903704563114,11692.089306640624,TREND_UP,0.01806991130069822,LOW_VOLATILITY
2020-08-31,11680.8203125,11768.876953125,11598.318359375,-0.0026201196706430174,0.014601593825348043,0.047309770961851634,11705.604052734376,TREND_DOWN,0.016243290810291324,LOW_VOLATILITY
2020-09-01,11970.478515625,12067.0810546875,11601.12890625,0.024797762089964426,0.03892510627952719,0.04378039330991851,11724.88125,TREND_UP,0.01786018433359663,LOW_VOLATILITY
2020-09-02,11414.0341796875,11964.8232421875,11290.7939453125,-0.04648471948812871,0.05905267903214339,0.04395765798601907,11706.37607421875,TREND_DOWN,0.023711049624223927,LOW_VOLATILITY
2020-09-03,10245.296875,11443.0224609375,10182.46484375,-0.10239476124641311,0.12303768573690062,0.0211858673639232,11630.19736328125,TREND_DOWN,0.03912649084732211,HIGH_VOLATILITY
2020-09-04,10511.8134765625,10663.919921875,10207.9404296875,0.02601355576262887,0.04337781422816981,0.01843897885359465,11562.503125,TREND_DOWN,0.04010069916398719,HIGH_VOLATILITY
2020-09-05,10169.5673828125,10581.5712890625,9946.67578125,-0.03255823502891142,0.06243092590993905,0.012280805217073575,11476.34130859375,TREND_DOWN,0.040305619275177035,HIGH_VOLATILITY
2020-09-06,10280.3515625,10353.927734375,10056.8857421875,0.010893696409813414,0.028894147284907117,0.013009452193466426,11377.63876953125,TREND_DOWN,0.040883493513685996,HIGH_VOLATILITY
2020-09-07,10369.5634765625,10399.1533203125,9916.4931640625,0.00867790498409815,0.046545850974432854,0.018283107730505004,11296.5552734375,TREND_DOWN,0.04019974947656753,HIGH_VOLATILITY
2020-09-08,10131.5166015625,10414.775390625,9945.1103515625,-0.022956306264775628,0.04635683457203904,0.013767420637076288,11215.216943359375,TREND_DOWN,0.04031658358354395,HIGH_VOLATILITY
2020-09-09,10242.34765625,10350.54296875,10017.2509765625,0.010939236349907233,0.0325405857498033,0.01404019423521952,11133.41572265625,TREND_DOWN,0.03981184088037335,HIGH_VOLATILITY
2020-09-10,10363.138671875,10503.912109375,10238.1357421875,0.011793293850096198,0.02564631967232116,0.014740830966741716,11071.948193359374,TREND_DOWN,0.040467567654383974,HIGH_VOLATILITY
2020-09-11,10400.9150390625,10434.9228515625,10140.8369140625,0.0036452631180188266,0.02827500622738553,0.01501596447812476,11007.902685546875,TREND_DOWN,0.03890368223872575,HIGH_VOLATILITY
2020-09-12,10442.1708984375,10578.837890625,10292.38671875,0.003966560559340859,0.02743214745871117,0.01509452933520743,10946.76884765625,TREND_DOWN,0.03735431424155551,HIGH_VOLATILITY
2020-09-13,10323.755859375,10577.21484375,10224.330078125,-0.011340078630605377,0.03418182010809036,0.01572294967564038,10874.22685546875,TREND_DOWN,0.017844534306133798,LOW_VOLATILITY
2020-09-14,10680.837890625,10800.0107421875,10266.0087890625,0.0345883839286778,0.04999626046133655,0.02090156551297551,10839.96201171875,TREND_DOWN,0.01932925809526831,LOW_VOLATILITY
2020-09-15,10796.951171875,10938.6318359375,10656.4599609375,0.010871177190313608,0.02613440317624387,0.020552699040044836,10805.39140625,TREND_DOWN,0.015197993363748285,LOW_VOLATILITY
2020-09-16,10974.9052734375,11100.1240234375,10704.884765625,0.01648188444401355,0.03601299947153943,0.020262452971985093,10787.966796875,TREND_UP,0.015493381364724381,LOW_VOLATILITY
2020-09-17,10948.990234375,11037.4208984375,10774.6279296875,-0.0023612995663134795,0.02400157120653428,0.030512943998785746,10758.29130859375,TREND_UP,0.015725697043216302,LOW_VOLATILITY
2020-09-18,10944.5859375,11034.908203125,10829.6572265625,-0.00040225598714782596,0.018753653882805924,0.03053936964641328,10730.17734375,TREND_UP,0.012459050085084994,LOW_VOLATILITY
2020-09-19,11094.3466796875,11134.0927734375,10909.6181640625,0.013683545731443925,0.02023324273668027,0.029944642170961596,10699.319384765626,TREND_UP,0.012565205749541468,LOW_VOLATILITY
2020-09-20,10938.271484375,11095.8701171875,10814.4775390625,-0.014067993350005525,0.025725506861569585,0.029674236567558437,10662.191943359376,TREND_UP,0.01426525756199864,LOW_VOLATILITY
2020-09-21,10462.259765625,10988.3046875,10380.2607421875,-0.04351800185522625,0.05811784059408473,0.023659908445175126,10586.781005859375,TREND_DOWN,0.021105502576224427,LOW_VOLATILITY
2020-09-22,10538.4599609375,10568.0771484375,10382.7265625,0.0072833400259153525,0.01758801443707447,0.02388313308559366,10543.002294921875,TREND_DOWN,0.02118687146109065,LOW_VOLATILITY
2020-09-23,10246.1865234375,10537.828125,10197.865234375,-0.027733979972724532,0.033179455580606164,0.02008764661230403,10543.04677734375,TREND_DOWN,0.022828918358972206,LOW_VOLATILITY
2020-09-24,10760.06640625,10771.056640625,10231.490234375,0.050153282066164984,0.05014526731327532,0.009228647959543142,10555.459423828124,TREND_UP,0.02582271761476718,HIGH_VOLATILITY
2020-09-25,10692.716796875,10777.6962890625,10578.9140625,-0.006259218747560857,0.018590432192181046,0.009091145140182708,10581.61689453125,TREND_UP,0.025665716248653703,LOW_VOLATILITY
2020-09-26,10750.7236328125,10772.9990234375,10667.28125,0.005424892199001441,0.009833549540315283,0.008558237905099733,10605.135498046875,TREND_UP,0.02507589763640561,LOW_VOLATILITY
2020-09-27,10775.26953125,10803.9765625,10622.921875,0.0022831856976197606,0.01680279894390693,0.01000777536228693,10625.42080078125,TREND_UP,0.025106922636943505,LOW_VOLATILITY
2020-09-28,10709.65234375,10945.34765625,10703.8935546875,-0.006089609852421796,0.022545465885585834,0.010816278943215683,10654.327587890624,TREND_UP,0.025148323629160245,LOW_VOLATILITY
2020-09-29,10844.640625,10860.0009765625,10649.4951171875,0.012604356977915954,0.01941104981291162,0.011474642777067421,10684.442236328125,TREND_UP,0.02507630810755494,LOW_VOLATILITY
2020-09-30,10784.4912109375,10847.2568359375,10669.3212890625,-0.00554646448346463,0.01649920644328032,0.011902398296255704,10705.50986328125,TREND_UP,0.024763175124425763,LOW_VOLATILITY
2020-10-01,10619.4521484375,10933.6240234375,10472.3564453125,-0.015303370300178809,0.04343609930883948,0.01324811664325442,10716.43671875,TREND_DOWN,0.02066672848867163,LOW_VOLATILITY
2020-10-02,10575.974609375,10657.837890625,10416.689453125,-0.00409414143543152,0.022801533324998305,0.013133530586281536,10723.126904296874,TREND_DOWN,0.020637234225651356,LOW_VOLATILITY
2020-10-03,10549.3291015625,10598.9404296875,10511.1298828125,-0.0025194375739971964,0.008323803914885361,0.013427499816100096,10734.40556640625,TREND_DOWN,0.018194100072487094,LOW_VOLATILITY
2020-10-04,10669.5830078125,10686.0,10534.3916015625,0.011399199427022166,0.014209402403682417,0.0134299143251718,10733.842822265626,TREND_DOWN,0.00870005815840661,LOW_VOLATILITY
2020-10-05,10793.33984375,10793.5078125,10634.6005859375,0.01159903211277169,0.014722711307428808,0.01358646751316659,10733.662255859375,TREND_UP,0.009271339710005865,LOW_VOLATILITY
2020-10-06,10604.40625,10797.578125,10528.890625,-0.017504646058134066,0.02533734503051503,0.011522313521827247,10715.1373046875,TREND_DOWN,0.010764004390042587,LOW_VOLATILITY
2020-10-07,10668.96875,10680.5078125,10562.5068359375,0.0060882710901424275,0.011060204535935116,0.012105275345422608,10701.13623046875,TREND_DOWN,0.010970690206461672,LOW_VOLATILITY
2020-10-08,10915.685546875,10945.7373046875,10562.6064453125,0.023124708925124526,0.03509911106633928,0.01064629818016177,10699.6912109375,TREND_UP,0.013124424051795546,LOW_VOLATILITY
2020-10-09,11064.4580078125,11102.671875,10846.8505859375,0.013629236597062944,0.02312099597484732,0.01311704572907145,10698.19677734375,TREND_UP,0.013220218254892743,LOW_VOLATILITY
2020-10-10,11296.361328125,11442.2109375,11056.9404296875,0.02095930231275278,0.034105717462602464,0.010628130217882718,10716.10126953125,TREND_UP,0.014144466223900793,LOW_VOLATILITY
2020-10-11,11384.181640625,11428.8134765625,11288.6279296875,0.0077742124166433335,0.012314064488811486,0.01104555199441221,10762.19736328125,TREND_UP,0.012269684492621283,LOW_VOLATILITY
2020-10-12,11555.36328125,11698.4677734375,11240.6865234375,0.01503679807902314,0.03961634427736309,0.012819154200651496,10813.042529296876,TREND_UP,0.011823110814223355,LOW_VOLATILITY
2020-10-13,11425.8994140625,11548.984375,11321.224609375,-0.011203790312466544,0.01993364000252647,0.011977857701412797,10872.028173828125,TREND_UP,0.013018403890364653,LOW_VOLATILITY
2020-10-14,11429.5068359375,11539.9775390625,11307.8310546875,0.0003157232305546209,0.020311154952466354,0.028619926532452565,10905.5001953125,TREND_UP,0.013176236798628477,LOW_VOLATILITY
2020-10-15,11495.349609375,11569.9140625,11303.603515625,0.005760771167350187,0.023166807093697367,0.02834331523407907,10945.6318359375,TREND_UP,0.013077901148844554,LOW_VOLATILITY
2020-10-16,11322.123046875,11540.0615234375,11223.0126953125,-0.01506927308750361,0.028002595168095095,0.02626426489885085,10974.201806640625,TREND_UP,0.012597166441007201,LOW_VOLATILITY
2020-10-17,11358.1015625,11386.26171875,11285.345703125,0.0031777181254826203,0.008884936894576215,0.02546899647832723,11003.343408203125,TREND_UP,0.012644904862975688,LOW_VOLATILITY
2020-10-18,11483.359375,11483.359375,11347.578125,0.011028058853915557,0.011824174927034364,0.027300186453777537,11042.028759765624,TREND_UP,0.011376955920645,LOW_VOLATILITY
2020-10-19,11742.037109375,11799.0927734375,11408.2900390625,0.02252631185070797,0.03328236239885308,0.027788141219416574,11086.898583984375,TREND_UP,0.012415051161688832,LOW_VOLATILITY
2020-10-20,11916.3349609375,11999.91796875,11681.48046875,0.014843919324981414,0.02672277181229449,0.029775663650088973,11143.490771484376,TREND_UP,0.011729686494343793,LOW_VOLATILITY
2020-10-21,12823.689453125,13184.56640625,11900.9287109375,0.07614375520341321,0.10009893798540878,0.022082767906538743,11253.70263671875,TREND_UP,0.025314177612584535,LOW_VOLATILITY
2020-10-22,12965.8916015625,13161.59375,12717.09375,0.011089019970212055,0.03428225483131711,0.022155544185347802,11373.198486328125,TREND_UP,0.025296769220758086,LOW_VOLATILITY
2020-10-23,12931.5390625,13015.9619140625,12752.6474609375,-0.0026494544392426933,0.02036218982538452,0.02188103496375544,11492.308984375,TREND_UP,0.024564170109029313,LOW_VOLATILITY
2020-10-24,13108.0625,13145.06640625,12885.7470703125,0.0136506131750318,0.019783193430569924,0.02211262356696863,11614.232958984376,TREND_UP,0.02417504065931097,LOW_VOLATILITY
2020-10-25,13031.173828125,13329.18359375,12910.0615234375,-0.0058657541398662305,0.03216303272755941,0.02186668570637941,11726.124658203125,TREND_UP,0.024887089481935146,LOW_VOLATILITY
2020-10-26,13075.248046875,13225.2978515625,12822.3828125,0.003382214014740148,0.03081509716817932,0.02332566329419842,11849.666748046875,TREND_UP,0.023211656273854017,LOW_VOLATILITY
2020-10-27,13654.21875,13759.6689453125,13060.837890625,0.04427990207523247,0.05118059608408573,0.019583649735779172,11998.929248046876,TREND_UP,0.024539343446142798,LOW_VOLATILITY
2020-10-28,13271.28515625,13837.6953125,12932.2509765625,-0.02804507535445777,0.06822582178569862,0.014015562167400764,12116.709228515625,TREND_UP,0.028682845558128296,HIGH_VOLATILITY
2020-10-29,13437.8828125,13612.0478515625,12980.0595703125,0.012553242153156674,0.04703034622850861,0.038083175826529474,12235.38046875,TREND_UP,0.02856271867061145,HIGH_VOLATILITY
2020-10-30,13546.5224609375,13651.5166015625,13136.1982421875,0.00808458072996765,0.0380406381682799,0.03877288347714053,12347.888525390625,TREND_UP,0.028618828810452485,HIGH_VOLATILITY
2020-10-31,13780.9951171875,14028.2138671875,13457.5302734375,0.01730869726353168,0.04141091328290581,0.046546986785868966,12467.72919921875,TREND_UP,0.01852168786082264,LOW_VOLATILITY
2020-11-01,13737.109375,13862.033203125,13628.3779296875,-0.003184511845067406,0.0170090567861916,0.047437098785256995,12576.81650390625,TREND_UP,0.01875254265202304,LOW_VOLATILITY
2020-11-02,13550.4892578125,13808.3232421875,13243.16015625,-0.013585108198026608,0.04170794686336928,0.04700615943679754,12683.04599609375,TREND_UP,0.019609134205408663,LOW_VOLATILITY
2020-11-03,13950.30078125,13984.9814453125,13325.44140625,0.02950532012761009,0.04727783647137985,0.04734986639533512,12809.085693359375,TREND_UP,0.02099129521670015,LOW_VOLATILITY
2020-11-04,14133.70703125,14218.7666015625,13580.4716796875,0.013147117963686394,0.0451611824458872,0.04758518079067912,12941.003564453125,TREND_UP,0.02061010479658166,LOW_VOLATILITY
2020-11-05,15579.8486328125,15706.404296875,14102.0888671875,0.10231863433740651,0.10297374945663297,0.03150190128981227,13153.88984375,TREND_UP,0.03597936539475986,HIGH_VOLATILITY
2020-11-06,15565.880859375,15903.4375,15226.83984375,-0.0008965281862933772,0.04346671173719665,0.03139029399332685,13364.27880859375,TREND_UP,0.03517340602095937,HIGH_VOLATILITY
2020-11-07,14833.75390625,15737.095703125,14423.203125,-0.0470340843373509,0.08857451636509955,0.023572887348507068,13531.79853515625,TREND_UP,0.03807189048555367,HIGH_VOLATILITY
2020-11-08,15479.5673828125,15637.3203125,14744.1103515625,0.04353675277640923,0.057702514472675895,0.019610275696578222,13718.675048828125,TREND_UP,0.03937642978153894,HIGH_VOLATILITY
2020-11-09,15332.3154296875,15785.13671875,14865.529296875,-0.009512665921690977,0.059978378744699704,0.024177572659098426,13889.474072265624,TREND_UP,0.04010236618632769,HIGH_VOLATILITY
2020-11-10,15290.90234375,15450.3291015625,15124.9599609375,-0.0027010327388199418,0.021278609549029742,0.027773819302943887,14012.834716796875,TREND_UP,0.04037069097437283,HIGH_VOLATILITY
2020-11-11,15701.33984375,15916.2607421875,15290.0068359375,0.02684194109497806,0.03988538000464232,0.027966479132631384,14149.60712890625,TREND_UP,0.04030187525963559,HIGH_VOLATILITY
2020-11-12,16276.34375,16305.00390625,15534.771484375,0.03662132734990031,0.04732220169993645,0.027361720943039045,14316.84736328125,TREND_UP,0.03958200715827682,HIGH_VOLATILITY
2020-11-13,16317.80859375,16463.177734375,15992.15234375,0.002547552717421464,0.02886572592875068,0.029238617519663338,14477.33466796875,TREND_UP,0.03971861578612697,HIGH_VOLATILITY
2020-11-14,16068.138671875,16317.80859375,15749.193359375,-0.015300456580341737,0.035387747516162554,0.02652262266806065,14629.18291015625,TREND_UP,0.040983020183058744,HIGH_VOLATILITY
2020-11-15,15955.587890625,16123.1103515625,15793.5341796875,-0.007004593596581565,0.020655846348892514,0.028009307803264452,14773.19990234375,TREND_UP,0.02684126698314171,HIGH_VOLATILITY
2020-11-16,16716.111328125,16816.181640625,15880.7060546875,0.04766502135260464,0.055962512307725205,0.026106657282406832,14926.29453125,TREND_UP,0.0302879227291733,HIGH_VOLATILITY
2020-11-17,17645.40625,17782.919921875,16564.544921875,0.05559276937282975,0.06904771603090748,0.02244261005792477,15145.0005859375,TREND_UP,0.02693284551617197,HIGH_VOLATILITY
2020-11-18,17804.005859375,18393.94921875,17352.90625,0.008988152900985202,0.058472400928907875,0.025419945019644053,15363.30673828125,TREND_UP,0.025443382841936292,LOW_VOLATILITY
2020-11-19,17817.08984375,18119.546875,17382.5546875,0.0007348899162549216,0.041364341425181014,0.043312218682936325,15576.835107421875,TREND_UP,0.024565664645460162,LOW_VOLATILITY
2020-11-20,18621.314453125,18773.2265625,17765.794921875,0.045137820846602006,0.0541009950270151,0.037554388439362846,15818.85107421875,TREND_UP,0.025296508262181203,LOW_VOLATILITY
2020-11-21,18642.232421875,18936.62109375,18444.359375,0.0011233347035009,0.02640572800564243,0.04152239255801444,16064.1072265625,TREND_UP,0.0258456443165631,HIGH_VOLATILITY
2020-11-22,18370.001953125,18688.96875,17671.384765625,-0.014602889964538845,0.055393787489603094,0.04300502546533404,16305.082861328125,TREND_UP,0.02672053570265365,HIGH_VOLATILITY
2020-11-23,18364.12109375,18711.42578125,18000.796875,-0.000320133845930215,0.03869659226391475,0.052663753806900325,16525.773876953124,TREND_UP,0.026854127782362035,HIGH_VOLATILITY
2020-11-24,19107.46484375,19348.271484375,18128.65625,0.040478046632625775,0.06382925439603428,0.05409918712499272,16774.461767578126,TREND_UP,0.026294044625636268,HIGH_VOLATILITY
2020-11-25,18732.12109375,19390.96484375,18581.146484375,-0.01964382784787766,0.043231535570480435,0.05395810584921347,16932.075390625,TREND_UP,0.027874049393733093,HIGH_VOLATILITY
2020-11-26,17150.623046875,18866.28515625,16351.03515625,-0.08442706722639481,0.14665647965823034,0.037017724652457014,17011.3125,TREND_UP,0.0400927991645023,HIGH_VOLATILITY
2020-11-27,17108.40234375,17445.0234375,16526.423828125,-0.0024617591448197196,0.05369289258681601,0.04251018957498549,17125.044921875,TREND_DOWN,0.035635864564257734,HIGH_VOLATILITY
2020-11-28,17717.4140625,17853.939453125,16910.65234375,0.03559722915754793,0.053240676435480805,0.04174142932895924,17236.937255859375,TREND_UP,0.037531935378731306,HIGH_VOLATILITY
2020-11-29,18177.484375,18283.62890625,17559.1171875,0.02596712538731971,0.03985764497459512,0.04128076398966471,17379.195703125,TREND_UP,0.038412595255544295,HIGH_VOLATILITY
2020-11-30,19625.8359375,19749.263671875,18178.322265625,0.07967832801396635,0.08004456020384482,0.027488865921369256,17595.9423828125,TREND_UP,0.04382564928828801,HIGH_VOLATILITY
2020-12-01,18802.998046875,19845.974609375,18321.921875,-0.04192625951044282,0.08105370912530052,0.028319596921566072,17751.02529296875,TREND_UP,0.04641115699141204,HIGH_VOLATILITY
2020-12-02,19201.091796875,19308.330078125,18347.71875,0.021171823185194727,0.050028995136690124,0.027258479843991688,17897.2626953125,TREND_UP,0.04638218662966166,HIGH_VOLATILITY
2020-12-03,19445.3984375,19566.19140625,18925.78515625,0.012723580680175761,0.03293356276850524,0.026350715781961687,18053.6421875,TREND_UP,0.04638650435680369,HIGH_VOLATILITY
2020-12-04,18699.765625,19511.404296875,18697.193359375,-0.038344949058079725,0.043541237565644625,0.023037099238218225,18185.22353515625,TREND_UP,0.04670787836713172,HIGH_VOLATILITY
2020-12-05,19154.23046875,19160.44921875,18590.193359375,0.024303237423597412,0.029771796904363695,0.02712286380891795,18345.1556640625,TREND_UP,0.04684347620087698,HIGH_VOLATILITY
2020-12-06,19345.12109375,19390.5,18897.89453125,0.009965977245154134,0.025464067470177296,0.02789013453796401,18476.60615234375,TREND_UP,0.03530779245574163,HIGH_VOLATILITY
2020-12-07,19191.630859375,19411.828125,18931.142578125,-0.007934312410408761,0.025046623207646154,0.027807661012787418,18553.9173828125,TREND_UP,0.0356094657385341,HIGH_VOLATILITY
2020-12-08,18321.14453125,19283.478515625,18269.9453125,-0.0453576006387062,0.05532040868932818,0.01897544208631016,18579.77431640625,TREND_DOWN,0.03874340246767846,HIGH_VOLATILITY
2020-12-09,18553.916015625,18626.29296875,17935.546875,0.012705073309037251,0.037229126895276174,0.03881938199378562,18616.615625,TREND_DOWN,0.03813099006137834,HIGH_VOLATILITY
2020-12-10,18264.9921875,18553.298828125,17957.064453125,-0.015572121156616547,0.032643560362869715,0.03902333109660095,18598.79951171875,TREND_DOWN,0.027052226358719327,HIGH_VOLATILITY
2020-12-11,18058.904296875,18268.453125,17619.533203125,-0.011283218109780502,0.03593351574421336,0.03518294089844143,18569.63310546875,TREND_DOWN,0.024222073392998426,LOW_VOLATILITY
2020-12-12,18803.65625,18919.55078125,18046.041015625,0.041240151721379625,0.04645425091862121,0.03515657354699917,18591.3158203125,TREND_UP,0.02716945582291169,HIGH_VOLATILITY
2020-12-13,19142.3828125,19381.53515625,18734.33203125,0.018013866983980886,0.03380995622850963,0.040033417924318755,18630.22890625,TREND_UP,0.02753179673183963,HIGH_VOLATILITY
2020-12-14,19246.64453125,19305.099609375,19012.708984375,0.005446642655266398,0.015191771455292227,0.04529735582445964,18637.187890625,TREND_UP,0.024260095316379755,LOW_VOLATILITY
2020-12-15,19417.076171875,19525.0078125,19079.841796875,0.008855135259981495,0.022926521567124943,0.04505957758388442,18671.43564453125,TREND_UP,0.023233788433888496,LOW_VOLATILITY
2020-12-16,21310.59765625,21458.908203125,19298.31640625,0.09751836309514528,0.10138579085046631,0.037415438292932895,18879.434375,TREND_UP,0.03832708261752159,HIGH_VOLATILITY
2020-12-17,22805.162109375,23642.66015625,21234.67578125,0.07013245133867341,0.10558944345368626,0.02848538392692799,19164.27236328125,TREND_UP,0.04196401916970287,HIGH_VOLATILITY
2020-12-18,23137.9609375,23238.6015625,22399.8125,0.014593135822884129,0.036251641394232086,0.031098211890184545,19435.29970703125,TREND_UP,0.03569384327896179,HIGH_VOLATILITY
2020-12-19,23869.83203125,24085.85546875,22826.47265625,0.03163075154837203,0.05276043881880846,0.038650069928012676,19719.91708984375,TREND_UP,0.03552001844615084,HIGH_VOLATILITY
2020-12-20,23477.294921875,24209.66015625,23147.7109375,-0.01644490454985592,0.045233031415409256,0.03742401374347723,19912.4900390625,TREND_UP,0.03563456231324275,HIGH_VOLATILITY
2020-12-21,22803.08203125,24059.982421875,22159.3671875,-0.028717656479103182,0.08334905043846012,0.03168667751312844,20112.49423828125,TREND_UP,0.03800723339467095,HIGH_VOLATILITY
2020-12-22,23783.029296875,23789.90234375,22430.60546875,0.042974334095805755,0.05715406805551917,0.031053624750125925,20341.59111328125,TREND_UP,0.03809733629299395,HIGH_VOLATILITY
2020-12-23,23241.345703125,24024.490234375,22802.646484375,-0.022776055438033516,0.05257198811150219,0.02637653152530744,20531.3884765625,TREND_UP,0.04093503840277252,HIGH_VOLATILITY
2020-12-24,23735.94921875,23768.337890625,22777.59765625,0.021281190940612982,0.04174007221048374,0.0280183114005813,20783.19765625,TREND_UP,0.04060061785354375,HIGH_VOLATILITY
2020-12-25,24664.791015625,24710.1015625,23463.673828125,0.03913227940938091,0.0505346967499297,0.028251602139784504,21058.72568359375,TREND_UP,0.040648248394291216,HIGH_VOLATILITY
2020-12-26,26437.037109375,26718.0703125,24522.689453125,0.07185327832809496,0.08304186472532062,0.03469395283796849,21413.321484375,TREND_UP,0.03611324386025913,HIGH_VOLATILITY
2020-12-27,26272.294921875,28288.83984375,25922.76953125,-0.0062314920850786715,0.09005952161910104,0.031538812935019395,21767.3546875,TREND_UP,0.03281347399877266,HIGH_VOLATILITY
2020-12-28,27084.80859375,27389.111328125,26207.640625,0.03092663485588698,0.043621157559061804,0.03829793311786444,22205.537890625,TREND_UP,0.0332100510191182,HIGH_VOLATILITY
2020-12-29,27362.4375,27370.720703125,25987.298828125,0.010250355112868093,0.05055916071073712,0.04017730508980756,22645.96396484375,TREND_UP,0.03280363876011738,HIGH_VOLATILITY
2020-12-30,28840.953125,28937.740234375,27360.08984375,0.054034499850387885,0.05470174247665402,0.04416147648877351,23174.76201171875,TREND_UP,0.03305240910440574,HIGH_VOLATILITY
2020-12-31,29001.720703125,29244.876953125,28201.9921875,0.005574281038085438,0.03595941000537347,0.04331179395954411,23721.90283203125,TREND_UP,0.028794220329847155,HIGH_VOLATILITY
2021-01-01,29374.15234375,29600.626953125,28803.5859375,0.012841708408869223,0.027134094162025685,0.04123227484643664,24250.42763671875,TREND_UP,0.028240929218493294,HIGH_VOLATILITY
2021-01-02,32127.267578125,33155.1171875,29091.181640625,0.09372577639540935,0.1264949014724824,0.041621242089395535,24899.671875,TREND_UP,0.03168055206414447,HIGH_VOLATILITY
2021-01-03,32782.0234375,34608.55859375,32052.31640625,0.020380066800975483,0.07797694954289687,0.05175331440478499,25576.4408203125,TREND_UP,0.031719916861921105,HIGH_VOLATILITY
2021-01-04,31971.9140625,33440.21875,28722.755859375,-0.024712000360334718,0.14755021802583076,0.06151954131309351,26204.18271484375,TREND_UP,0.03647312581582091,HIGH_VOLATILITY
2021-01-05,33992.4296875,34437.58984375,30221.1875,0.06319658000613337,0.12403945179889549,0.061712287919588764,26838.27431640625,TREND_UP,0.03537282840672913,HIGH_VOLATILITY
2021-01-06,36824.36328125,36879.69921875,33514.03515625,0.08331071417326141,0.0913977530797853,0.06561495096119321,27539.234375,TREND_UP,0.037572514315041355,HIGH_VOLATILITY
2021-01-07,39371.04296875,40180.3671875,36491.19140625,0.0691574669750421,0.09370276993114486,0.06278624543365384,28350.8884765625,TREND_UP,0.03903393019761171,HIGH_VOLATILITY
2021-01-08,40797.609375,41946.73828125,36838.63671875,0.0362338992996023,0.12520590399177034,0.06433633164176995,29197.27734375,TREND_UP,0.03776839894444824,HIGH_VOLATILITY
2021-01-09,40254.546875,41436.3515625,38980.875,-0.013311135341493308,0.060998738108389156,0.06436229810722265,30036.13994140625,TREND_UP,0.04111601506023232,HIGH_VOLATILITY
2021-01-10,38356.44140625,41420.19140625,35984.62890625,-0.047152573214749416,0.14171185596780364,0.06262721098220926,30813.80791015625,TREND_UP,0.048053106363957716,HIGH_VOLATILITY
2021-01-11,35566.65625,38346.53125,30549.599609375,-0.07273315912449108,0.2192202602859244,0.056341045736913516,31402.9892578125,TREND_UP,0.057928086958502115,HIGH_VOLATILITY
2021-01-12,33922.9609375,36568.52734375,32697.9765625,-0.046214502171538774,0.11409825894564868,0.052700854093393326,31937.07001953125,TREND_UP,0.055194698280717845,HIGH_VOLATILITY
2021-01-13,37316.359375,37599.9609375,32584.66796875,0.10003249550509552,0.13439931045658174,0.03482508595728977,32616.09052734375,TREND_UP,0.06261793017577907,HIGH_VOLATILITY
2021-01-14,39187.328125,39966.40625,36868.5625,0.050138030111625875,0.07905218085087296,0.05047588210412223,33342.2173828125,TREND_UP,0.06184141866056757,HIGH_VOLATILITY
2021-01-15,36825.3671875,39577.7109375,34659.58984375,-0.06027358971670127,0.13355253373873777,0.061545209172178386,33861.63388671875,TREND_UP,0.065006135471981,HIGH_VOLATILITY
2021-01-16,36178.140625,37864.3671875,35633.5546875,-0.017575563040677422,0.06166188923646487,0.0617916937879343,34356.926171875,TREND_UP,0.05998512273727623,HIGH_VOLATILITY
2021-01-17,35791.27734375,36722.3515625,34069.3203125,-0.010693288117263444,0.07412507870338084,0.06236931809624176,34792.249609375,TREND_UP,0.054823741838563235,HIGH_VOLATILITY
2021-01-18,36630.07421875,37299.28515625,34883.84375,0.023435790428599335,0.06594148272333003,0.060816255118830126,35255.6314453125,TREND_UP,0.053812441864241646,HIGH_VOLATILITY
2021-01-19,36069.8046875,37755.890625,36069.8046875,-0.015295342507474663,0.04674508088158053,0.06139382523305128,35617.0740234375,TREND_UP,0.05383197786741138,HIGH_VOLATILITY
2021-01-20,35547.75,36378.328125,33570.4765625,-0.014473454791977813,0.07898816556603441,0.06459024903748446,35944.37548828125,TREND_DOWN,0.05227052158756001,HIGH_VOLATILITY
2021-01-21,30825.69921875,35552.6796875,30250.75,-0.1328368400602007,0.17199706160355496,0.0561804050262374,36016.95283203125,TREND_DOWN,0.06308634675769502,HIGH_VOLATILITY
2021-01-22,33005.76171875,33811.8515625,28953.373046875,0.07072224005462169,0.1472009207672666,0.05079106435162919,36060.8775390625,TREND_DOWN,0.06684289213530023,HIGH_VOLATILITY
2021-01-23,32067.642578125,33360.9765625,31493.16015625,-0.02842289017956734,0.05824614022373239,0.04866096478378127,36025.15849609375,TREND_DOWN,0.05694815489153758,HIGH_VOLATILITY
2021-01-24,32289.37890625,32944.0078125,31106.685546875,0.006914643868341619,0.05690175307984521,0.05150286226381475,36041.03173828125,TREND_DOWN,0.05308859190754836,HIGH_VOLATILITY
2021-01-25,32366.392578125,34802.7421875,32087.787109375,0.0023851084933719235,0.08388191768890293,0.05157376766165304,35959.7298828125,TREND_DOWN,0.05118881534011356,HIGH_VOLATILITY
2021-01-26,32569.849609375,32794.55078125,31030.265625,0.006286058316783416,0.05416927549282153,0.05527844736817959,35747.00419921875,TREND_DOWN,0.05143405040954886,HIGH_VOLATILITY
2021-01-27,30432.546875,32564.029296875,29367.138671875,-0.06562212475675022,0.10504840880163764,0.04411731906103178,35300.07939453125,TREND_DOWN,0.05445579694075257,HIGH_VOLATILITY
2021-01-28,33466.09765625,33858.3125,30023.20703125,0.09968113394222766,0.11459673333122454,0.03456491284376533,34933.50380859375,TREND_DOWN,0.06475153656709694,HIGH_VOLATILITY
2021-01-29,34316.38671875,38406.26171875,32064.814453125,0.02540747568580648,0.1847935599280364,0.035073103598725335,34636.59580078125,TREND_DOWN,0.06545227094064102,HIGH_VOLATILITY
2021-01-30,34269.5234375,34834.70703125,32940.1875,-0.0013656239986477026,0.05528292608752447,0.03449520283173587,34432.24990234375,TREND_DOWN,0.06532800916704139,HIGH_VOLATILITY
2021-01-31,33114.359375,34288.33203125,32270.17578125,-0.03370820328466961,0.06094504885767551,0.028917185339902285,34309.63505859375,TREND_DOWN,0.048593308867366396,HIGH_VOLATILITY
2021-02-01,33537.17578125,34638.21484375,32384.228515625,0.012768370405776608,0.06720859093284656,0.06755206398677935,34290.34580078125,TREND_DOWN,0.043500934259921936,HIGH_VOLATILITY
2021-02-02,35510.2890625,35896.8828125,33489.21875,0.05883361479570781,0.06780187168463718,0.06913598628941604,34200.04228515625,TREND_UP,0.04533659395695535,HIGH_VOLATILITY
2021-02-03,37472.08984375,37480.1875,35443.984375,0.055245981743407446,0.05433919307651372,0.07408121411334849,34114.28037109375,TREND_UP,0.04736478840058017,HIGH_VOLATILITY
2021-02-04,36926.06640625,38592.17578125,36317.5,-0.014571470120209207,0.061600814888449505,0.0725762615926362,34119.31533203125,TREND_UP,0.0482021281658186,HIGH_VOLATILITY
2021-02-05,38144.30859375,38225.90625,36658.76171875,0.032991388091470286,0.04108462281858686,0.07489249881378113,34217.62373046875,TREND_UP,0.0484482231216866,HIGH_VOLATILITY
2021-02-06,39266.01171875,40846.546875,38138.38671875,0.029406828078771152,0.06896957540907625,0.07662651402811395,34391.36044921875,TREND_UP,0.038810062078547355,HIGH_VOLATILITY
2021-02-07,38903.44140625,39621.8359375,37446.15234375,-0.009233693380855112,0.055925221911099804,0.07478451625470359,34505.02880859375,TREND_UP,0.03033955809950308,HIGH_VOLATILITY
2021-02-08,46196.46484375,46203.9296875,38076.32421875,0.18746473766529936,0.17593565863188768,0.03398757295877836,35011.36181640625,TREND_UP,0.062455982958060756,HIGH_VOLATILITY
2021-02-09,46481.10546875,48003.72265625,45166.9609375,0.006161523959955284,0.06103042709810766,0.034852931689571084,35558.02958984375,TREND_UP,0.06205616481657099,HIGH_VOLATILITY
2021-02-10,44918.18359375,47145.56640625,43881.15234375,-0.03362488605290981,0.07267466761399088,0.03385901199379872,36262.65380859375,TREND_UP,0.06204628740021135,HIGH_VOLATILITY
2021-02-11,47909.33203125,48463.46875,44187.76171875,0.0665910372634968,0.08924580765311169,0.028981665469103152,37007.83232421875,TREND_UP,0.06247318314648547,HIGH_VOLATILITY
2021-02-12,47504.8515625,48745.734375,46424.9765625,-0.008442623839676311,0.048853069448005396,0.037475133289697524,37779.6927734375,TREND_UP,0.06358412390508417,HIGH_VOLATILITY
2021-02-13,47105.515625,48047.74609375,46392.28125,-0.008406213773231364,0.035143758045849856,0.03596739353493503,38520.499609375,TREND_UP,0.06409334145007,HIGH_VOLATILITY
2021-02-14,48717.2890625,49487.640625,47114.5078125,0.03421623595697554,0.04871233309914842,0.03577921825554317,39338.04443359375,TREND_UP,0.06260001057625873,HIGH_VOLATILITY
2021-02-15,47945.05859375,48875.5703125,46347.4765625,-0.01585126109458379,0.052728974041332304,0.045826764390662814,40106.8048828125,TREND_UP,0.06420071840304634,HIGH_VOLATILITY
2021-02-16,49199.87109375,50341.1015625,47201.3046875,0.026171883752032166,0.06381717685839339,0.0634966720596699,41045.17109375,TREND_UP,0.06418323175939819,HIGH_VOLATILITY
2021-02-17,52149.0078125,52533.9140625,49072.37890625,0.05994196027730325,0.06637777594342414,0.05877624871441695,41979.3166015625,TREND_UP,0.06386999109708935,HIGH_VOLATILITY
2021-02-18,51679.796875,52474.10546875,51015.765625,-0.008997504596578998,0.028218761139432207,0.06147167860825124,42847.487109375,TREND_UP,0.03356442403233637,HIGH_VOLATILITY
2021-02-19,55888.1328125,56113.65234375,50937.27734375,0.08143096900475189,0.09262028877161282,0.04599132784517193,43928.417578125,TREND_UP,0.03999010459509663,HIGH_VOLATILITY
2021-02-20,56099.51953125,57505.2265625,54626.55859375,0.0037823185014820293,0.05131359399872311,0.045316499518202276,45077.6755859375,TREND_UP,0.03604392342440459,HIGH_VOLATILITY
2021-02-21,57539.9453125,58330.5703125,55672.609375,0.025676258785917394,0.04619331706112316,0.03932927588401227,46277.8140625,TREND_UP,0.032720425138067624,HIGH_VOLATILITY
2021-02-22,54207.3203125,57533.390625,48967.56640625,-0.05791845963531039,0.15801969492992543,0.061658242063810126,47212.665625,TREND_UP,0.04020706450512235,HIGH_VOLATILITY
2021-02-23,48824.42578125,54204.9296875,45290.58984375,-0.09930198541853996,0.18257951222384608,0.04901797915116812,47780.282421875,TREND_UP,0.05380975678025726,HIGH_VOLATILITY
2021-02-24,49705.33203125,51290.13671875,47213.5,0.018042326886684945,0.08201608463629209,0.051637850973297185,48419.245703125,TREND_UP,0.053069153434233705,HIGH_VOLATILITY
2021-02-25,47093.8515625,51948.96875,47093.8515625,-0.052539242009451814,0.10309450228458365,0.049412576303982346,48866.7228515625,TREND_DOWN,0.05574096078415478,HIGH_VOLATILITY
2021-02-26,46339.76171875,48370.78515625,44454.84375,-0.016012490351298148,0.08450499659486879,0.04850501806008466,49220.4103515625,TREND_DOWN,0.05510158229547851,HIGH_VOLATILITY
2021-02-27,46188.453125,48253.26953125,45269.02734375,-0.003265200081699504,0.06461013490587643,0.04839542949283226,49584.6609375,TREND_DOWN,0.05029201229809451,HIGH_VOLATILITY
2021-02-28,45137.76953125,46716.4296875,43241.6171875,-0.022747754528746222,0.07698237055320824,0.047892871399831824,49531.726171875,TREND_DOWN,0.050421708387642615,HIGH_VOLATILITY
2021-03-01,49631.2421875,49784.015625,45115.09375,0.09955017057586457,0.09407223493140583,0.03266156495383722,49689.2330078125,TREND_DOWN,0.05433715925667785,HIGH_VOLATILITY
2021-03-02,48378.98828125,50127.51171875,47228.84375,-0.025231161886280384,0.05991584511645156,0.03224319946091473,49862.2732421875,TREND_DOWN,0.054265939157590384,HIGH_VOLATILITY
2021-03-03,50538.2421875,52535.13671875,48274.3203125,0.04463205996986197,0.08430875752350285,0.030241776287626226,49993.71875,TREND_UP,0.056082286758449854,HIGH_VOLATILITY
2021-03-04,48561.16796875,51735.08984375,47656.9296875,-0.039120359814156846,0.08397986141672643,0.018708615438873075,50046.5345703125,TREND_DOWN,0.05464948614832251,HIGH_VOLATILITY
2021-03-05,48927.3046875,49396.4296875,46542.515625,0.007539701660092213,0.058329680752455614,0.021878794933677465,50137.6240234375,TREND_DOWN,0.044702435463885186,HIGH_VOLATILITY
2021-03-06,48912.3828125,49147.21875,47257.52734375,-0.0003049805235605385,0.0386342128023882,0.024793318167379407,50147.3787109375,TREND_DOWN,0.04430385136947056,HIGH_VOLATILITY
2021-03-07,51206.69140625,51384.3671875,48918.6796875,0.046906498146797926,0.04815166596955827,0.033616882011629816,50310.4603515625,TREND_UP,0.042512138321300755,HIGH_VOLATILITY
2021-03-08,52246.5234375,52314.0703125,49506.0546875,0.020306565464276005,0.05374550190615255,0.044995188366089615,50462.79296875,TREND_UP,0.041662272599211396,HIGH_VOLATILITY
2021-03-09,54824.1171875,54824.1171875,51981.83203125,0.049335220420617,0.051843701313589896,0.04186822944308732,50596.5484375,TREND_UP,0.04271216634450719,HIGH_VOLATILITY
2021-03-10,56008.55078125,57258.25390625,53290.890625,0.021604243798385436,0.07083495691122497,0.04314765438505149,50812.9861328125,TREND_UP,0.04023152726753538,HIGH_VOLATILITY
2021-03-11,57805.12109375,58091.0625,54484.59375,0.032076714848716215,0.06239012533424029,0.04256902640208706,50908.835546875,TREND_UP,0.030312889280172044,HIGH_VOLATILITY
2021-03-12,57332.08984375,57996.62109375,55376.6484375,-0.008183206626845796,0.04569818863031754,0.042440848923476014,50970.4640625,TREND_UP,0.02815292984265364,HIGH_VOLATILITY
2021-03-13,61243.0859375,61683.86328125,56217.97265625,0.06821652767950437,0.08924910528803315,0.03143564095238496,51155.62109375,TREND_UP,0.03147249394327322,HIGH_VOLATILITY
2021-03-14,59302.31640625,61597.91796875,59302.31640625,-0.031689610370558396,0.03871014998426034,0.029718567705266447,51410.3708984375,TREND_UP,0.02997804804206345,HIGH_VOLATILITY
2021-03-15,55907.19921875,60540.9921875,55393.1640625,-0.05725100456855314,0.0920780900659666,0.028190705098413465,51764.5095703125,TREND_UP,0.038810196336254606,HIGH_VOLATILITY
2021-03-16,56804.90234375,56833.1796875,53555.02734375,0.01605702194966918,0.05770896891807932,0.027158403688608702,52119.4880859375,TREND_UP,0.038478827494972195,HIGH_VOLATILITY
2021-03-17,58870.89453125,58969.81640625,54528.62890625,0.036369962842253134,0.07543944312995818,0.022091733050608,52708.340234375,TREND_UP,0.037666194799260574,HIGH_VOLATILITY
2021-03-18,57858.921875,60116.25,54253.578125,-0.017189693893861602,0.10132701552348101,0.022166855708111593,53284.2982421875,TREND_UP,0.03889075941848142,HIGH_VOLATILITY
2021-03-19,58346.65234375,59498.375,56643.703125,0.008429650137686817,0.048926061056282485,0.03792311569073643,53892.208203125,TREND_UP,0.036479465320990424,HIGH_VOLATILITY
2021-03-20,58313.64453125,60031.28515625,58213.296875,-0.0005657190459794625,0.031176036000901106,0.03885322517950768,54551.001953125,TREND_UP,0.03615499598356641,HIGH_VOLATILITY
2021-03-21,57523.421875,58767.8984375,56005.6171875,-0.013551247955811196,0.04802011354613977,0.03869935029781443,54945.6109375,TREND_UP,0.03517169037254819,HIGH_VOLATILITY
2021-03-22,54529.14453125,58471.48046875,54288.15625,-0.05205318540083803,0.07671721709025871,0.03380359711749944,55253.11875,TREND_DOWN,0.038857547303167074,HIGH_VOLATILITY
2021-03-23,54738.9453125,55985.44140625,53470.6953125,0.0038474981233158623,0.045940711487836086,0.033976552309456,55463.15390625,TREND_DOWN,0.029776300019639157,HIGH_VOLATILITY
2021-03-24,52774.265625,57262.3828125,52514.33203125,-0.035891807492523076,0.0899690545196478,0.02786923635694088,55673.8087890625,TREND_DOWN,0.030132022064369348,HIGH_VOLATILITY
2021-03-25,51704.16015625,53392.38671875,50856.5703125,-0.020277031922222966,0.04904472674126727,0.023899481340583832,55812.6515625,TREND_DOWN,0.025809018537094407,HIGH_VOLATILITY
2021-03-26,55137.3125,55137.3125,51579.85546875,0.06639992475218648,0.0645199569937327,0.012258379086629809,56123.898046875,TREND_DOWN,0.03439316347428832,HIGH_VOLATILITY
2021-03-27,55973.51171875,56568.21484375,54242.91015625,0.015165759461888806,0.04154294801412415,0.019353226803934448,56362.2390625,TREND_DOWN,0.032325512294996396,HIGH_VOLATILITY
2021-03-28,55950.74609375,56610.3125,55071.11328125,-0.0004067213991215679,0.02750989622499309,0.020060244016972453,56547.4501953125,TREND_DOWN,0.032031773495518515,HIGH_VOLATILITY
2021-03-29,57750.19921875,58342.09765625,55139.33984375,0.03216137854506651,0.05545881842534228,0.016786733677474613,56693.754296875,TREND_UP,0.03379426226407568,HIGH_VOLATILITY
2021-03-30,58917.69140625,59447.22265625,57251.55078125,0.020216245195582738,0.037266766952227914,0.016099013229851016,56839.211328125,TREND_UP,0.03442407156229179,HIGH_VOLATILITY
2021-03-31,58918.83203125,59930.02734375,57726.41796875,1.9359634988669328e-05,0.03740076473055722,0.0207993833791194,56894.896875,TREND_UP,0.03402732333551175,HIGH_VOLATILITY
2021-04-01,59095.80859375,59586.0703125,58505.27734375,0.0030037350775407035,0.018288826136212733,0.02754580976288546,56983.0828125,TREND_UP,0.02807878330429868,HIGH_VOLATILITY
2021-04-02,59384.3125,60267.1875,58869.28125,0.004881969011259368,0.02353999214859985,0.027403548349315424,56890.144140625,TREND_UP,0.028061950496858275,HIGH_VOLATILITY
2021-04-03,57603.890625,60110.26953125,57603.890625,-0.029981350293480258,0.04351058373064536,0.026244468808191142,56805.2228515625,TREND_UP,0.02706704330881514,HIGH_VOLATILITY
2021-04-04,58758.5546875,58913.74609375,57168.67578125,0.0200448971410081,0.02969899994615146,0.025501310050997213,56947.790625,TREND_UP,0.025135942679510335,LOW_VOLATILITY
2021-04-05,59057.87890625,59891.296875,57694.82421875,0.005094138552963257,0.03719186494551789,0.02570617607507946,57060.439453125,TREND_UP,0.016799162438344173,LOW_VOLATILITY
2021-04-06,58192.359375,59479.578125,57646.80859375,-0.014655445594718208,0.03149502015272086,0.03224266297775613,57026.5126953125,TREND_UP,0.01780900000847103,LOW_VOLATILITY
2021-04-07,56048.9375,58731.14453125,55604.0234375,-0.036833390122360865,0.055792691766012516,0.02578451475813585,56936.0134765625,TREND_DOWN,0.022041516442282635,LOW_VOLATILITY
2021-04-08,58323.953125,58338.73828125,55879.0859375,0.04058980823677527,0.04217225019844709,0.02398066593685721,56934.878515625,TREND_UP,0.02350382804080621,LOW_VOLATILITY
2021-04-09,58245.00390625,58937.046875,57807.86328125,-0.0013536328475677317,0.019386788874930998,0.028097062098394424,56931.446484375,TREND_UP,0.022538574480028318,LOW_VOLATILITY
2021-04-10,59793.234375,61276.6640625,58038.70703125,0.026581343719059625,0.05415256533779036,0.027925870185334427,57044.937109375,TREND_UP,0.024167747264617633,LOW_VOLATILITY
2021-04-11,60204.96484375,60790.5546875,59289.796875,0.006885903949730876,0.02492747593815424,0.039830624352005864,57328.728125,TREND_UP,0.024221473328376177,LOW_VOLATILITY
2021-04-12,59893.453125,61253.03515625,59589.875,-0.005174186540237491,0.027768646980145213,0.039795386427433244,57586.453515625,TREND_UP,0.024302928681522742,LOW_VOLATILITY
2021-04-13,63503.45703125,63742.28515625,59869.95703125,0.06027376479221824,0.06097822553336633,0.02840094619457131,58122.9130859375,TREND_UP,0.027954329713582943,HIGH_VOLATILITY
2021-04-14,63109.6953125,64863.09765625,61554.796875,-0.00620063437737306,0.05242143485035543,0.029917896376208876,58693.18984375,TREND_UP,0.028152968580091232,HIGH_VOLATILITY
2021-04-15,63314.01171875,63821.671875,62208.96484375,0.003237480473297971,0.025471566047873855,0.028273217603303917,59102.0248046875,TREND_UP,0.02817686217583863,HIGH_VOLATILITY
2021-04-16,61572.7890625,63594.72265625,60222.53125,-0.027501379378466195,0.05476755978727921,0.028848786293379638,59381.988671875,TREND_UP,0.02955017294021945,HIGH_VOLATILITY
2021-04-17,60683.8203125,62572.17578125,60361.3515625,-0.014437688523377457,0.03643185625698984,0.028538918909717936,59618.6423828125,TREND_UP,0.026644772741792246,HIGH_VOLATILITY
2021-04-18,56216.18359375,61057.45703125,52829.53515625,-0.0736215468265391,0.14636215674937356,0.01970870988437607,59541.9416015625,TREND_DOWN,0.034562847048115436,HIGH_VOLATILITY
2021-04-19,55724.265625,57520.0546875,54368.59375,-0.008750468945115109,0.056554553068639025,0.05041930084557023,59382.2703125,TREND_DOWN,0.034599712253113826,HIGH_VOLATILITY
2021-04-20,56473.03125,57062.1484375,53448.046875,0.013436976092944253,0.06399694655136827,0.05075146972189632,59259.9802734375,TREND_DOWN,0.03354799373837845,HIGH_VOLATILITY
2021-04-21,53906.08984375,56757.97265625,53695.46875,-0.045454287638402646,0.056811835455453166,0.047210452449014915,59000.4943359375,TREND_DOWN,0.03548262731162845,HIGH_VOLATILITY
2021-04-22,51762.2734375,55410.23046875,50583.8125,-0.0397694659817468,0.09324200133090416,0.045050936736037196,58619.3923828125,TREND_DOWN,0.03658384036248594,HIGH_VOLATILITY
2021-04-23,51093.65234375,52120.79296875,47714.6640625,-0.012917150838772984,0.08623632690429454,0.051504157073468435,58293.88046875,TREND_DOWN,0.025845778176259302,HIGH_VOLATILITY
2021-04-24,50050.8671875,51167.5625,48805.28515625,-0.02040928977310741,0.04719753076206378,0.0493596557457983,57858.49609375,TREND_DOWN,0.025314808922645798,LOW_VOLATILITY
2021-04-25,49004.25390625,50506.01953125,47159.484375,-0.02091099195802515,0.0682907072241576,0.049329078909966365,57355.81484375,TREND_DOWN,0.023672807057887015,LOW_VOLATILITY
2021-04-26,54021.75390625,54288.00390625,48852.796875,0.10238907033660749,0.10061145072561553,0.03425392565779285,57147.2845703125,TREND_DOWN,0.04665105916082531,HIGH_VOLATILITY
2021-04-27,55033.1171875,55416.96484375,53319.1875,0.018721407731506323,0.038118453959327614,0.04414855817805427,57096.4935546875,TREND_DOWN,0.0476302331788411,HIGH_VOLATILITY
2021-04-28,54824.703125,56227.20703125,53887.91796875,-0.003787066282106566,0.04266852220187011,0.0535782843471069,56921.5310546875,TREND_DOWN,0.04182421843854593,HIGH_VOLATILITY
2021-04-29,53555.109375,55115.84375,52418.02734375,-0.02315733013830157,0.05037458494127107,0.053105329503536025,56687.036328125,TREND_DOWN,0.04233732146881839,HIGH_VOLATILITY
2021-04-30,57750.17578125,57900.71875,53129.6015625,0.07833176806484676,0.08261649636483114,0.043956502601932367,56584.8833984375,TREND_UP,0.04953080364243518,HIGH_VOLATILITY
2021-05-01,57828.05078125,58448.33984375,57052.2734375,0.0013484807439372304,0.024141681889486347,0.045007139187074,56466.0376953125,TREND_UP,0.046532114771261304,HIGH_VOLATILITY
2021-05-02,56631.078125,57902.59375,56141.90625,-0.020698824187899145,0.031090481733610825,0.04421739252394137,56302.9189453125,TREND_UP,0.04471276658957154,HIGH_VOLATILITY
2021-05-03,57200.29296875,58973.30859375,56590.87109375,0.010051280367532334,0.0416507919164258,0.04727894964397426,55987.7607421875,TREND_UP,0.04399512875585334,HIGH_VOLATILITY
2021-05-04,53333.5390625,57214.1796875,53191.42578125,-0.06760024652955021,0.07542634479095515,0.03762751465615688,55498.9529296875,TREND_DOWN,0.050001122677344544,HIGH_VOLATILITY
2021-05-05,57424.0078125,57911.36328125,52969.0546875,0.07669599321369813,0.08606693928239129,0.05478200124248655,55204.452734375,TREND_UP,0.053265893376698105,HIGH_VOLATILITY
2021-05-06,56396.515625,58363.31640625,55382.5078125,-0.01789307689659958,0.05285448153517906,0.05613449328312855,54945.6390625,TREND_UP,0.04480817242169462,HIGH_VOLATILITY
2021-05-07,57356.40234375,58606.6328125,55321.84765625,0.017020319573156195,0.057269720938275266,0.05500158704269978,54779.2681640625,TREND_UP,0.0447543383044143,HIGH_VOLATILITY
2021-05-08,58803.77734375,59464.61328125,56975.2109375,0.02523475916996243,0.04233405499101985,0.0533903646015912,54908.6478515625,TREND_UP,0.04505892018769147,HIGH_VOLATILITY
2021-05-09,58232.31640625,59210.8828125,56482.00390625,-0.009718099130935132,0.046861932937929854,0.05361622692316511,55034.050390625,TREND_UP,0.044221211075146774,HIGH_VOLATILITY
2021-05-10,55859.796875,59519.35546875,54071.45703125,-0.04074231762821234,0.09752807461314278,0.054956193342658,55003.388671875,TREND_UP,0.039320906236075,HIGH_VOLATILITY
2021-05-11,56704.57421875,56872.54296875,54608.65234375,0.01512317249631967,0.03992430339511163,0.051624153747796754,55143.312890625,TREND_UP,0.03971506904891531,HIGH_VOLATILITY
2021-05-12,49150.53515625,57939.36328125,49150.53515625,-0.1332174549686006,0.17881449504181868,0.05300177224312447,55012.7259765625,TREND_DOWN,0.05770237822624044,HIGH_VOLATILITY
2021-05-13,49716.19140625,51330.84375,46980.01953125,0.011508648851976444,0.08751322447847529,0.07411429011394557,54943.8529296875,TREND_DOWN,0.057767480249675984,HIGH_VOLATILITY
2021-05-14,49880.53515625,51438.1171875,48868.578125,0.00330563837155351,0.0515138631622728,0.07591720218227947,54935.336328125,TREND_DOWN,0.054492336885922234,HIGH_VOLATILITY
2021-05-15,46760.1875,50639.6640625,46664.140625,-0.06255641898138342,0.08501940753552367,0.07667947035614514,54823.1330078125,TREND_DOWN,0.04870478990370581,HIGH_VOLATILITY
2021-05-16,46456.05859375,49720.04296875,43963.3515625,-0.0065040138312105755,0.12391691375696001,0.0776901608723219,54444.8482421875,TREND_DOWN,0.04887145216463929,HIGH_VOLATILITY
2021-05-17,43537.51171875,46623.55859375,42207.2890625,-0.06282381595309616,0.10143596537576298,0.09487171722522339,53870.06796875,TREND_DOWN,0.049026407149383104,HIGH_VOLATILITY
2021-05-18,42909.40234375,45812.45703125,42367.83203125,-0.014426855146374762,0.08027669489322843,0.09488533147183358,53274.3029296875,TREND_DOWN,0.04592365322040246,HIGH_VOLATILITY
2021-05-19,37002.44140625,43546.1171875,30681.49609375,-0.13766122609163733,0.34766952138398804,0.0771599648862055,52446.66953125,TREND_DOWN,0.05629501540144089,HIGH_VOLATILITY
2021-05-20,40782.73828125,42462.984375,35050.6171875,0.10216344466291027,0.18175256247832336,0.06624022090123,51598.29765625,TREND_DOWN,0.07264064232843191,HIGH_VOLATILITY
2021-05-21,37304.69140625,42172.171875,33616.453125,-0.08528232829817228,0.22934699169141448,0.06362513787306806,50572.1296875,TREND_DOWN,0.07287836640618109,HIGH_VOLATILITY
2021-05-22,37536.6328125,38831.0546875,35383.68359375,0.006217486259949112,0.09184017945802528,0.06408840190553465,49617.407421875,TREND_DOWN,0.06574288338020294,HIGH_VOLATILITY
2021-05-23,34770.58203125,38289.21875,31227.33984375,-0.0736893688644572,0.20309924348988892,0.05865429800752608,48495.921875,TREND_DOWN,0.06606241912928264,HIGH_VOLATILITY
2021-05-24,38705.98046875,39835.140625,34551.08203125,0.11318183957815453,0.13651788508538582,0.04088563032791081,47764.5439453125,TREND_DOWN,0.08038074314402656,HIGH_VOLATILITY
2021-05-25,38402.22265625,39776.3515625,36581.4296875,-0.007847826326095597,0.08319627495519516,0.04117536911467303,46813.4546875,TREND_DOWN,0.07917690882882698,HIGH_VOLATILITY
2021-05-26,39294.19921875,40782.078125,37905.8359375,0.023227211885217036,0.07319762826792878,0.04129920581574045,45958.3388671875,TREND_DOWN,0.0801531375568512,HIGH_VOLATILITY
2021-05-27,38436.96875,40379.6171875,37247.90234375,-0.021815700174415475,0.08147663422990399,0.04429839435515014,45012.3671875,TREND_DOWN,0.07838990693278479,HIGH_VOLATILITY
2021-05-28,35697.60546875,38856.96875,34779.0390625,-0.07126897282320166,0.11423538452935886,0.04096139919205626,43857.05859375,TREND_DOWN,0.08080306419006417,HIGH_VOLATILITY
2021-05-29,34616.06640625,37234.5,33693.9296875,-0.03029724398312339,0.10228112781355027,0.04190083929533996,42676.24609375,TREND_DOWN,0.06900671458996371,HIGH_VOLATILITY
2021-05-30,35678.12890625,36400.66796875,33520.73828125,0.03068120125307594,0.08071975116933616,0.04041670376993441,41667.1626953125,TREND_DOWN,0.05981556181676404,HIGH_VOLATILITY
2021-05-31,37332.85546875,37468.25,34241.9453125,0.04637929771620186,0.0864199817289793,0.04151614343095193,40698.5767578125,TREND_DOWN,0.05619774732653664,HIGH_VOLATILITY
2021-06-01,36684.92578125,37896.734375,35787.0859375,-0.017355481635803582,0.05750722926576726,0.04171151497428167,40075.2962890625,TREND_DOWN,0.056470536200745595,HIGH_VOLATILITY
2021-06-02,37575.1796875,38231.33984375,35966.30859375,0.02426756732611457,0.06027998452269544,0.0636138209565948,39468.245703125,TREND_DOWN,0.050631601626186594,HIGH_VOLATILITY
2021-06-03,39208.765625,39478.953125,37243.97265625,0.043475133082156336,0.05700206148099058,0.0609079877992834,38934.6572265625,TREND_UP,0.03787257085349821,HIGH_VOLATILITY
2021-06-04,36894.40625,39242.484375,35717.72265625,-0.05902658087058821,0.09553648037769953,0.05691891779102921,38441.3681640625,TREND_DOWN,0.04251619700587857,HIGH_VOLATILITY
2021-06-05,35551.95703125,37917.71484375,34900.4140625,-0.03638625350557034,0.0848701740553356,0.05837094001454558,37896.1630859375,TREND_DOWN,0.04258243381044871,HIGH_VOLATILITY
2021-06-06,35862.37890625,36436.421875,35304.578125,0.008731498936251025,0.03156075487794105,0.06936740322067805,37512.4064453125,TREND_DOWN,0.04266725701416651,HIGH_VOLATILITY
2021-06-07,33560.70703125,36790.5703125,33480.640625,-0.06418068028941804,0.09862514768887211,0.06009124736414758,37044.9716796875,TREND_DOWN,0.04150704844915559,HIGH_VOLATILITY
2021-06-08,33472.6328125,34017.38671875,31114.443359375,-0.0026243254847995168,0.08672587470594564,0.05953898891093964,36868.48125,TREND_DOWN,0.04057252999639539,HIGH_VOLATILITY
2021-06-09,37345.12109375,37537.37109375,32475.865234375,0.11569117681725527,0.13553325604886265,0.051778894139092785,36696.600390625,TREND_UP,0.0547502642817421,HIGH_VOLATILITY
2021-06-10,36702.59765625,38334.32421875,35847.59375,-0.01720501684509279,0.06775352774864261,0.05122191019049411,36666.495703125,TREND_UP,0.053196627287363796,HIGH_VOLATILITY
2021-06-11,37334.3984375,37608.6953125,36044.44921875,0.01721406171757467,0.04189825360032627,0.056441655577023936,36656.383984375,TREND_UP,0.05309993705709941,HIGH_VOLATILITY
2021-06-12,35552.515625,37408.92578125,34728.19140625,-0.047727642256857994,0.07540210102924327,0.053226804038625994,36695.4806640625,TREND_DOWN,0.05475040121031855,HIGH_VOLATILITY
2021-06-13,39097.859375,39322.78125,34864.109375,0.09972131894675185,0.11403877210349192,0.0315831524924315,36715.074609375,TREND_UP,0.06252932761905065,HIGH_VOLATILITY
2021-06-14,40218.4765625,40978.36328125,38757.28515625,0.028661855288592664,0.055225317188442424,0.04373456785276443,36805.8873046875,TREND_UP,0.05916880008757048,HIGH_VOLATILITY
2021-06-15,40406.26953125,41295.26953125,39609.46875,0.004669320789865594,0.04172126753612358,0.04739507865829903,36861.4908203125,TREND_UP,0.05696112663109267,HIGH_VOLATILITY
2021-06-16,38347.0625,40516.77734375,38176.03515625,-0.05096256237308472,0.06104097771504662,0.052279406146660976,36856.9955078125,TREND_UP,0.06061940196055966,HIGH_VOLATILITY
2021-06-17,38053.50390625,39513.671875,37439.67578125,-0.007655308506355651,0.054502105741946194,0.05498576302224399,36974.7904296875,TREND_UP,0.055528878380039746,HIGH_VOLATILITY
2021-06-18,35787.24609375,38187.26171875,35255.85546875,-0.0595545108824469,0.08191203766617712,0.059777251152324073,37033.3494140625,TREND_DOWN,0.06014651381937961,HIGH_VOLATILITY
2021-06-19,35615.87109375,36457.796875,34933.0625,-0.004788717174578294,0.04281053160223185,0.06103108834883301,37030.2365234375,TREND_DOWN,0.046835157475041016,HIGH_VOLATILITY
2021-06-20,35698.296875,36059.484375,33432.07421875,0.002314299179515533,0.07360043436946177,0.06987706609569909,36948.50859375,TREND_DOWN,0.04661893062586716,HIGH_VOLATILITY
2021-06-21,31676.693359375,35721.640625,31295.935546875,-0.11265533282181261,0.13971486947564157,0.05077513269998555,36698.09697265625,TREND_DOWN,0.0575402123577374,HIGH_VOLATILITY
2021-06-22,32505.66015625,33292.453125,28893.62109375,0.02616961270137308,0.13532510984565307,0.05176360118184368,36444.62099609375,TREND_DOWN,0.05758640624979879,HIGH_VOLATILITY
2021-06-23,33723.02734375,34753.41015625,31772.6328125,0.0374509295196066,0.08838996906671362,0.05250129306258399,36170.33408203125,TREND_DOWN,0.04713293233339571,HIGH_VOLATILITY
2021-06-24,34662.4375,35228.8515625,32385.21484375,0.027856637741157764,0.08203799051206367,0.0544015804787867,36058.73564453125,TREND_DOWN,0.04705326405491332,HIGH_VOLATILITY
2021-06-25,31637.779296875,35487.24609375,31350.884765625,-0.0872604012088013,0.1307412030822772,0.03985289807374428,35863.0267578125,TREND_DOWN,0.05180285147334241,HIGH_VOLATILITY
2021-06-26,32186.27734375,32637.587890625,30184.501953125,0.017336806155961115,0.07621527371124656,0.04005854189003442,35679.2216796875,TREND_DOWN,0.052194079589697046,HIGH_VOLATILITY
2021-06-27,34649.64453125,34656.12890625,32071.7578125,0.07653470332064805,0.0745857895142097,0.028662250468507053,35733.6685546875,TREND_DOWN,0.059921683659769555,HIGH_VOLATILITY
2021-06-28,34434.3359375,35219.890625,33902.07421875,-0.006213875976586625,0.03827041731375047,0.033716874389974456,35781.7537109375,TREND_DOWN,0.05709637007317845,HIGH_VOLATILITY
2021-06-29,35867.77734375,36542.109375,34252.484375,0.04162825758718758,0.06383515148030129,0.02904972648548549,35707.8865234375,TREND_UP,0.05873705458831819,HIGH_VOLATILITY
2021-06-30,35040.8359375,36074.7578125,34086.15234375,-0.02305527321430456,0.056751085285092595,0.02823810641089557,35624.7984375,TREND_DOWN,0.05928248993740544,HIGH_VOLATILITY
2021-07-01,33572.1171875,35035.984375,32883.78125,-0.04191448950075438,0.06410686323355667,0.025678965331510234,35436.684375,TREND_DOWN,0.04740620505311278,HIGH_VOLATILITY
2021-07-02,33897.046875,33939.58984375,32770.6796875,0.00967855812266083,0.034484129563277774,0.027981454447332854,35353.9109375,TREND_DOWN,0.04694417589067404,HIGH_VOLATILITY
2021-07-03,34668.546875,34909.26171875,33402.6953125,0.022760094790705843,0.043456289404976686,0.026157333271033773,35132.4453125,TREND_DOWN,0.046044153003077334,HIGH_VOLATILITY
2021-07-04,35287.78125,35937.56640625,34396.4765625,0.017861561294527206,0.04367205273780142,0.02670136015688429,34885.910546875,TREND_UP,0.045568378946060153,HIGH_VOLATILITY
2021-07-05,33746.00390625,35284.34375,33213.66015625,-0.043691535402215154,0.06136085325843558,0.023968633496656427,34552.897265625,TREND_DOWN,0.0373492064621,HIGH_VOLATILITY
2021-07-06,34235.1953125,35038.53515625,33599.91796875,0.014496276584600176,0.04202158551654969,0.023031588359898682,34347.30390625,TREND_DOWN,0.03727336275391847,HIGH_VOLATILITY
2021-07-07,33855.328125,34997.6640625,33839.2890625,-0.011095808977648836,0.034215441531775144,0.023194928130289463,34137.3951171875,TREND_DOWN,0.028273720935825232,HIGH_VOLATILITY
2021-07-08,32877.37109375,33907.90625,32133.18359375,-0.028886355129662422,0.05398006583888258,0.0237195732103977,33991.9013671875,TREND_DOWN,0.029534165652733424,HIGH_VOLATILITY
2021-07-09,33798.01171875,34042.29296875,32318.880859375,0.02800225791699673,0.05099152351671944,0.01887496843307385,33901.0083984375,TREND_DOWN,0.027422610020537072,HIGH_VOLATILITY
2021-07-10,33520.51953125,34209.0703125,33116.01171875,-0.008210311003178261,0.032608641185617064,0.019592104938048267,33792.11953125,TREND_DOWN,0.026765700872755448,HIGH_VOLATILITY
2021-07-11,34240.1875,34584.703125,33346.73828125,0.021469475378479208,0.03615531730806089,0.016653635126878126,33920.29423828125,TREND_UP,0.02419763829331533,LOW_VOLATILITY
2021-07-12,33155.84765625,34592.15625,32697.30859375,-0.031668630428790756,0.05714972742953879,0.016468607835576556,33952.80361328125,TREND_DOWN,0.026232094033438118,HIGH_VOLATILITY
2021-07-13,32702.025390625,33327.1015625,32261.419921875,-0.013687548281983153,0.032587634187652155,0.01857607740417937,33901.753515625,TREND_DOWN,0.024925127130492403,LOW_VOLATILITY
2021-07-14,32822.34765625,33061.3984375,31639.125,0.003679352094793975,0.04333247129046152,0.039090510510127525,33809.7490234375,TREND_DOWN,0.023824771005103437,LOW_VOLATILITY
2021-07-15,31780.73046875,33159.640625,31175.708984375,-0.031734999531688124,0.06242561487300616,0.03693175210562532,33816.89658203125,TREND_DOWN,0.022007219276479195,LOW_VOLATILITY
2021-07-16,31421.5390625,32218.40625,31100.673828125,-0.011302175908234458,0.03557217294963621,0.038587670848897256,33778.65966796875,TREND_DOWN,0.02085003332769028,LOW_VOLATILITY
2021-07-17,31533.068359375,31935.9453125,31223.990234375,0.003549453661488622,0.022578046323022377,0.03865867096961433,33622.830859375,TREND_DOWN,0.021147453295545633,LOW_VOLATILITY
2021-07-18,31796.810546875,32398.99609375,31215.4921875,0.008363987433579023,0.03722083711840448,0.03917036868657125,33490.95458984375,TREND_DOWN,0.02009476257667391,LOW_VOLATILITY
2021-07-19,30817.83203125,31885.859375,30563.734375,-0.030788575922789052,0.04290129813996437,0.03552226628997754,33238.45732421875,TREND_DOWN,0.018503833355038368,LOW_VOLATILITY
2021-07-20,29807.34765625,31006.1875,29360.955078125,-0.03278895069501786,0.05519553235156862,0.024009540580310802,32976.78291015625,TREND_DOWN,0.01995768912794537,LOW_VOLATILITY
2021-07-21,32110.693359375,32752.326171875,29526.18359375,0.07727442675168827,0.10046941503314188,0.019397919157704932,32903.71171875,TREND_DOWN,0.03344358018146427,HIGH_VOLATILITY
2021-07-22,32313.10546875,32576.400390625,31745.298828125,0.006303573302191001,0.025720262736856358,0.020803001582120756,32824.5146484375,TREND_DOWN,0.032331204063466984,HIGH_VOLATILITY
2021-07-23,33581.55078125,33581.55078125,32057.892578125,0.03925482537500802,0.045371883301343036,0.022704304396694627,32770.16484375,TREND_UP,0.034488022960711906,HIGH_VOLATILITY
2021-07-24,34292.4453125,34490.390625,33424.859375,0.021169199000986128,0.0310718947071296,0.02903366813538052,32720.398046875,TREND_UP,0.0349563979481001,HIGH_VOLATILITY
2021-07-25,35350.1875,35364.92578125,33881.8359375,0.030844758309330533,0.04195422849595918,0.03868386111471517,32800.6072265625,TREND_UP,0.03322176020566282,HIGH_VOLATILITY
2021-07-26,37337.53515625,40499.67578125,35287.3125,0.05621887171744144,0.13960116165776124,0.036855054459650274,32955.72421875,TREND_UP,0.034959060705360846,HIGH_VOLATILITY
2021-07-27,39406.94140625,39406.94140625,36441.7265625,0.055424286615063156,0.0752460033165556,0.03181081999523159,33233.3048828125,TREND_UP,0.03640526692770386,HIGH_VOLATILITY
2021-07-28,39995.90625,40816.0703125,38862.4375,0.014945713184850051,0.048845819376826846,0.03586168439489847,33589.231640625,TREND_UP,0.03616741583883317,HIGH_VOLATILITY
2021-07-29,40008.421875,40593.0703125,39352.05859375,0.00031292265067750513,0.031018762065330777,0.037463597640265626,33899.7521484375,TREND_UP,0.0320565820326139,HIGH_VOLATILITY
2021-07-30,42235.546875,42235.546875,38397.35546875,0.055666404612466414,0.09087585435106314,0.035686225353703284,34335.503515625,TREND_UP,0.025235853090990586,LOW_VOLATILITY
2021-07-31,41626.1953125,42231.44921875,41110.83203125,-0.014427457617713135,0.02692096116609264,0.03736166167052683,34704.80390625,TREND_UP,0.025127786603527623,LOW_VOLATILITY
2021-08-01,39974.89453125,42541.6796875,39540.94140625,-0.039669750474507826,0.0750655709398858,0.03303500327401429,35045.75625,TREND_UP,0.03240094854948565,HIGH_VOLATILITY
2021-08-02,39201.9453125,40419.1796875,38746.34765625,-0.019335866368471732,0.042672168891491155,0.03322112217985436,35370.75224609375,TREND_UP,0.03417761087216112,HIGH_VOLATILITY
2021-08-03,38152.98046875,39750.03125,37782.05078125,-0.02675797936526192,0.05158130359859869,0.030778787340019386,35637.28388671875,TREND_UP,0.03666033119642174,HIGH_VOLATILITY
2021-08-04,39747.50390625,39952.296875,37589.1640625,0.041792893187100555,0.05945361545403647,0.03126810803339279,36035.62255859375,TREND_UP,0.037462819875665535,HIGH_VOLATILITY
2021-08-05,40869.5546875,41341.93359375,37458.00390625,0.02822946527400849,0.09503234662568771,0.03531572313288293,36508.02333984375,TREND_UP,0.03477587841470069,HIGH_VOLATILITY
2021-08-06,42816.5,43271.66015625,39932.1796875,0.04763803587748594,0.07799517636308433,0.041096886787522394,37072.194921875,TREND_UP,0.03370707331628992,HIGH_VOLATILITY
2021-08-07,44555.80078125,44689.859375,42618.56640625,0.04062220829002827,0.04648761625717751,0.04100069514844292,37710.14443359375,TREND_UP,0.035170111631582096,HIGH_VOLATILITY
2021-08-08,43798.1171875,45282.3515625,43331.91015625,-0.017005273846830926,0.044532540015365246,0.03976176045548523,38359.15869140625,TREND_UP,0.03618873453299986,HIGH_VOLATILITY
2021-08-09,46365.40234375,46456.83203125,42848.6875,0.058616336068955555,0.07781976104724504,0.035059777947080706,39187.06142578125,TREND_UP,0.03661480248845619,HIGH_VOLATILITY
2021-08-10,45585.03125,46637.98828125,44705.5546875,-0.016830892309838696,0.04239184532203211,0.03621277925304082,39860.7783203125,TREND_UP,0.03680016507672359,HIGH_VOLATILITY
2021-08-11,45593.63671875,46735.6328125,45351.7109375,0.00018877838873909702,0.03035339961005729,0.03624676730175708,40524.8048828125,TREND_UP,0.03279584195134416,HIGH_VOLATILITY
2021-08-12,44428.2890625,46228.91015625,43861.4453125,-0.02555943636254754,0.05328732872021117,0.03799070368663178,41067.141796875,TREND_UP,0.033543277412231426,HIGH_VOLATILITY
2021-08-13,47793.3203125,47831.9765625,44282.41796875,0.07574073458615982,0.07426892650564891,0.03246390828655756,41742.185546875,TREND_UP,0.035609483477250216,HIGH_VOLATILITY
2021-08-14,47096.9453125,48098.68359375,46177.6328125,-0.01457055076832292,0.0407892861947489,0.03195254503139253,42329.5234375,TREND_UP,0.03680535125805938,HIGH_VOLATILITY
2021-08-15,47047.00390625,47357.10546875,45579.58984375,-0.0010603958689597848,0.03778169654633128,0.031813140305314104,42814.996875,TREND_UP,0.03703962551168042,HIGH_VOLATILITY
2021-08-16,46004.484375,47998.09765625,45700.3203125,-0.02215910567498447,0.04994681225030033,0.029200084222514366,43144.8740234375,TREND_UP,0.036734485884160256,HIGH_VOLATILITY
2021-08-17,44695.359375,47139.5703125,44512.41796875,-0.028456465011732934,0.058779085356666295,0.03126690078700381,43379.8466796875,TREND_UP,0.03636941105410859,HIGH_VOLATILITY
2021-08-18,44801.1875,45952.0625,44364.02734375,0.002367765389513554,0.035446273745534086,0.03162889757510653,43619.4849609375,TREND_UP,0.035822096833879366,HIGH_VOLATILITY
2021-08-19,46717.578125,46970.76171875,43998.31640625,0.04277544261522093,0.06362584345761181,0.03435152720192235,43843.5865234375,TREND_UP,0.03334559723665973,HIGH_VOLATILITY
2021-08-20,49339.17578125,49342.15234375,46650.70703125,0.056115872471717454,0.05454986367086436,0.031550985839445454,44229.235546875,TREND_UP,0.03675673405314355,HIGH_VOLATILITY
2021-08-21,48905.4921875,49717.01953125,48312.19921875,-0.008789842693618932,0.02872520548641089,0.031372819049541895,44675.7654296875,TREND_UP,0.03709148643230095,HIGH_VOLATILITY
2021-08-22,49321.65234375,49471.609375,48199.94140625,0.00850947690403503,0.025783158274727686,0.031169739209591985,45181.75078125,TREND_UP,0.03522067296910307,HIGH_VOLATILITY
2021-08-23,49546.1484375,50482.078125,49074.60546875,0.004551674225862445,0.028407307139634814,0.03368443349263522,45751.4091796875,TREND_UP,0.026904410449708205,HIGH_VOLATILITY
2021-08-24,47706.1171875,49878.76953125,47687.1171875,-0.037137725293038826,0.045940698446199656,0.030965256011210127,46149.33984375,TREND_UP,0.02945413169601024,HIGH_VOLATILITY
2021-08-25,48960.7890625,49202.87890625,47163.61328125,0.02630002081428562,0.04165099591015196,0.03250834845812475,46553.9015625,TREND_UP,0.0304268615272213,HIGH_VOLATILITY
2021-08-26,46942.21875,49347.58203125,46405.78125,-0.04122830434622349,0.0626685499660154,0.026935049272186068,46760.1875,TREND_UP,0.03278317971579657,HIGH_VOLATILITY
2021-08-27,49058.66796875,49112.78515625,46394.28125,0.04508626296557394,0.05541332487832051,0.021765360593754765,46985.330859375,TREND_UP,0.0333115749231794,HIGH_VOLATILITY
2021-08-28,48902.40234375,49283.50390625,48499.23828125,-0.003185280633781984,0.016037363961941095,0.021699004822221174,47240.5451171875,TREND_UP,0.03349603050085177,HIGH_VOLATILITY
2021-08-29,48829.83203125,49644.11328125,47925.85546875,-0.0014839825657210204,0.03518868980340447,0.02479469836881202,47363.7666015625,TREND_UP,0.03144242465376662,HIGH_VOLATILITY
2021-08-30,47054.984375,48925.60546875,46950.2734375,-0.0363476092875793,0.04197923041495007,0.014898578230679088,47437.2642578125,TREND_DOWN,0.02811907782088992,HIGH_VOLATILITY
2021-08-31,47166.6875,48189.55078125,46750.09375,0.0023738850726162664,0.03051851015083474,0.050673039107196775,47515.916796875,TREND_DOWN,0.02814581366688145,HIGH_VOLATILITY
2021-09-01,48847.02734375,49111.08984375,46562.4375,0.03562556399047523,0.05217620154885641,0.04832331840355238,47736.8537109375,TREND_UP,0.03060412349981278,HIGH_VOLATILITY
2021-09-02,49327.72265625,50343.421875,48652.3203125,0.009840830417728652,0.03428298472817762,0.04814358450138302,47813.573828125,TREND_UP,0.030747354862268348,HIGH_VOLATILITY
2021-09-03,50025.375,50982.2734375,48386.0859375,0.014143210068944922,0.051897412063377835,0.04784690644403446,47959.9953125,TREND_UP,0.028023895037870707,HIGH_VOLATILITY
2021-09-04,49944.625,50545.58203125,49548.78125,-0.0016141808032423821,0.019958119242060583,0.048342201244362074,48104.8763671875,TREND_UP,0.027052342096848418,HIGH_VOLATILITY
2021-09-05,51753.41015625,51868.6796875,49538.59765625,0.03621581213694158,0.04502277288038009,0.04579386092964949,48392.32265625,TREND_UP,0.02412701128769531,LOW_VOLATILITY
2021-09-06,52633.53515625,52700.94140625,51053.6796875,0.017006125728580734,0.0312968094174156,0.04349967261425338,48789.2314453125,TREND_UP,0.021034047412529924,LOW_VOLATILITY
2021-09-07,46811.12890625,52853.765625,43285.20703125,-0.1106216071695616,0.2044077726241815,0.027543697028852846,48889.728515625,TREND_DOWN,0.042965157357001973,HIGH_VOLATILITY
2021-09-08,46091.390625,47334.0546875,44561.39453125,-0.015375366885328479,0.06015570627513476,0.02752014405214897,48858.419140625,TREND_DOWN,0.043117525711536306,HIGH_VOLATILITY
2021-09-09,46391.421875,47261.94921875,45669.73828125,0.006509485739778498,0.03432123597742174,0.028086337637524446,48711.0314453125,TREND_DOWN,0.04174995160696028,HIGH_VOLATILITY
2021-09-10,44883.91015625,47031.7421875,44344.484375,-0.032495484247323514,0.05987129470549937,0.024249056670722694,48509.95234375,TREND_DOWN,0.04291482567079947,HIGH_VOLATILITY
2021-09-11,45201.45703125,45969.29296875,44818.265625,0.0070748487352050304,0.025464385870443026,0.02478794722567072,48303.942578125,TREND_DOWN,0.04088156502701,HIGH_VOLATILITY
2021-09-12,46063.26953125,46364.87890625,44790.4609375,0.019066033632592516,0.034179466303013765,0.026825277904511637,48129.7986328125,TREND_DOWN,0.04140286346572999,HIGH_VOLATILITY
2021-09-13,44963.07421875,46598.6796875,43591.3203125,-0.023884438158555232,0.06688509242870908,0.045353640359298134,47992.646484375,TREND_DOWN,0.04109146289098507,HIGH_VOLATILITY
2021-09-14,47092.4921875,47218.125,44752.33203125,0.0473592610325122,0.05236063869655444,0.041018447163355315,47899.231640625,TREND_DOWN,0.04491729673745979,HIGH_VOLATILITY
2021-09-15,48176.34765625,48450.46875,46773.328125,0.023015462091804384,0.034812531596766276,0.05188470854088606,47960.9380859375,TREND_UP,0.0437531285584375,HIGH_VOLATILITY
2021-09-16,47783.359375,48486.828125,47079.55859375,-0.008157286726135138,0.0294510379692198,0.05446443669228766,47897.17265625,TREND_DOWN,0.04298484694252772,HIGH_VOLATILITY
2021-09-17,47267.51953125,48160.921875,46832.5234375,-0.010795386730801604,0.02810383220176712,0.05638061750455039,47815.428515625,TREND_DOWN,0.02417364716199605,LOW_VOLATILITY
2021-09-18,48278.36328125,48791.78125,47087.28515625,0.021385589090024082,0.03530558987305147,0.05466469887876749,47787.855078125,TREND_UP,0.02416272104773078,LOW_VOLATILITY
2021-09-19,47260.21875,48328.3671875,46919.8046875,-0.021089044077959085,0.029804400767823362,0.055544823524148,47798.116796875,TREND_DOWN,0.025498664196075767,LOW_VOLATILITY
2021-09-20,42843.80078125,47328.19921875,42598.9140625,-0.09344895316951951,0.11038435129498844,0.043169218694436254,47581.9724609375,TREND_DOWN,0.03861304524806669,HIGH_VOLATILITY
2021-09-21,40693.67578125,43607.609375,39787.609375,-0.050185206746199196,0.09387208028428097,0.03970415202938367,47174.3048828125,TREND_DOWN,0.040970558211917196,HIGH_VOLATILITY
2021-09-22,43574.5078125,43978.62109375,40625.6328125,0.07079311406361999,0.07694839137777122,0.02692593524708856,46886.644140625,TREND_DOWN,0.04771281589302976,HIGH_VOLATILITY
2021-09-23,44895.09765625,44942.17578125,43109.33984375,0.0303064775724482,0.040824856903832675,0.03296985042032627,46630.1302734375,TREND_DOWN,0.048339952162108894,HIGH_VOLATILITY
2021-09-24,42839.75,45080.4921875,40936.55859375,-0.04578111561282838,0.0967310405347837,0.044893150825315795,46274.8865234375,TREND_DOWN,0.047360716816037714,HIGH_VOLATILITY
2021-09-25,42716.59375,42996.2578125,41759.921875,-0.002874812528084303,0.028942755706030516,0.045361025862804015,45823.045703125,TREND_DOWN,0.046144855621492065,HIGH_VOLATILITY
2021-09-26,43208.5390625,43919.30078125,40848.4609375,0.011516492054097771,0.0710702076575214,0.04538828195645113,45351.7958984375,TREND_DOWN,0.04669490984367098,HIGH_VOLATILITY
2021-09-27,42235.73046875,44313.24609375,42190.6328125,-0.02251426719942695,0.050256341199556395,0.04201489121798845,45123.0259765625,TREND_DOWN,0.04689113292597752,HIGH_VOLATILITY
2021-09-28,41034.54296875,42775.14453125,40931.6640625,-0.02844007873591181,0.044925088361625204,0.03614201360016111,44870.18359375,TREND_DOWN,0.04579771391648553,HIGH_VOLATILITY
2021-09-29,41564.36328125,42545.2578125,40829.66796875,0.012911568502261384,0.041275499209292965,0.03776282394751025,44628.8306640625,TREND_DOWN,0.046565281445475504,HIGH_VOLATILITY
2021-09-30,43790.89453125,44092.6015625,41444.58203125,0.05356827518164842,0.06046963780016697,0.04554451266621125,44574.1798828125,TREND_DOWN,0.0407589862446669,HIGH_VOLATILITY
2021-10-01,48116.94140625,48436.01171875,43320.0234375,0.09878873042688929,0.1063240541009424,0.034807386945544604,44719.9541015625,TREND_UP,0.046067569875376385,HIGH_VOLATILITY
2021-10-02,47711.48828125,48282.0625,47465.49609375,-0.008426411013467638,0.01711467061007401,0.03296329790149441,44802.3650390625,TREND_UP,0.04263060642676011,HIGH_VOLATILITY
2021-10-03,48199.953125,49130.69140625,47157.2890625,0.010237887379882071,0.04094199715572856,0.03410105117060268,44964.208984375,TREND_UP,0.04203167143912415,HIGH_VOLATILITY
2021-10-04,49112.90234375,49456.77734375,47045.00390625,0.018940873580984396,0.04910671783596835,0.036012507183553887,45065.2294921875,TREND_UP,0.03759650620551513,HIGH_VOLATILITY
2021-10-05,51514.8125,51839.984375,49072.83984375,0.048905889117254686,0.0537155120432594,0.03804509391232172,45232.152734375,TREND_UP,0.03851206155087245,HIGH_VOLATILITY
2021-10-06,55361.44921875,55568.46484375,50488.19140625,0.0746704982911468,0.09176554279542588,0.027737062311395118,45611.0572265625,TREND_UP,0.04206296688512574,HIGH_VOLATILITY
2021-10-07,53805.984375,55338.625,53525.46875,-0.02809653406297008,0.03369804067449514,0.023917825527036436,45937.98046875,TREND_UP,0.042806811877833785,HIGH_VOLATILITY
2021-10-08,53967.84765625,55922.98046875,53688.0546875,0.0030082765538104184,0.04141217184508513,0.033945926772796405,46222.4546875,TREND_UP,0.03944257637553781,HIGH_VOLATILITY
2021-10-09,54968.22265625,55397.9453125,53735.14453125,0.01853649985027972,0.030250219142949425,0.035921228620507444,46607.8548828125,TREND_UP,0.03923591317095006,HIGH_VOLATILITY
2021-10-10,54771.578125,56401.3046875,54264.2578125,-0.003577422040362044,0.039017442041250294,0.03506307244166913,47204.24375,TREND_UP,0.03942329893217443,HIGH_VOLATILITY
2021-10-11,57484.7890625,57793.0390625,54519.765625,0.04953684064585273,0.0569415577735034,0.0320989980933052,48043.7994140625,TREND_UP,0.031153565236257223,HIGH_VOLATILITY
2021-10-12,56041.05859375,57627.87890625,54477.97265625,-0.025114999851183484,0.05620711544430559,0.028658962093143663,48667.126953125,TREND_UP,0.033132846741469886,HIGH_VOLATILITY
2021-10-13,57401.09765625,57688.66015625,54370.97265625,0.02426861834211813,0.057798328524450444,0.02874137347340179,49292.426953125,TREND_UP,0.03312564394570124,HIGH_VOLATILITY
2021-10-14,57321.5234375,58478.734375,56957.07421875,-0.001386283921372633,0.026546052250497637,0.04099330798122037,50016.515625,TREND_UP,0.03368775369569227,HIGH_VOLATILITY
2021-10-15,61593.94921875,62757.12890625,56868.14453125,0.07453440740995654,0.09560978715758847,0.03212806109468355,50960.3833984375,TREND_UP,0.03724950199905583,HIGH_VOLATILITY
2021-10-16,60892.1796875,62274.4765625,60206.12109375,-0.01139348166745524,0.03396750583350515,0.032139724780713225,51844.5654296875,TREND_UP,0.032505170621227444,HIGH_VOLATILITY
2021-10-17,61553.6171875,61645.5234375,59164.46875,0.01086243756414218,0.04030721184008403,0.03201025550811326,52810.459765625,TREND_UP,0.02963562271711781,HIGH_VOLATILITY
2021-10-18,62026.078125,62614.66015625,60012.7578125,0.007675599893030238,0.041948522660201645,0.034731397816504424,53860.0365234375,TREND_UP,0.029480897257629025,HIGH_VOLATILITY
2021-10-19,64261.9921875,64434.53515625,61622.93359375,0.036047967727284025,0.04375216931178337,0.03489522775815941,54994.91796875,TREND_UP,0.030263969829865827,HIGH_VOLATILITY
2021-10-20,65992.8359375,66930.390625,63610.67578125,0.026934175102288238,0.0503041700904324,0.03187716764833433,56105.0150390625,TREND_UP,0.02958506560079506,HIGH_VOLATILITY
2021-10-21,62210.171875,66600.546875,62117.41015625,-0.057319313661295834,0.07206436799046378,0.03167962993757534,56809.6765625,TREND_UP,0.0360089505360776,HIGH_VOLATILITY
2021-10-22,60692.265625,63715.0234375,60122.796875,-0.024399647264276236,0.05918755092609875,0.03185764300722683,57458.7154296875,TREND_UP,0.035935362431464064,HIGH_VOLATILITY
2021-10-23,61393.6171875,61743.87890625,59826.5234375,0.011555863919028075,0.03123053432239177,0.03183496434223624,58118.3986328125,TREND_UP,0.03554148797335357,HIGH_VOLATILITY
2021-10-24,60930.8359375,61505.8046875,59643.34375,-0.007537937512081094,0.030566804292828435,0.03192086052092932,58709.2953125,TREND_UP,0.035761311096590594,HIGH_VOLATILITY
2021-10-25,63039.82421875,63729.32421875,60691.80078125,0.0346128236844363,0.04818419903836829,0.02835247263027752,59285.5458984375,TREND_UP,0.028920905843122735,HIGH_VOLATILITY
2021-10-26,60363.79296875,63229.02734375,59991.16015625,-0.04244985266320056,0.05363922689841948,0.026276091850855676,59535.6630859375,TREND_UP,0.03209610804256976,HIGH_VOLATILITY
2021-10-27,58482.38671875,61435.18359375,58208.1875,-0.03116779376295975,0.05517893975957371,0.021238824708260107,59769.483203125,TREND_DOWN,0.033190446474918055,HIGH_VOLATILITY
2021-10-28,60622.13671875,62128.6328125,58206.91796875,0.03658793903693369,0.06469113521920848,0.02134862638742886,60102.19765625,TREND_UP,0.03555417382828228,HIGH_VOLATILITY
2021-10-29,62227.96484375,62927.609375,60329.96484375,0.02648913766352501,0.04174400589465686,0.018496180444914686,60465.184765625,TREND_UP,0.03454017823118205,HIGH_VOLATILITY
2021-10-30,61888.83203125,62330.14453125,60918.38671875,-0.005449845794435637,0.02281118848368556,0.018723188118109083,60821.0474609375,TREND_UP,0.03293714220177765,HIGH_VOLATILITY
2021-10-31,61318.95703125,62406.171875,60074.328125,-0.009208042570786446,0.038028105220570235,0.02127433274518496,61012.755859375,TREND_UP,0.02768871105343923,HIGH_VOLATILITY
2021-11-01,61004.40625,62419.00390625,59695.18359375,-0.005129747739996526,0.044649566808954884,0.030921098974762407,61260.9232421875,TREND_DOWN,0.02653318481426421,HIGH_VOLATILITY
2021-11-02,63226.40234375,64242.79296875,60673.0546875,0.03642353446805324,0.05645961416311508,0.03044544690985797,61552.1884765625,TREND_UP,0.028724925004815376,HIGH_VOLATILITY
2021-11-03,62970.046875,63516.9375,61184.23828125,-0.004054563588107407,0.037044584441561126,0.033574843629352265,61834.6146484375,TREND_UP,0.028599511633536214,HIGH_VOLATILITY
2021-11-04,61452.23046875,63123.2890625,60799.6640625,-0.024103783966732184,0.03781189034597567,0.031279755333059274,61827.5287109375,TREND_DOWN,0.02754794669808311,HIGH_VOLATILITY
2021-11-05,61125.67578125,62541.46875,60844.609375,-0.005313959884109654,0.027760173663724193,0.031886072396474376,61839.203515625,TREND_DOWN,0.023763209219712655,LOW_VOLATILITY
2021-11-06,61527.48046875,61590.68359375,60163.78125,0.006573419146120196,0.023191301397019307,0.03189937731694561,61837.8966796875,TREND_DOWN,0.02081072335627589,LOW_VOLATILITY
2021-11-07,63326.98828125,63326.98828125,61432.48828125,0.029247220896912562,0.029916155045714182,0.03070945641563144,61902.9421875,TREND_UP,0.01968261657573121,LOW_VOLATILITY
2021-11-08,67566.828125,67673.7421875,63344.06640625,0.06695154718111462,0.06407990283693667,0.016817577569150043,62068.183984375,TREND_UP,0.027357247144774197,HIGH_VOLATILITY
2021-11-09,66971.828125,68530.3359375,66382.0625,-0.008806096371717143,0.03207727036344806,0.0238923918852187,62117.13359375,TREND_UP,0.027568450598056002,HIGH_VOLATILITY
2021-11-10,64995.23046875,68789.625,63208.11328125,-0.029513867421399387,0.08587571239452126,0.02379150103525187,62256.3865234375,TREND_UP,0.02966590255553942,HIGH_VOLATILITY
2021-11-11,64949.9609375,65579.015625,64180.48828125,-0.0006965054346836919,0.021532381599055524,0.02892137454720402,62469.2712890625,TREND_UP,0.029510040723346554,HIGH_VOLATILITY
2021-11-12,64155.94140625,65460.81640625,62333.9140625,-0.01222509636324598,0.048739092205813704,0.03251510451762437,62607.3875,TREND_UP,0.028033180795654603,HIGH_VOLATILITY
2021-11-13,64469.52734375,64915.67578125,63303.734375,0.0048878705639170406,0.025003152228108737,0.03556422082023134,62784.3220703125,TREND_UP,0.02796801953915785,HIGH_VOLATILITY
2021-11-14,65466.83984375,65495.1796875,63647.80859375,0.015469517787564335,0.028218424749982263,0.033693730661481305,62905.6728515625,TREND_UP,0.02651602923599367,HIGH_VOLATILITY
2021-11-15,63557.87109375,66281.5703125,63548.14453125,-0.02915932332393234,0.04300688072478238,0.03487456580597268,63065.3767578125,TREND_UP,0.028694874829565648,HIGH_VOLATILITY
2021-11-16,60161.24609375,63721.1953125,59016.3359375,-0.05344145330150951,0.07820415434328538,0.03333950954799211,63149.3197265625,TREND_DOWN,0.03395427400610515,HIGH_VOLATILITY
2021-11-17,60368.01171875,60823.609375,58515.41015625,0.003436857419438999,0.0382354686369948,0.033576385109364046,63136.6134765625,TREND_DOWN,0.03227760925732956,HIGH_VOLATILITY
2021-11-18,56942.13671875,60948.5,56550.79296875,-0.05674983989800575,0.0772311557778603,0.027310239881862198,62872.3220703125,TREND_DOWN,0.024761545661293176,LOW_VOLATILITY
2021-11-19,58119.578125,58351.11328125,55705.1796875,0.020677857806173483,0.04552568478833913,0.03509025260558707,62683.859375,TREND_DOWN,0.027416288647847557,HIGH_VOLATILITY
2021-11-20,59697.1953125,59859.87890625,57469.7265625,0.027144333086984274,0.040037933628843794,0.03440761563251177,62602.7712890625,TREND_DOWN,0.029562739039978487,HIGH_VOLATILITY
2021-11-21,58730.4765625,60004.42578125,58618.9296875,-0.01619370466132397,0.02359075176710984,0.040192604913612935,62489.0748046875,TREND_DOWN,0.02953970349835911,HIGH_VOLATILITY
2021-11-22,56289.2890625,59266.359375,55679.83984375,-0.041565940596482776,0.06371584347543917,0.036482371802811435,62142.219140625,TREND_DOWN,0.031236180483092738,HIGH_VOLATILITY
2021-11-23,57569.07421875,57875.515625,55632.76171875,0.022735855747423095,0.03895761633629927,0.03603425749445546,61872.1705078125,TREND_DOWN,0.03281332034271148,HIGH_VOLATILITY
2021-11-24,56280.42578125,57803.06640625,55964.22265625,-0.02238438701660228,0.03267288270254374,0.03476219582261573,61613.5802734375,TREND_DOWN,0.031612103593358136,HIGH_VOLATILITY
2021-11-25,57274.6796875,59367.96875,57146.68359375,0.017666069374003168,0.03878302189326408,0.03453358763113669,61421.03046875,TREND_DOWN,0.0326583399415158,HIGH_VOLATILITY
2021-11-26,53569.765625,59183.48046875,53569.765625,-0.06468677053655503,0.10479259668685549,0.030507748486554243,61023.1447265625,TREND_DOWN,0.03446886399635027,HIGH_VOLATILITY
2021-11-27,54815.078125,55329.2578125,53668.35546875,0.02324655494514305,0.030300099909781896,0.041416997820891095,60597.54921875,TREND_DOWN,0.035928580797608384,HIGH_VOLATILITY
2021-11-28,57248.45703125,57393.84375,53576.734375,0.044392510044424904,0.06667619658144444,0.03391105163155806,60081.6306640625,TREND_DOWN,0.035225821095662704,HIGH_VOLATILITY
2021-11-29,57806.56640625,58872.87890625,56792.52734375,0.009748898117819094,0.035988153108417006,0.036477454396170804,59623.367578125,TREND_DOWN,0.03471689266233538,HIGH_VOLATILITY
2021-11-30,57005.42578125,59113.40234375,56057.28125,-0.013858989986877734,0.053611056348871394,0.03730892563528377,59223.87734375,TREND_DOWN,0.03355814416805459,HIGH_VOLATILITY
2021-12-01,57229.828125,59041.68359375,56553.08203125,0.003936508510805847,0.04348434451112551,0.03672733478819683,58837.870703125,TREND_DOWN,0.03335456590422935,HIGH_VOLATILITY
2021-12-02,56477.81640625,57349.234375,55895.1328125,-0.013140205787574133,0.025746419656888238,0.03944243071581013,58453.964453125,TREND_DOWN,0.030722698265479464,HIGH_VOLATILITY
2021-12-03,53598.24609375,57482.16796875,52496.5859375,-0.05098586481791345,0.0930176338705113,0.03767186465646103,57910.400390625,TREND_DOWN,0.03357742479598138,HIGH_VOLATILITY
2021-12-04,49200.703125,53904.6796875,42874.6171875,-0.08204639683653359,0.22418505833091182,0.03127741484801705,57097.0935546875,TREND_DOWN,0.04114103628269359,HIGH_VOLATILITY
2021-12-05,49368.84765625,49768.1484375,47857.49609375,0.003417522933012007,0.03870157871728479,0.03173016267572424,56387.6423828125,TREND_DOWN,0.040213684498737884,HIGH_VOLATILITY
2021-12-06,50582.625,50929.51953125,47281.03515625,0.02458589579002135,0.07212920197399798,0.03915959086651084,55908.711328125,TREND_DOWN,0.037530137813300224,HIGH_VOLATILITY
2021-12-07,50700.0859375,51934.78125,50175.80859375,0.002322159783127109,0.03469368194796268,0.038930584529047275,55425.3150390625,TREND_DOWN,0.03634039683900261,HIGH_VOLATILITY
2021-12-08,50504.796875,51171.375,48765.98828125,-0.00385184874717448,0.047626896207569394,0.04522657263090366,55103.448046875,TREND_DOWN,0.03163310666391249,HIGH_VOLATILITY
2021-12-09,47672.12109375,50797.1640625,47358.3515625,-0.05608726213196957,0.07213466531596895,0.040527296225051156,54581.0751953125,TREND_DOWN,0.033407906959417026,HIGH_VOLATILITY
2021-12-10,47243.3046875,50015.25390625,47023.69921875,-0.00899511908452133,0.06332229947266006,0.04218798878540569,53958.3806640625,TREND_DOWN,0.033519350103499816,HIGH_VOLATILITY
2021-12-11,49362.5078125,49458.2109375,46942.34765625,0.044857216044006165,0.05096708803382375,0.037810581547001294,53489.9822265625,TREND_DOWN,0.03861663813240874,HIGH_VOLATILITY
2021-12-12,50098.3359375,50724.8671875,48725.8515625,0.014906619570362878,0.03990183680938754,0.036683976786210035,53180.4345703125,TREND_DOWN,0.03968902279921916,HIGH_VOLATILITY
2021-12-13,46737.48046875,50205.0,45894.84765625,-0.0670851717099511,0.09222046846602888,0.026457088302883767,52638.8548828125,TREND_DOWN,0.041755480252073304,HIGH_VOLATILITY
2021-12-14,46612.6328125,48431.3984375,46424.49609375,-0.00267125345649466,0.04305490212970364,0.030927852713579795,52155.465234375,TREND_DOWN,0.03394242342929057,HIGH_VOLATILITY
2021-12-15,48896.72265625,49473.95703125,46671.96484375,0.04900151967252708,0.057304294342963455,0.025023666554277926,51736.5673828125,TREND_DOWN,0.03799643276818861,HIGH_VOLATILITY
2021-12-16,47665.42578125,49425.57421875,47529.87890625,-0.025181582897818466,0.03977086706829972,0.02729623674601075,51441.350390625,TREND_DOWN,0.03763198056608153,HIGH_VOLATILITY
2021-12-17,46202.14453125,48004.89453125,45618.21484375,-0.030699007215741814,0.05165733564349396,0.021585378066633548,51010.7037109375,TREND_DOWN,0.03833317085842975,HIGH_VOLATILITY
2021-12-18,46848.77734375,47313.828125,45598.44140625,0.013995731563123393,0.036615399931645094,0.023078729885446875,50490.7197265625,TREND_DOWN,0.0389876954177665,HIGH_VOLATILITY
2021-12-19,46707.015625,48089.6640625,46502.953125,-0.0030259427628138713,0.033971576138354484,0.02235833468549877,49935.7421875,TREND_DOWN,0.03493387412925665,HIGH_VOLATILITY
2021-12-20,46880.27734375,47401.71875,45579.80859375,0.003709543768351198,0.0388630413359296,0.022959619098579815,49429.484765625,TREND_DOWN,0.03486153564016106,HIGH_VOLATILITY
2021-12-21,48936.61328125,49300.91796875,46698.7734375,0.04386356169401262,0.0531737763766952,0.03075498725818009,49014.8240234375,TREND_DOWN,0.0347199075138692,HIGH_VOLATILITY
2021-12-22,48628.51171875,49544.796875,48450.94140625,-0.006295931447672265,0.02249411775290329,0.031732934989100306,48622.3587890625,TREND_UP,0.034332061854341005,HIGH_VOLATILITY
2021-12-23,50784.5390625,51332.33984375,48065.8359375,0.04433669194360079,0.06432083398906009,0.02536558942175188,48481.6734375,TREND_UP,0.028626980697665193,HIGH_VOLATILITY
2021-12-24,50822.1953125,51814.02734375,50514.49609375,0.0007414904357732066,0.025570151820662756,0.025023694776654018,48562.748046875,TREND_UP,0.028496356983669518,HIGH_VOLATILITY
2021-12-25,50429.859375,51176.59765625,50236.70703125,-0.007719775485643066,0.01863758171544574,0.029875790155568783,48615.7986328125,TREND_UP,0.025102324866550757,LOW_VOLATILITY
2021-12-26,50809.515625,51196.37890625,49623.10546875,0.0075284019171428795,0.030964149493405056,0.029145609592746365,48627.1431640625,TREND_UP,0.023012275528968135,LOW_VOLATILITY
2021-12-27,50640.41796875,51956.328125,50499.46875,-0.003328070621613999,0.028768707554882783,0.02916893823652649,48624.159765625,TREND_UP,0.019425462309251917,LOW_VOLATILITY
2021-12-28,47588.85546875,50679.859375,47414.2109375,-0.06025942562091624,0.0686221260278983,0.02013076822863657,48478.3626953125,TREND_DOWN,0.029198903566273155,HIGH_VOLATILITY
2021-12-29,46444.7109375,48119.7421875,46201.49609375,-0.02404227880624954,0.04130171240233053,0.026011504357358085,48416.9921875,TREND_DOWN,0.030331622822703554,HIGH_VOLATILITY
2021-12-30,47178.125,47879.96484375,46060.3125,0.01579112126431248,0.03856983175465324,0.023681744462559662,48413.733203125,TREND_DOWN,0.030740147921881004,HIGH_VOLATILITY
2021-12-31,46306.4453125,48472.52734375,45819.953125,-0.018476352917798256,0.05728304560734576,0.025464756711690788,48260.930078125,TREND_DOWN,0.02721458913299179,HIGH_VOLATILITY
2022-01-01,47686.8125,47827.3125,46288.484375,0.029809396471367267,0.03226946915355267,0.018958435285101737,48140.35390625,TREND_DOWN,0.029359476948300267,HIGH_VOLATILITY
2022-01-02,47345.21875,47881.40625,46856.9375,-0.007163274962024402,0.021638272608044504,0.02054287730274534,48170.7408203125,TREND_DOWN,0.02453406254669069,LOW_VOLATILITY
2022-01-03,46458.1171875,47510.7265625,45835.96484375,-0.0187368774698079,0.03604885045149033,0.021263159498974178,48163.0150390625,TREND_DOWN,0.024649519491523157,LOW_VOLATILITY
2022-01-04,45897.57421875,47406.546875,45752.46484375,-0.012065555013512697,0.036038550171879825,0.02542718816967307,48013.0576171875,TREND_DOWN,0.02466940748820183,LOW_VOLATILITY
2022-01-05,43569.00390625,46929.046875,42798.22265625,-0.050734060615097554,0.09481107779371176,0.02151566848015054,47808.2365234375,TREND_DOWN,0.027070529209232856,HIGH_VOLATILITY
2022-01-06,43160.9296875,43748.71875,42645.5390625,-0.009366159015892994,0.025559683155284212,0.024629922649597426,47656.17578125,TREND_DOWN,0.026849667785880216,HIGH_VOLATILITY
2022-01-07,41557.90234375,43153.5703125,41077.4453125,-0.03714070469186992,0.04995740600252491,0.01923106501000595,47391.63203125,TREND_DOWN,0.023335081033328698,LOW_VOLATILITY
2022-01-08,41733.94140625,42228.94140625,40672.27734375,0.004235994902819673,0.03729971361551959,0.019277056930254246,47142.9783203125,TREND_DOWN,0.023588915505569415,LOW_VOLATILITY
2022-01-09,41911.6015625,42663.94921875,41338.16015625,0.004256970472081845,0.03163298497488669,0.019436220885059148,46894.54453125,TREND_DOWN,0.022419819759308172,LOW_VOLATILITY
2022-01-10,41821.26171875,42199.484375,39796.5703125,-0.0021554853640055605,0.057456756772660586,0.021477908307053668,46538.776953125,TREND_DOWN,0.022452643158750413,LOW_VOLATILITY
2022-01-11,42735.85546875,43001.15625,41407.75390625,0.021869109453241498,0.0372849057605774,0.019621168720155232,46244.144140625,TREND_DOWN,0.02098446806580252,LOW_VOLATILITY
2022-01-12,43949.1015625,44135.3671875,42528.98828125,0.028389418684672707,0.0365508929452305,0.015099357526529487,45902.372265625,TREND_DOWN,0.02438625803239897,LOW_VOLATILITY
2022-01-13,42591.5703125,44278.421875,42447.04296875,-0.030888714484173407,0.04299862373734826,0.013767717193444452,45490.841015625,TREND_DOWN,0.025313233936882208,LOW_VOLATILITY
2022-01-14,43099.69921875,43346.6875,41982.6171875,0.011930269358978673,0.03164918403668529,0.037335910684136324,45124.3330078125,TREND_DOWN,0.02604956458788285,HIGH_VOLATILITY
2022-01-15,43177.3984375,43724.671875,42669.03515625,0.001802778677309158,0.024448826398794074,0.03598745969643556,44742.7271484375,TREND_DOWN,0.020781364343824462,LOW_VOLATILITY
2022-01-16,43113.87890625,43436.80859375,42691.0234375,-0.0014711291913973579,0.01729802966399034,0.042770501134737016,44366.4001953125,TREND_DOWN,0.020564668063643952,LOW_VOLATILITY
2022-01-17,42250.55078125,43179.390625,41680.3203125,-0.020024366790964976,0.03548049160971552,0.0446914503351383,44099.4849609375,TREND_DOWN,0.017624352997471116,LOW_VOLATILITY
2022-01-18,42375.6328125,42534.40234375,41392.21484375,0.0029604828561313745,0.026953874766988177,0.045163393907969404,43896.0310546875,TREND_DOWN,0.017609329135495285,LOW_VOLATILITY
2022-01-19,41744.328125,42478.3046875,41242.9140625,-0.014897823244158781,0.02959421508236336,0.0455541125894809,43624.3412109375,TREND_DOWN,0.018323598962895007,LOW_VOLATILITY
2022-01-20,40680.41796875,43413.0234375,40672.82421875,-0.02548634039729203,0.06735917071587057,0.046216242923625354,43343.03984375,TREND_DOWN,0.02000184846739479,LOW_VOLATILITY
2022-01-21,36457.31640625,41060.52734375,35791.42578125,-0.10381165615712484,0.14452795986916636,0.022891298395874168,42781.5650390625,TREND_DOWN,0.03601046013396742,HIGH_VOLATILITY
2022-01-22,35030.25,36688.8125,34349.25,-0.039143484680769114,0.06678691987639254,0.011865015173069217,42165.8166015625,TREND_DOWN,0.03315746204852395,HIGH_VOLATILITY
2022-01-23,36276.8046875,36433.3125,34784.96875,0.03558509252717301,0.0454379530997661,0.007990400640177612,41656.7509765625,TREND_DOWN,0.03753075244124162,HIGH_VOLATILITY
2022-01-24,36654.328125,37247.51953125,33184.05859375,0.010406744495611076,0.11085896660396091,0.008533450885357301,41194.588671875,TREND_DOWN,0.037411033242901445,HIGH_VOLATILITY
2022-01-25,36954.00390625,37444.5703125,35779.4296875,0.008175727030871549,0.04505981623058648,0.00851800205646777,40863.838671875,TREND_DOWN,0.03778916382844974,HIGH_VOLATILITY
2022-01-26,36852.12109375,38825.41015625,36374.90625,-0.002757016878562668,0.06649560007729372,0.021927819589558525,40548.3982421875,TREND_DOWN,0.03774103695919294,HIGH_VOLATILITY
2022-01-27,37138.234375,37148.32421875,35629.28125,0.007763821260712289,0.04090240137459416,0.02181926049605632,40327.41484375,TREND_DOWN,0.038340004142873065,HIGH_VOLATILITY
2022-01-28,37784.33203125,37952.87890625,36211.109375,0.017397102127314046,0.04609766635041868,0.049610159267601456,40129.934375,TREND_DOWN,0.03923237449139288,HIGH_VOLATILITY
2022-01-29,38138.1796875,38576.26171875,37406.47265625,0.00936493083845824,0.030672388459153568,0.04996323701153373,39941.26328125,TREND_DOWN,0.03968990619284597,HIGH_VOLATILITY
2022-01-30,37917.6015625,38266.33984375,37437.7109375,-0.005783656346668664,0.021853410345170746,0.04935378408629656,39746.0802734375,TREND_DOWN,0.039225544036293324,HIGH_VOLATILITY
2022-01-31,38483.125,38647.26171875,36733.57421875,0.01491453610450133,0.049727965179542984,0.04972111489973389,39533.44375,TREND_DOWN,0.01936503196762962,LOW_VOLATILITY
2022-02-01,38743.2734375,39115.1328125,38113.6640625,0.00676006528835682,0.025848841905822765,0.04973951805644126,39273.15234375,TREND_DOWN,0.011374398692356751,LOW_VOLATILITY
2022-02-02,36952.984375,38834.6171875,36832.73046875,-0.046209029430310355,0.05417388480548129,0.04150689361592402,38991.223046875,TREND_DOWN,0.018348829636759934,LOW_VOLATILITY
2022-02-03,37154.6015625,37154.6015625,36375.5390625,0.005456046132945147,0.020968129578498963,0.044302843495468765,38693.9681640625,TREND_DOWN,0.018162748197176164,LOW_VOLATILITY
2022-02-04,41500.875,41527.78515625,37093.62890625,0.116978066100073,0.10684488580060059,0.02115210208844394,38610.1419921875,TREND_UP,0.04092540166320447,HIGH_VOLATILITY
2022-02-05,41441.1640625,41847.1640625,41038.09765625,-0.001438787435204647,0.019523254825318047,0.02126144304224569,38526.50625,TREND_UP,0.04087328653643041,HIGH_VOLATILITY
2022-02-06,42412.43359375,42500.78515625,41244.90625,0.023437312952531153,0.02961110221308002,0.019246005769174297,38534.600390625,TREND_UP,0.04097102081764753,HIGH_VOLATILITY
2022-02-07,43840.28515625,44401.86328125,41748.15625,0.033665872045371525,0.06053124476248257,0.013298929687219439,38607.8330078125,TREND_UP,0.04143737933887994,HIGH_VOLATILITY
2022-02-08,44118.4453125,45293.8671875,42807.8359375,0.0063448528050995545,0.05634902210154802,0.023436493105139105,38726.5388671875,TREND_UP,0.04149975775877847,HIGH_VOLATILITY
2022-02-09,44338.796875,44727.80078125,43232.96875,0.004994545046617338,0.03371386092104016,0.024061362401506622,38909.4578125,TREND_UP,0.04102534206724667,HIGH_VOLATILITY
2022-02-10,43565.11328125,45661.171875,43402.80859375,-0.01744935921313273,0.05183880199439255,0.037849132048871484,39264.84765625,TREND_UP,0.04241643627135462,HIGH_VOLATILITY
2022-02-11,42407.9375,43810.83203125,42114.5390625,-0.026561982607033352,0.039999421541073533,0.03716648733409982,39633.73203125,TREND_UP,0.04425241891510459,HIGH_VOLATILITY
2022-02-12,42244.46875,42992.55078125,41852.57421875,-0.0038546734323026133,0.026985226616206413,0.03734134518139026,39932.115234375,TREND_UP,0.04011680889901191,HIGH_VOLATILITY
2022-02-13,42197.515625,42693.0546875,41950.94140625,-0.001111462077505676,0.01758665813042163,0.039472818116235035,40209.274609375,TREND_UP,0.04032828317064925,HIGH_VOLATILITY
2022-02-14,42586.91796875,42775.77734375,41681.95703125,0.009228086961576842,0.025684420584336207,0.0389552223184615,40490.9203125,TREND_UP,0.01759722695120127,LOW_VOLATILITY
2022-02-15,44575.203125,44667.21875,42491.03515625,0.04668769779745485,0.048820497522971185,0.035194701716835544,40877.0744140625,TREND_UP,0.022287727019376407,LOW_VOLATILITY
2022-02-16,43961.859375,44578.27734375,43456.69140625,-0.013759752216496501,0.02551270472735777,0.03507947508883759,41218.2556640625,TREND_UP,0.022442854680169447,LOW_VOLATILITY
2022-02-17,40538.01171875,44132.97265625,40249.37109375,-0.07788223029977337,0.09580148107519842,0.029682454052495515,41355.9396484375,TREND_DOWN,0.03175068699907699,HIGH_VOLATILITY
2022-02-18,40030.9765625,40929.15234375,39637.6171875,-0.012507647384577658,0.03226339368047986,0.03166763654651973,41450.5794921875,TREND_DOWN,0.03140590447628004,HIGH_VOLATILITY
2022-02-19,40122.15625,40418.87890625,39713.05859375,0.0022777282826873524,0.017591784152926726,0.03159785239350965,41560.8072265625,TREND_DOWN,0.031280762215365895,HIGH_VOLATILITY
2022-02-20,38431.37890625,40119.890625,38112.8125,-0.04214073972532317,0.05222498338912304,0.030341696521210184,41558.219921875,TREND_DOWN,0.03291058904897476,HIGH_VOLATILITY
2022-02-21,37075.28125,39394.4375,36950.4765625,-0.03528620868790788,0.06591887789118255,0.059990229475912295,41474.8203125,TREND_DOWN,0.033451791466047084,HIGH_VOLATILITY
2022-02-22,38286.02734375,38359.85546875,36488.93359375,0.03265642371222732,0.04886696282698598,0.05988310534699739,41541.4724609375,TREND_DOWN,0.036403163292281035,HIGH_VOLATILITY
2022-02-23,37296.5703125,39122.39453125,37201.81640625,-0.025843815613622922,0.0514947650389268,0.057984164795903896,41548.5708984375,TREND_DOWN,0.0366332221958997,HIGH_VOLATILITY
2022-02-24,38332.609375,38968.83984375,34459.21875,0.027778400368163814,0.1176445112210679,0.06198310294109385,41390.1576171875,TREND_DOWN,0.038242633196599964,HIGH_VOLATILITY
2022-02-25,39214.21875,39630.32421875,38111.34375,0.022998939789759643,0.03873545150634934,0.07122582200866544,41278.8103515625,TREND_DOWN,0.03494629249355044,HIGH_VOLATILITY
2022-02-26,39105.1484375,40005.34765625,38702.53515625,-0.002781397053842838,0.03331562599953371,0.07121467801022824,41113.44609375,TREND_DOWN,0.0350630795087546,HIGH_VOLATILITY
2022-02-27,37709.78515625,39778.94140625,37268.9765625,-0.03568234201898368,0.06656004093765036,0.07034526751719428,40806.92109375,TREND_DOWN,0.027946066945294834,HIGH_VOLATILITY
2022-02-28,43193.234375,43760.45703125,37518.21484375,0.1454118392886461,0.14451898029458463,0.03332776318769815,40760.660546875,TREND_UP,0.05546531902560568,HIGH_VOLATILITY
2022-03-01,44354.63671875,44793.6015625,42952.5859375,0.026888524570001016,0.04150672311158281,0.03142612090922547,40761.4525390625,TREND_UP,0.05568249681164113,HIGH_VOLATILITY
2022-03-02,43924.1171875,45077.578125,43432.8515625,-0.009706302725009275,0.037444726674394246,0.05017176442201661,40779.402734375,TREND_UP,0.05310213683671482,HIGH_VOLATILITY
2022-03-03,42451.7890625,44021.578125,41914.75,-0.03351981142193561,0.04962872405443749,0.053634444774550226,40781.5953125,TREND_UP,0.05292022245551484,HIGH_VOLATILITY
2022-03-04,39137.60546875,42479.61328125,38805.84765625,-0.07806935036049167,0.09386792014992773,0.0447708488106908,40626.2521484375,TREND_DOWN,0.05989735048873395,HIGH_VOLATILITY
2022-03-05,39400.5859375,39566.3359375,38777.03515625,0.00671938064683042,0.02003271683578627,0.0446913921457287,40486.4056640625,TREND_DOWN,0.0589881206049457,HIGH_VOLATILITY
2022-03-06,38419.984375,39640.17578125,38211.6484375,-0.024887994408395286,0.037181882475713524,0.0448961687951675,40278.058984375,TREND_DOWN,0.059277606523320515,HIGH_VOLATILITY
2022-03-07,38062.0390625,39430.2265625,37260.203125,-0.009316643885282638,0.057012800442369886,0.04828729850363816,39952.40078125,TREND_DOWN,0.05886916244904537,HIGH_VOLATILITY
2022-03-08,38737.26953125,39304.44140625,37957.38671875,0.017740259990833174,0.034774125894787414,0.048315056533056885,39691.1712890625,TREND_DOWN,0.05917620292112711,HIGH_VOLATILITY
2022-03-09,41982.92578125,42465.671875,38706.09375,0.08378639716414904,0.08955016962345834,0.03900419429146218,39763.4169921875,TREND_UP,0.06298394061505114,HIGH_VOLATILITY
2022-03-10,39437.4609375,42004.7265625,38832.94140625,-0.060630954045771346,0.08042569376554454,0.029652682535788743,39733.7412109375,TREND_DOWN,0.04611810326146102,HIGH_VOLATILITY
2022-03-11,38794.97265625,40081.6796875,38347.43359375,-0.016291319622939393,0.04470285645298959,0.028336250312975104,39667.38203125,TREND_DOWN,0.044470210104498295,HIGH_VOLATILITY
2022-03-12,38904.01171875,39308.59765625,38772.53515625,0.002810649293818468,0.013779105966638443,0.028126547638915828,39691.013671875,TREND_DOWN,0.044730400007302266,HIGH_VOLATILITY
2022-03-13,37849.6640625,39209.3515625,37728.14453125,-0.027101257933814904,0.03913395449967873,0.02706258324659687,39729.7328125,TREND_DOWN,0.04441896135835607,HIGH_VOLATILITY
2022-03-14,39666.75390625,39742.5,37680.734375,0.0480080837903738,0.05197717034957939,0.02250507503850753,39798.769140625,TREND_DOWN,0.04086766814878533,HIGH_VOLATILITY
2022-03-15,39338.78515625,39794.62890625,38310.2109375,-0.008268101563720931,0.03773420970815519,0.023482313550536572,39900.8798828125,TREND_DOWN,0.0409535011411935,HIGH_VOLATILITY
2022-03-16,41143.9296875,41465.453125,39022.34765625,0.04588714481344902,0.05937948774718628,0.017917467308961547,40041.4458984375,TREND_UP,0.042160031918843745,HIGH_VOLATILITY
2022-03-17,40951.37890625,41287.53515625,40662.87109375,-0.00467993171076464,0.015253798020575658,0.018431343250921446,40128.30390625,TREND_UP,0.04197765238016163,HIGH_VOLATILITY
2022-03-18,41801.15625,42195.74609375,40302.3984375,0.020750884742987363,0.04529414557163117,0.017849278299037697,40263.104296875,TREND_UP,0.04206497149706869,HIGH_VOLATILITY
2022-03-19,42190.65234375,42316.5546875,41602.66796875,0.009317830622209256,0.016920494922277568,0.017949563432598646,40487.14765625,TREND_UP,0.03281662569120871,HIGH_VOLATILITY
2022-03-20,41247.82421875,42241.1640625,41004.7578125,-0.022346848712323064,0.029975065919670196,0.019146084487748866,40389.8771484375,TREND_UP,0.026444953411237936,HIGH_VOLATILITY
2022-03-21,41077.99609375,41454.41015625,40668.04296875,-0.004117262624553253,0.019143270419163545,0.017395605371077004,40226.0451171875,TREND_UP,0.025633443729775683,LOW_VOLATILITY
2022-03-22,42358.80859375,43124.70703125,40948.28125,0.031180014163224357,0.05138071285534526,0.01717781989664034,40147.7796875,TREND_UP,0.026782162478240855,HIGH_VOLATILITY
2022-03-23,42892.95703125,42893.5078125,41877.5078125,0.012610091153007819,0.023686872398650093,0.01965125906197662,40169.8380859375,TREND_UP,0.02361371388086232,LOW_VOLATILITY
2022-03-24,43960.93359375,44131.85546875,42726.1640625,0.024898646221148013,0.03197592251429914,0.02524494281622152,40411.0044921875,TREND_UP,0.020745578002408574,LOW_VOLATILITY
2022-03-25,44348.73046875,44999.4921875,43706.28515625,0.008821397620525806,0.0291599560479245,0.025574918430453418,40658.41171875,TREND_UP,0.01970332031244271,LOW_VOLATILITY
2022-03-26,44500.828125,44735.99609375,44166.2734375,0.003429583093865096,0.012802518071117356,0.02623047653391334,40962.45390625,TREND_UP,0.015841413710191446,LOW_VOLATILITY
2022-03-27,46820.4921875,46827.546875,44437.29296875,0.052126312256127294,0.05105144765838543,0.01691325927581868,41400.3765625,TREND_UP,0.020340845219609743,LOW_VOLATILITY
2022-03-28,47128.00390625,48086.8359375,46690.203125,0.0065678873583499,0.029634881529849433,0.01673015805891602,41819.91328125,TREND_UP,0.020286426588666587,LOW_VOLATILITY
2022-03-29,47465.73046875,48022.2890625,47100.4375,0.0071661546110000085,0.019421413162637815,0.01796913205897308,42094.053515625,TREND_UP,0.02033232651935098,LOW_VOLATILITY
2022-03-30,47062.6640625,47655.1484375,46746.2109375,-0.008491735032190584,0.01931334568720793,0.025058353301498113,42475.313671875,TREND_UP,0.01807610236720226,LOW_VOLATILITY
2022-03-31,45538.67578125,47512.02734375,45390.5390625,-0.03238210822970233,0.046586516732300264,0.024074667252949582,42812.498828125,TREND_UP,0.022732859977227723,LOW_VOLATILITY
2022-04-01,46281.64453125,46616.2421875,44403.140625,0.016315115388267687,0.047818127141218664,0.022945715210081343,43181.38046875,TREND_UP,0.021699605901834475,LOW_VOLATILITY
2022-04-02,45868.94921875,47028.28125,45782.51171875,-0.008917040798352427,0.02715932133759809,0.024745728457537055,43582.3447265625,TREND_UP,0.022370793108795774,LOW_VOLATILITY
2022-04-03,46453.56640625,47313.4765625,45634.10546875,0.012745379989237415,0.03615160737204566,0.022692603457655707,43921.6853515625,TREND_UP,0.021604569880734344,LOW_VOLATILITY
2022-04-04,46622.67578125,46791.08984375,45235.81640625,0.003640395949819908,0.033358733951633815,0.02792714728629843,44285.8798828125,TREND_UP,0.021584527025239466,LOW_VOLATILITY
2022-04-05,45555.9921875,47106.140625,45544.80859375,-0.02287907280900814,0.03427281365805507,0.031459036269182374,44506.4830078125,TREND_UP,0.0233575201619542,LOW_VOLATILITY
2022-04-06,43206.73828125,45544.35546875,43193.953125,-0.05156849392240015,0.05439897657745622,0.031113798651895303,44619.2509765625,TREND_DOWN,0.021893728220546915,LOW_VOLATILITY
2022-04-07,43503.84765625,43860.69921875,42899.90625,0.006876459247305178,0.022085241203072464,0.03158852297005346,44704.385546875,TREND_DOWN,0.021916403395112072,LOW_VOLATILITY
2022-04-08,42287.6640625,43903.01953125,42183.2890625,-0.02795577079433975,0.04066742646764044,0.032127552483232145,44709.2361328125,TREND_DOWN,0.022074169632303714,LOW_VOLATILITY
2022-04-09,42782.13671875,42786.81640625,42183.25390625,0.011693070951357853,0.0141078156981224,0.031280754576727146,44785.9517578125,TREND_DOWN,0.023247284974394596,LOW_VOLATILITY
2022-04-10,42207.671875,43376.37890625,42021.20703125,-0.013427680050824398,0.032107240574969526,0.03144398472173541,44842.435546875,TREND_DOWN,0.021883784811574682,LOW_VOLATILITY
2022-04-11,39521.90234375,42424.58984375,39373.05859375,-0.06363225953812457,0.07721114291156002,0.02225099149551374,44700.590234375,TREND_DOWN,0.026413285147972528,HIGH_VOLATILITY
2022-04-12,40127.18359375,40617.5859375,39388.328125,0.015315083892861292,0.030634041624876526,0.02235415936661912,44562.3015625,TREND_DOWN,0.028124398433728402,HIGH_VOLATILITY
2022-04-13,41166.73046875,41430.0546875,39712.74609375,0.025906300465151855,0.04171593357538129,0.020448853076685085,44422.59140625,TREND_DOWN,0.029721421862706755,HIGH_VOLATILITY
2022-04-14,39935.515625,41451.48046875,39695.74609375,-0.029908006531745968,0.04396423452964995,0.018275072488176558,44201.9306640625,TREND_DOWN,0.02970300335673879,HIGH_VOLATILITY
2022-04-15,40553.46484375,40617.72265625,39866.83203125,0.015473675726454417,0.018516065837854676,0.018816725822891338,44004.5625,TREND_DOWN,0.03101374008737874,HIGH_VOLATILITY
2022-04-16,40424.484375,40633.6796875,40078.42578125,-0.0031805042860567623,0.013735584135079026,0.01886808036589322,43684.762109375,TREND_DOWN,0.027587741130161065,HIGH_VOLATILITY
2022-04-17,39716.953125,40570.7265625,39620.89453125,-0.017502542356175654,0.02391502762713498,0.017782656300474542,43314.2095703125,TREND_DOWN,0.027371878063752512,HIGH_VOLATILITY
2022-04-18,40826.21484375,40986.3203125,38696.19140625,0.027929174608607443,0.05609456852698141,0.017027733341738818,42982.2337890625,TREND_DOWN,0.02868220517497043,HIGH_VOLATILITY
2022-04-19,41502.75,41672.9609375,40618.6328125,0.016571096753378534,0.025403813602713075,0.02532232493778653,42704.2380859375,TREND_DOWN,0.029002074975389494,HIGH_VOLATILITY
2022-04-20,41374.37890625,42126.30078125,40961.09765625,-0.003093074404708074,0.028162431818982175,0.02978806202115877,42496.0232421875,TREND_DOWN,0.028758281998612144,HIGH_VOLATILITY
2022-04-21,40527.36328125,42893.58203125,40063.828125,-0.020471984048854197,0.06982329165142571,0.030028588607136152,42208.3091796875,TREND_DOWN,0.020456630631997257,LOW_VOLATILITY
2022-04-22,39740.3203125,40777.7578125,39315.41796875,-0.019420038833716236,0.036797384425963794,0.031173726499968413,41901.877734375,TREND_DOWN,0.0210186134273318,LOW_VOLATILITY
2022-04-23,39486.73046875,39935.859375,39352.203125,-0.0063811726165236005,0.014781073111685165,0.03204960952728189,41553.5359375,TREND_DOWN,0.018831644792876297,LOW_VOLATILITY
2022-04-24,39469.29296875,39845.92578125,39233.5390625,-0.0004416040475622163,0.015515522896112178,0.03354617213392849,41195.866796875,TREND_DOWN,0.01648632474459135,LOW_VOLATILITY
2022-04-25,40458.30859375,40491.75390625,38338.37890625,0.025057850055308917,0.05322454335949806,0.0313550328340344,40940.9826171875,TREND_DOWN,0.017781466640248683,LOW_VOLATILITY
2022-04-26,38117.4609375,40713.890625,37884.984375,-0.057858267871623625,0.07421549548220088,0.02326952696657817,40686.51875,TREND_DOWN,0.025547172269824,LOW_VOLATILITY
2022-04-27,39241.12109375,39397.91796875,37997.3125,0.029478882606909007,0.03569228986612915,0.028934666624228018,40473.382421875,TREND_DOWN,0.027362575611454155,HIGH_VOLATILITY
2022-04-28,39773.828125,40269.46484375,38941.421875,0.013575224570606004,0.03338987045894266,0.041198653387369756,40347.690625,TREND_DOWN,0.02602833241322684,HIGH_VOLATILITY
2022-04-29,38609.82421875,39887.26953125,38235.53515625,-0.02926557389929385,0.042780157859353116,0.04049186954786736,40139.075,TREND_DOWN,0.02636990220089462,HIGH_VOLATILITY
2022-04-30,37714.875,38771.2109375,37697.94140625,-0.023179313474195662,0.028457459589883303,0.04013204639794624,39914.43515625,TREND_DOWN,0.026810543983631804,HIGH_VOLATILITY
2022-05-01,38469.09375,38627.859375,37585.7890625,0.019997911964443782,0.02708850692642064,0.03964827080445534,39861.7947265625,TREND_DOWN,0.027900385933663865,HIGH_VOLATILITY
2022-05-02,38529.328125,39074.97265625,38156.5625,0.001565786170879102,0.0238366512198297,0.051846415647788455,39781.901953125,TREND_DOWN,0.027468065134973595,HIGH_VOLATILITY
2022-05-03,37750.453125,38629.99609375,37585.62109375,-0.020215120218891713,0.027665230839530486,0.05611320417715921,39611.0880859375,TREND_DOWN,0.028014472834472046,HIGH_VOLATILITY
2022-05-04,39698.37109375,39902.94921875,37732.05859375,0.051599856624237495,0.054684627232520856,0.045633036555498455,39599.230859375,TREND_UP,0.03314029652818966,HIGH_VOLATILITY
2022-05-05,36575.140625,39789.28125,35856.515625,-0.07867402068901796,0.10752564604801161,0.045610863247018005,39400.3146484375,TREND_DOWN,0.04026766350971207,HIGH_VOLATILITY
2022-05-06,36040.921875,36624.359375,35482.1328125,-0.014606061408683924,0.031692490177181405,0.047764751815492924,39181.1365234375,TREND_DOWN,0.03663076525445953,HIGH_VOLATILITY
2022-05-07,35501.953125,36129.92578125,34940.82421875,-0.014954355270636377,0.033493975903614456,0.05228481239305989,38970.3865234375,TREND_DOWN,0.034627618930376663,HIGH_VOLATILITY
2022-05-08,34059.265625,35502.94140625,33878.96484375,-0.040636848764922684,0.047680903645437894,0.056244931132641125,38632.0390625,TREND_DOWN,0.03487110397342659,HIGH_VOLATILITY
2022-05-09,30296.953125,34222.07421875,30296.953125,-0.11046369999353145,0.12955497793971651,0.04014120881071605,38071.74921875,TREND_DOWN,0.046213213824664076,HIGH_VOLATILITY
2022-05-10,31022.90625,32596.30859375,29944.802734375,0.02396125848050934,0.0854692928511493,0.03964747833263331,37554.1755859375,TREND_DOWN,0.048534021751635674,HIGH_VOLATILITY
2022-05-11,28936.35546875,32013.40234375,28170.4140625,-0.06725839173272163,0.13280830356816217,0.036694730030920664,36974.6251953125,TREND_DOWN,0.04873832461111529,HIGH_VOLATILITY
2022-05-12,29047.751953125,30032.439453125,26350.490234375,0.003849706798608521,0.1267550488826689,0.042453249715612526,36439.99677734375,TREND_DOWN,0.04889200317731628,HIGH_VOLATILITY
2022-05-13,29283.103515625,30924.802734375,28782.330078125,0.008102229834508146,0.07316412534985613,0.04551292593330022,35929.8154296875,TREND_DOWN,0.050116595503310005,HIGH_VOLATILITY
2022-05-14,30101.265625,30192.802734375,28702.91015625,0.027939733537411415,0.04949601112079486,0.044108103094577515,35461.4140625,TREND_DOWN,0.046590208412041895,HIGH_VOLATILITY
2022-05-15,31305.11328125,31308.19140625,29527.740234375,0.03999325713567892,0.0568741328574393,0.04268435274153094,35003.754296875,TREND_DOWN,0.046872443050393224,HIGH_VOLATILITY
2022-05-16,29862.91796875,31305.341796875,29251.884765625,-0.046069001557128786,0.06876277239212981,0.041790878819620444,34591.0271484375,TREND_DOWN,0.04793127528994025,HIGH_VOLATILITY
2022-05-17,30425.857421875,30694.490234375,29570.302734375,0.018850785235190015,0.03694842463804334,0.04181531610985981,34150.26396484375,TREND_DOWN,0.04930732371912126,HIGH_VOLATILITY
2022-05-18,28720.271484375,30618.716796875,28720.271484375,-0.05605711989808215,0.06610123144319272,0.03479946837670844,33597.5861328125,TREND_DOWN,0.05045467965124092,HIGH_VOLATILITY
2022-05-19,30314.333984375,30430.751953125,28708.955078125,0.05550304428240649,0.056798109959713135,0.026714742722607314,33182.81162109375,TREND_DOWN,0.04249354353599662,HIGH_VOLATILITY
2022-05-20,29200.740234375,30664.9765625,28793.60546875,-0.036734890846488066,0.0640864265333599,0.024216172734969742,32757.1048828125,TREND_DOWN,0.04316020882196613,HIGH_VOLATILITY
2022-05-21,29432.2265625,29588.869140625,29027.39453125,0.007927413013061102,0.019076864884234834,0.02412160681777427,32305.2615234375,TREND_DOWN,0.037296458526148275,HIGH_VOLATILITY
2022-05-22,30323.72265625,30425.861328125,29275.18359375,0.030289794482822652,0.03794645358747979,0.022348323444327935,31894.98125,TREND_DOWN,0.03833875015248342,HIGH_VOLATILITY
2022-05-23,29098.91015625,30590.5859375,28975.560546875,-0.04039123144227663,0.05550123293116245,0.032442866675911404,31462.4041015625,TREND_DOWN,0.04088173398735134,HIGH_VOLATILITY
2022-05-24,29655.5859375,29774.35546875,28786.58984375,0.019130468401079792,0.033307911267770746,0.032533863317687615,30960.26484375,TREND_DOWN,0.04030665346168147,HIGH_VOLATILITY
2022-05-25,29562.361328125,30157.78515625,29384.94921875,-0.003143576713387941,0.02614256449009506,0.042830505483997264,30609.62587890625,TREND_DOWN,0.03768403504018143,HIGH_VOLATILITY
2022-05-26,29267.224609375,29834.16015625,28261.90625,-0.009983529917456657,0.05372063553119994,0.04308069640404059,30270.941015625,TREND_DOWN,0.03495035521125611,HIGH_VOLATILITY
2022-05-27,28627.57421875,29346.943359375,28326.61328125,-0.02185551924250806,0.03564151367937845,0.043446658066226204,29927.2220703125,TREND_DOWN,0.034691373974204624,HIGH_VOLATILITY
2022-05-28,28814.900390625,28814.900390625,28554.56640625,0.006543557286537771,0.009034700132425248,0.04345091074674628,29665.00380859375,TREND_DOWN,0.029874755172295746,HIGH_VOLATILITY
2022-05-29,29445.95703125,29498.009765625,28841.107421875,0.02190035821988534,0.022308744900118267,0.04286592264101675,29622.45400390625,TREND_DOWN,0.024421291609129626,LOW_VOLATILITY
2022-05-30,31726.390625,31949.630859375,29303.572265625,0.07744470968730455,0.08340244640576729,0.03530501458472041,29657.62822265625,TREND_UP,0.032168142589878095,HIGH_VOLATILITY
2022-05-31,31792.310546875,32249.86328125,31286.154296875,0.0020777630413166825,0.030312643774477947,0.03533385022599014,29800.4259765625,TREND_UP,0.03223860499668547,HIGH_VOLATILITY
2022-06-01,29799.080078125,31957.28515625,29501.587890625,-0.06269536357891181,0.08240849244966074,0.027307772837108387,29837.9923828125,TREND_DOWN,0.038046399144366014,HIGH_VOLATILITY
2022-06-02,30467.48828125,30604.734375,29652.705078125,0.02243049790035867,0.031247383705761148,0.025839061614687693,29897.21162109375,TREND_UP,0.035967015230137456,HIGH_VOLATILITY
2022-06-03,29704.390625,30633.03515625,29375.689453125,-0.02504629358369581,0.04232861461452721,0.027408559930958823,29877.36787109375,TREND_DOWN,0.036767930537738885,HIGH_VOLATILITY
2022-06-04,29832.9140625,29930.564453125,29500.005859375,0.004326748833952898,0.014432334462801023,0.02836594145465241,29803.75791015625,TREND_UP,0.036755530468523576,HIGH_VOLATILITY
2022-06-05,29906.662109375,30117.744140625,29574.44921875,0.00247203631266113,0.01816635102533527,0.033405299559790436,29805.9451171875,TREND_UP,0.036532975075759484,HIGH_VOLATILITY
2022-06-06,31370.671875,31693.291015625,29894.1875,0.048952630028413324,0.057349856030936536,0.05357907348029096,29853.18583984375,TREND_UP,0.0380619401721531,HIGH_VOLATILITY
2022-06-07,31155.478515625,31489.68359375,29311.68359375,-0.006859698773187373,0.0699074481846811,0.052949507093829846,29974.94619140625,TREND_UP,0.038425205985006726,HIGH_VOLATILITY
2022-06-08,30214.35546875,31253.69140625,29944.404296875,-0.03020730515832104,0.04333327946476188,0.05795725376187704,29969.947265625,TREND_UP,0.039910550565409646,HIGH_VOLATILITY
2022-06-09,30111.998046875,30609.310546875,30020.265625,-0.003387708269364409,0.019561801277950423,0.0591112027827511,30015.51015625,TREND_UP,0.03023589136761851,HIGH_VOLATILITY
2022-06-10,29083.8046875,30245.80859375,28978.146484375,-0.03414563715680452,0.04358652944467859,0.0627978548323088,29998.0890625,TREND_DOWN,0.03146601359106236,HIGH_VOLATILITY
2022-06-11,28360.810546875,29401.916015625,28236.212890625,-0.024858994495164377,0.04110260258864307,0.06249740278801157,29899.94345703125,TREND_DOWN,0.026016991208378464,HIGH_VOLATILITY
2022-06-12,26762.6484375,28502.685546875,26762.6484375,-0.056351073137826724,0.06501737350242394,0.08043074897985386,29783.13037109375,TREND_DOWN,0.028700998708390976,HIGH_VOLATILITY
2022-06-13,22487.388671875,26795.58984375,22141.2578125,-0.15974726027617203,0.20697521171371835,0.05859270957164132,29424.7205078125,TREND_DOWN,0.05489464697306556,HIGH_VOLATILITY
2022-06-14,22206.79296875,23018.951171875,20950.818359375,-0.012477914053041661,0.093130638692869,0.05890368941365915,29056.94208984375,TREND_DOWN,0.0541154598785158,HIGH_VOLATILITY
2022-06-15,22572.83984375,22642.671875,20178.376953125,0.01648355417709846,0.10917079724717568,0.05848794822685925,28722.2228515625,TREND_DOWN,0.0551537840906162,HIGH_VOLATILITY
2022-06-16,20381.650390625,22868.921875,20265.2265625,-0.09707194434960298,0.12774703042191463,0.05100751204163011,28309.92666015625,TREND_DOWN,0.052284000660235266,HIGH_VOLATILITY
2022-06-17,20471.482421875,21243.3125,20326.51953125,0.004407495444594733,0.044783907186435705,0.05100347620624924,27892.75576171875,TREND_DOWN,0.05321135557581263,HIGH_VOLATILITY
2022-06-18,19017.642578125,20736.041015625,17708.623046875,-0.07101780974085614,0.15918997090797576,0.03799964043703852,27371.3400390625,TREND_DOWN,0.0539591073039762,HIGH_VOLATILITY
2022-06-19,20553.271484375,20683.822265625,18067.15234375,0.0807475952890373,0.12731160213906792,0.02853253723983067,26812.68408203125,TREND_DOWN,0.06614643487368528,HIGH_VOLATILITY
2022-06-20,20599.537109375,20913.322265625,19689.169921875,0.002251010260589048,0.059426206387563886,0.029301240778241772,26253.04541015625,TREND_DOWN,0.06721602324266995,HIGH_VOLATILITY
2022-06-21,20710.59765625,21620.62890625,20415.0625,0.0053914098304885805,0.05821012151651678,0.030463191136519942,25798.6212890625,TREND_DOWN,0.06823427984968886,HIGH_VOLATILITY
2022-06-22,19987.029296875,20835.75,19848.078125,-0.034937106663198714,0.04941564153080137,0.02726842353523499,25274.59833984375,TREND_DOWN,0.06760454043018413,HIGH_VOLATILITY
2022-06-23,21085.876953125,21135.76171875,19950.1171875,0.05497803800296652,0.056229320406533216,0.01376133344672767,24843.67265625,TREND_DOWN,0.053174979791714615,HIGH_VOLATILITY
2022-06-24,21231.65625,21472.91796875,20777.51171875,0.006913598955313738,0.03275327378192646,0.013038392311775017,24413.609765625,TREND_DOWN,0.0532305769883789,HIGH_VOLATILITY
2022-06-25,21502.337890625,21520.9140625,20964.5859375,0.012748964915301864,0.025872913346904412,0.008596142048749075,23993.3935546875,TREND_DOWN,0.053090164742187654,HIGH_VOLATILITY
2022-06-26,21027.294921875,21783.724609375,21016.26953125,-0.02209261947079333,0.03649804128283783,0.010472679876368891,23476.22470703125,TREND_DOWN,0.042692317720338484,HIGH_VOLATILITY
2022-06-27,20735.478515625,21478.08984375,20620.19921875,-0.013877981325425726,0.041373080652734665,0.02505894990893573,22955.22470703125,TREND_DOWN,0.04306003239665081,HIGH_VOLATILITY
2022-06-28,20280.634765625,21164.423828125,20228.8125,-0.02193553187871977,0.04613323690000226,0.023675911264977985,22458.538671875,TREND_DOWN,0.0360201355592794,HIGH_VOLATILITY
2022-06-29,20104.0234375,20364.15625,19937.791015625,-0.008708372798288844,0.02120795549709227,0.024233187541662572,21958.13994140625,TREND_DOWN,0.02514007877729417,LOW_VOLATILITY
2022-06-30,19784.7265625,20141.16015625,18729.65625,-0.01588223750298734,0.07134310912971456,0.028689540689410646,21493.18603515625,TREND_DOWN,0.025457215911956224,LOW_VOLATILITY
2022-07-01,19269.3671875,20632.671875,19073.708984375,-0.02604834458398897,0.08090368902390817,0.02360820282210312,21038.6138671875,TREND_DOWN,0.02613650235434011,HIGH_VOLATILITY
2022-07-02,19242.255859375,19371.748046875,19027.08203125,-0.0014069651515379311,0.01791193393040118,0.024339467828235067,20662.59423828125,TREND_DOWN,0.024218118916088105,LOW_VOLATILITY
2022-07-03,19297.076171875,19558.26953125,18966.951171875,0.002848954556089245,0.030642899168156445,0.030929234010854557,20503.07861328125,TREND_DOWN,0.013434171133243253,LOW_VOLATILITY
2022-07-04,20231.26171875,20258.748046875,19063.06640625,0.04841073013105235,0.059100695608957594,0.0319977176550293,20404.30205078125,TREND_DOWN,0.02229498848102412,LOW_VOLATILITY
2022-07-05,20190.115234375,20635.466796875,19341.232421875,-0.0020338071321012174,0.06410237683024615,0.034083330514765066,20285.1658203125,TREND_DOWN,0.021492923024852423,LOW_VOLATILITY
2022-07-06,20548.24609375,20595.529296875,19823.51171875,0.017737930428710857,0.037570971975064024,0.03868383912021942,20293.49560546875,TREND_UP,0.021881413019602603,LOW_VOLATILITY
2022-07-07,21637.587890625,21771.81640625,20296.103515625,0.053013857820514154,0.06820135858416954,0.03209937132396288,20351.80087890625,TREND_UP,0.027404651720371525,HIGH_VOLATILITY
2022-07-08,21731.1171875,22314.94140625,21257.453125,0.004322538045727464,0.048662398353743176,0.03275496528263323,20487.474609375,TREND_UP,0.025790067459009584,HIGH_VOLATILITY
2022-07-09,21592.20703125,21877.138671875,21445.95703125,-0.006392223420980114,0.019969317633948158,0.033826883669488106,20539.42138671875,TREND_UP,0.025641039547408657,LOW_VOLATILITY
2022-07-10,20860.44921875,21591.080078125,20727.123046875,-0.03388990349346599,0.04141603194592039,0.031954670658432896,20552.4669921875,TREND_UP,0.027987272027021715,HIGH_VOLATILITY
2022-07-11,19970.556640625,20856.353515625,19924.5390625,-0.04265931997884009,0.046659413149729705,0.038417353962985915,20515.46494140625,TREND_DOWN,0.030461647984910575,HIGH_VOLATILITY
2022-07-12,19323.9140625,20043.4453125,19308.53125,-0.03237979740682695,0.038031325337250114,0.031884811702235644,20482.3091796875,TREND_DOWN,0.03257339082094036,HIGH_VOLATILITY
2022-07-13,20212.07421875,20223.052734375,18999.953125,0.04596171114078618,0.060513314771047856,0.03315442709490175,20438.61904296875,TREND_DOWN,0.03557511917301067,HIGH_VOLATILITY
2022-07-14,20569.919921875,20789.89453125,19689.2578125,0.017704551212910147,0.05350709788517612,0.03434090690379595,20405.5322265625,TREND_UP,0.032635656791945904,HIGH_VOLATILITY
2022-07-15,20836.328125,21138.244140625,20397.0,0.012951348577769028,0.035574604900545544,0.03713624828261825,20372.23173828125,TREND_UP,0.03276656035336611,HIGH_VOLATILITY
2022-07-16,21190.31640625,21514.404296875,20518.8984375,0.01698899533192111,0.04697928243682947,0.038124876076908176,20380.3828125,TREND_UP,0.032731586596841486,HIGH_VOLATILITY
2022-07-17,20779.34375,21600.640625,20778.1796875,-0.01939436147960416,0.039580698379851384,0.03611873167534358,20382.57607421875,TREND_UP,0.028283190089679115,HIGH_VOLATILITY
2022-07-18,22485.689453125,22633.033203125,20781.912109375,0.08211740099467768,0.08232440893613499,0.02861883761673487,20492.82880859375,TREND_UP,0.039286961735098894,HIGH_VOLATILITY
2022-07-19,23389.43359375,23666.962890625,21683.40625,0.0401919693193753,0.08480567229960778,0.019970413087000146,20657.09931640625,TREND_UP,0.04064295043679053,HIGH_VOLATILITY
2022-07-20,23231.732421875,24196.818359375,23009.94921875,-0.006742410894342465,0.05108827525524717,0.04072474500335711,20829.449609375,TREND_UP,0.038317818355373255,HIGH_VOLATILITY
2022-07-21,23164.62890625,23388.322265625,22431.1484375,-0.0028884421706671937,0.04132049047704567,0.04352802480112045,21024.2126953125,TREND_UP,0.03388212783900024,HIGH_VOLATILITY
2022-07-22,22714.978515625,23671.927734375,22603.416015625,-0.01941107679491816,0.04703996167176652,0.042374504416089635,21197.848828125,TREND_UP,0.032046399046353355,HIGH_VOLATILITY
2022-07-23,22465.478515625,22977.2109375,22002.91015625,-0.010983941711781742,0.04336879717796185,0.04206664600267595,21356.2689453125,TREND_UP,0.03132992991495572,HIGH_VOLATILITY
2022-07-24,22609.1640625,22974.001953125,22306.83984375,0.006395837363315726,0.029508481938152153,0.0428694317270331,21475.1640625,TREND_UP,0.03126721219477199,HIGH_VOLATILITY
2022-07-25,21361.701171875,22649.12109375,21361.642578125,-0.05517510011323534,0.06027041129664829,0.034127238383211446,21533.743359375,TREND_DOWN,0.03736182496391611,HIGH_VOLATILITY
2022-07-26,21239.75390625,21361.12109375,20776.81640625,-0.005708686992848544,0.02750995562750201,0.03507064274951784,21568.31875,TREND_DOWN,0.03711359858879292,HIGH_VOLATILITY
2022-07-27,22930.548828125,22986.529296875,21070.806640625,0.0796052030234431,0.08354456191211217,0.0184878320072827,21632.966796875,TREND_UP,0.043730469589617425,HIGH_VOLATILITY
2022-07-28,23843.88671875,24110.470703125,22722.265625,0.0398306162434614,0.0582205868740923,0.005308929289193258,21738.6052734375,TREND_UP,0.03768864470764658,HIGH_VOLATILITY
2022-07-29,23804.6328125,24294.787109375,23481.173828125,-0.0016462880701044735,0.03417877888134302,0.014909544340946162,21849.2265625,TREND_UP,0.03580972607184913,HIGH_VOLATILITY
2022-07-30,23656.20703125,24572.580078125,23580.5078125,-0.006235163651508224,0.041937080797207524,0.015475508153025038,21989.014453125,TREND_UP,0.03579580741317757,HIGH_VOLATILITY
2022-07-31,23336.896484375,24121.642578125,23275.703125,-0.013497960448739299,0.036249012532210134,0.015583754485894667,22157.3314453125,TREND_UP,0.03612496712679787,HIGH_VOLATILITY
2022-08-01,23314.19921875,23464.787109375,22890.796875,-0.0009725914343493569,0.02461977050935463,0.018882100170913026,22356.845703125,TREND_UP,0.03541295722513747,HIGH_VOLATILITY
2022-08-02,22978.1171875,23415.041015625,22710.083984375,-0.014415336683737068,0.03067949499506834,0.02130259116216189,22495.1478515625,TREND_UP,0.03558147140086172,HIGH_VOLATILITY
2022-08-03,22846.5078125,23578.650390625,22747.8359375,-0.0057275961266136655,0.03636505237226833,0.02416461982998523,22608.97724609375,TREND_UP,0.03565248904461293,HIGH_VOLATILITY
2022-08-04,22630.95703125,23198.009765625,22485.701171875,-0.009434736504108754,0.03147496558658157,0.023320518235744752,22698.70869140625,TREND_DOWN,0.03005275507834239,HIGH_VOLATILITY
2022-08-05,23289.314453125,23422.828125,22612.177734375,0.029091011085651708,0.03480782537659564,0.022071978507084006,22803.65859375,TREND_UP,0.030534137771141542,HIGH_VOLATILITY
2022-08-06,22961.279296875,23326.5625,22961.279296875,-0.014085221654344782,0.015908660767639134,0.02035915873509414,22912.75537109375,TREND_UP,0.018810940724251914,LOW_VOLATILITY
2022-08-07,23175.890625,23359.009765625,22894.556640625,0.009346662498644243,0.020040357132985045,0.020967982160175952,22947.2654296875,TREND_UP,0.013376347806208898,LOW_VOLATILITY
2022-08-08,23809.486328125,24203.689453125,23176.546875,0.02733856978257987,0.04314005619313534,0.01943999370927573,22968.26806640625,TREND_UP,0.016434649800670383,LOW_VOLATILITY
2022-08-09,23164.318359375,23898.615234375,22982.0,-0.02709709734425869,0.03957013628264308,0.015990802854862055,22964.89736328125,TREND_UP,0.018525076167187852,LOW_VOLATILITY
2022-08-10,23947.642578125,24127.4140625,22771.51953125,0.033815983988709775,0.05661912344092455,0.01268093454493553,23004.048046875,TREND_UP,0.02110861548667048,LOW_VOLATILITY
2022-08-11,23957.529296875,24822.62890625,23900.99609375,0.00041284726535173455,0.038469443200063916,0.012561175341309289,23066.1755859375,TREND_UP,0.02108573985689259,LOW_VOLATILITY
2022-08-12,24402.818359375,24412.56640625,23657.265625,0.018586602023192844,0.030951374965254,0.035672668228327854,23163.042578125,TREND_UP,0.02064836277037247,LOW_VOLATILITY
2022-08-13,24424.068359375,24860.05078125,24346.115234375,0.0008708010561344626,0.021042176074557602,0.0373212195506351,23253.78779296875,TREND_UP,0.02032690308030589,LOW_VOLATILITY
2022-08-14,24319.333984375,24974.9140625,24206.259765625,-0.004288162539464846,0.03160671658890227,0.03963230835688858,23401.66943359375,TREND_UP,0.019929064901789174,LOW_VOLATILITY
2022-08-15,24136.97265625,25135.58984375,23839.775390625,-0.007498615226969818,0.0536858731863154,0.03968119684195499,23546.53037109375,TREND_UP,0.018832710248230838,LOW_VOLATILITY
2022-08-16,23883.291015625,24228.416015625,23733.5,-0.010510085263709001,0.020722270448457647,0.04056925962223826,23594.16748046875,TREND_UP,0.0184874892415642,LOW_VOLATILITY
2022-08-17,23335.998046875,24407.05859375,23243.353515625,-0.02291530796119967,0.04986737982183006,0.04044755083901474,23568.773046875,TREND_DOWN,0.02020493919421792,LOW_VOLATILITY
2022-08-18,23212.73828125,23563.83203125,23177.6015625,-0.005281958173694035,0.016638729307605047,0.041219630046578436,23539.1783203125,TREND_DOWN,0.017966354314758348,LOW_VOLATILITY
2022-08-19,20877.552734375,23213.3125,20868.84765625,-0.10059931398792521,0.11229596081392366,0.02721527158939653,23400.24560546875,TREND_DOWN,0.035589334714394544,HIGH_VOLATILITY
2022-08-20,21166.060546875,21350.806640625,20856.73046875,0.013819043648011897,0.02334284978448417,0.026103410033290638,23291.70380859375,TREND_DOWN,0.033362145734245195,HIGH_VOLATILITY
2022-08-21,21534.12109375,21668.845703125,21103.197265625,0.01738918520335342,0.026267542336063678,0.023966942136405902,23202.69990234375,TREND_DOWN,0.03446303515430908,HIGH_VOLATILITY
2022-08-22,21398.908203125,21531.462890625,20939.18359375,-0.006279006699941081,0.027678014749766822,0.030102608778935055,23123.739453125,TREND_DOWN,0.033035337472540414,HIGH_VOLATILITY
2022-08-23,21528.087890625,21646.203125,20955.138671875,0.006036741981122917,0.03210059605088955,0.030104522365492863,23057.81845703125,TREND_DOWN,0.033307437679844426,HIGH_VOLATILITY
2022-08-24,21395.01953125,21783.076171875,21195.005859375,-0.006181150878381003,0.027486318095716274,0.031485104830693125,22996.02158203125,TREND_DOWN,0.03326400892440822,HIGH_VOLATILITY
2022-08-25,21600.904296875,21789.63671875,21362.44140625,0.009623023027591993,0.019776732799182038,0.030994473691516266,22911.60107421875,TREND_DOWN,0.03396623316713757,HIGH_VOLATILITY
2022-08-26,20260.01953125,21804.908203125,20199.482421875,-0.06207539958496022,0.07924107766893888,0.020799538120007677,22776.5380859375,TREND_DOWN,0.0376806934331283,HIGH_VOLATILITY
2022-08-27,20041.73828125,20340.775390625,19890.5234375,-0.010773990107132536,0.022465713642525316,0.020573361034246812,22619.83046875,TREND_DOWN,0.03761600495944532,HIGH_VOLATILITY
2022-08-28,19616.814453125,20139.0546875,19616.814453125,-0.021201944769558057,0.026622071367545918,0.018740848308492052,22410.196875,TREND_DOWN,0.03752248178656228,HIGH_VOLATILITY
2022-08-29,20297.994140625,20357.462890625,19600.78515625,0.03472427641744291,0.03727844875373981,0.012604025384278936,22266.8806640625,TREND_DOWN,0.026378994750664637,HIGH_VOLATILITY
2022-08-30,19796.80859375,20542.64453125,19617.640625,-0.024691382971281484,0.04672490022164636,0.020461903908272468,22059.33896484375,TREND_DOWN,0.02654372793488474,HIGH_VOLATILITY
2022-08-31,20049.763671875,20420.990234375,19799.58203125,0.012777568511970205,0.03099329315271114,0.02259477638638469,21863.95068359375,TREND_DOWN,0.02612231609452433,HIGH_VOLATILITY
2022-09-01,20127.140625,20198.390625,19653.96875,0.0038592451457939436,0.02704914151212177,0.022482799091768677,21650.166796875,TREND_DOWN,0.02634078357147088,HIGH_VOLATILITY
2022-09-02,19969.771484375,20401.568359375,19814.765625,-0.007818752974256604,0.029384549284108413,0.047680726976173204,21427.451953125,TREND_DOWN,0.02601189920268733,HIGH_VOLATILITY
2022-09-03,19832.087890625,20037.009765625,19698.35546875,-0.006894600364241943,0.017076078864852563,0.047042497880985155,21203.0896484375,TREND_DOWN,0.02600984615702179,HIGH_VOLATILITY
2022-09-04,19986.712890625,19999.689453125,19636.81640625,0.007796708085036963,0.01815571419176236,0.04714105261245686,20995.57666015625,TREND_DOWN,0.025884336946228395,HIGH_VOLATILITY
2022-09-05,19812.37109375,20031.16015625,19673.046875,-0.008722884940063236,0.018075235899602658,0.04631867186203164,20792.0306640625,TREND_DOWN,0.017514674590120908,LOW_VOLATILITY
2022-09-06,18837.66796875,20155.26953125,18800.171875,-0.04919669232863699,0.07193553143085361,0.05827376790414898,20567.11416015625,TREND_DOWN,0.02298917904484072,LOW_VOLATILITY
2022-09-07,19290.32421875,19427.171875,18644.466796875,0.024029314602578067,0.04057500896559419,0.05824437850587378,20370.99345703125,TREND_DOWN,0.02407599551068962,LOW_VOLATILITY
2022-09-08,19329.833984375,19417.3515625,19076.71484375,0.0020481649337233954,0.01762233028102305,0.059754202156896224,20293.60751953125,TREND_DOWN,0.020591635489532016,LOW_VOLATILITY
2022-09-09,21381.15234375,21439.41015625,19310.962890625,0.10612188190716765,0.09954782751675094,0.039883499021551944,20304.362109375,TREND_UP,0.03941499702341654,HIGH_VOLATILITY
2022-09-10,21680.5390625,21760.275390625,21168.72265625,0.014002365912589188,0.02728496430230308,0.040312047022544595,20311.6830078125,TREND_UP,0.039432010839606936,HIGH_VOLATILITY
2022-09-11,21769.255859375,21770.552734375,21406.9453125,0.004092001431295067,0.01670279518160063,0.040781139978212054,20330.200390625,TREND_UP,0.03942902100331098,HIGH_VOLATILITY
2022-09-12,22370.44921875,22439.181640625,21603.896484375,0.027616624254801714,0.037338774384105704,0.037723043540317566,20372.31845703125,TREND_UP,0.03938720029319367,HIGH_VOLATILITY
2022-09-13,20296.70703125,22673.8203125,20062.669921875,-0.09270006906083372,0.12864896687944108,0.021409118513385155,20317.40283203125,TREND_DOWN,0.051474187136599805,HIGH_VOLATILITY
2022-09-14,20241.08984375,20467.201171875,19793.396484375,-0.0027402074343571003,0.03328895295171352,0.021331149447969835,20249.412109375,TREND_DOWN,0.0514845041610908,HIGH_VOLATILITY
2022-09-15,19701.2109375,20318.166015625,19636.734375,-0.026672422800232853,0.0345883125045851,0.029501606052952163,20221.4716796875,TREND_DOWN,0.052225081636119455,HIGH_VOLATILITY
2022-09-16,19772.583984375,19870.62890625,19400.076171875,0.003622774615297697,0.023798241785031614,0.029434390846359668,20208.01396484375,TREND_DOWN,0.04920616590250133,HIGH_VOLATILITY
2022-09-17,20127.576171875,20162.53125,19777.033203125,0.017953757980268437,0.01915273074030993,0.028303011412789094,20233.55205078125,TREND_DOWN,0.048995080849843976,HIGH_VOLATILITY
2022-09-18,19419.505859375,20127.234375,19387.4921875,-0.035179114785287124,0.038092739993323806,0.025737913199094034,20189.62763671875,TREND_DOWN,0.050658581067183385,HIGH_VOLATILITY
2022-09-19,19544.12890625,19639.48046875,18390.318359375,0.006417415961943007,0.06391495447901653,0.02749370707676702,20176.99365234375,TREND_DOWN,0.035281813158529705,HIGH_VOLATILITY
2022-09-20,18890.7890625,19602.45703125,18813.455078125,-0.033428956945789956,0.04176649003461922,0.024000273551683105,20119.044921875,TREND_DOWN,0.03512957875184259,HIGH_VOLATILITY
2022-09-21,18547.400390625,19674.630859375,18290.314453125,-0.018177571658806957,0.07463668099545201,0.022713619814207598,20040.05791015625,TREND_DOWN,0.034620687641278854,HIGH_VOLATILITY
2022-09-22,19413.55078125,19456.91015625,18415.591796875,0.04669928789927913,0.05363873776149834,0.01465903338065738,20012.246875,TREND_DOWN,0.03764466415686249,HIGH_VOLATILITY
2022-09-23,19297.638671875,19464.671875,18617.552734375,-0.005970680514919002,0.04389755425670907,0.014768685712472722,19985.5244140625,TREND_DOWN,0.025324866028180407,LOW_VOLATILITY
2022-09-24,18937.01171875,19310.197265625,18861.974609375,-0.01868762076318642,0.023669133383183355,0.012568703022072846,19933.03935546875,TREND_DOWN,0.025683983356107862,LOW_VOLATILITY
2022-09-25,18802.09765625,19134.732421875,18696.46875,-0.007124358610731463,0.02330929664804272,0.013674344718976385,19882.52568359375,TREND_DOWN,0.024689378199221627,LOW_VOLATILITY
2022-09-26,19222.671875,19274.873046875,18721.28515625,0.022368473265013344,0.028798696363587593,0.015850317924442466,19901.77587890625,TREND_DOWN,0.026039854704880523,HIGH_VOLATILITY
2022-09-27,19110.546875,20338.455078125,18915.66796875,-0.005832956039052206,0.0744503607710075,0.019503018270911474,19892.78701171875,TREND_DOWN,0.02502936598117769,LOW_VOLATILITY
2022-09-28,19426.720703125,19688.34375,18553.296875,0.016544467837213528,0.05842709597494833,0.020210289700779812,19897.63134765625,TREND_DOWN,0.02336393672961182,LOW_VOLATILITY
2022-09-29,19573.05078125,19589.265625,18924.353515625,0.007532412719634118,0.03397079570303636,0.021004595688506263,19807.22626953125,TREND_DOWN,0.023399110801589424,LOW_VOLATILITY
2022-09-30,19431.7890625,20109.849609375,19265.662109375,-0.0072171538473359,0.04344363235339643,0.022610955845321294,19694.78876953125,TREND_DOWN,0.020474886017748953,LOW_VOLATILITY
2022-10-01,19312.095703125,19471.154296875,19231.08203125,-0.0061596674907298254,0.012431186615658318,0.022638642609256392,19571.93076171875,TREND_DOWN,0.01941829830191611,LOW_VOLATILITY
2022-10-02,19044.107421875,19370.30859375,18970.62109375,-0.013876706359042923,0.0209874630060582,0.02168120916617778,19405.613671875,TREND_DOWN,0.013119576130209587,LOW_VOLATILITY
2022-10-03,19623.580078125,19653.54296875,19025.2265625,0.030427924155919772,0.03201843923221754,0.018845624776938106,19371.95732421875,TREND_UP,0.016468668060804492,LOW_VOLATILITY
2022-10-04,20336.84375,20380.34375,19523.83984375,0.036347275524413414,0.042115871901213776,0.00721448402560861,19376.74501953125,TREND_UP,0.01798801490556778,LOW_VOLATILITY
2022-10-05,20160.716796875,20343.748046875,19801.80078125,-0.008660486125090072,0.026881349065376692,0.009154773864452919,19399.7203125,TREND_UP,0.018130882594638544,LOW_VOLATILITY
2022-10-06,19955.443359375,20408.392578125,19900.087890625,-0.01018185214187517,0.025471981671667553,0.011447253055052762,19408.86328125,TREND_UP,0.01801612537721846,LOW_VOLATILITY
2022-10-07,19546.849609375,20041.0859375,19395.79296875,-0.02047530303595302,0.03301263281017451,0.009484414014928506,19379.826953125,TREND_UP,0.019433611658482387,LOW_VOLATILITY
2022-10-08,19416.568359375,19601.6953125,19299.4140625,-0.006665076603316944,0.015568211869634935,0.009449854736221269,19379.680078125,TREND_UP,0.018940059460528444,LOW_VOLATILITY
2022-10-09,19446.42578125,19542.5390625,19349.259765625,0.0015377290838616275,0.009939065360862224,0.010631753488173556,19374.794921875,TREND_UP,0.018773062611930163,LOW_VOLATILITY
2022-10-10,19141.484375,19515.466796875,19102.978515625,-0.01568110303046133,0.021549440637359137,0.009939937925337174,19387.3296875,TREND_DOWN,0.019293529764012798,LOW_VOLATILITY
2022-10-11,19051.41796875,19241.9609375,18925.603515625,-0.00470529894576166,0.016605452801146895,0.011002918426518639,19412.53056640625,TREND_DOWN,0.019258601069250956,LOW_VOLATILITY
2022-10-12,19157.4453125,19203.19921875,19029.7578125,0.005565325579645286,0.009053472601424136,0.011758998175906955,19399.72529296875,TREND_DOWN,0.018812094218341492,LOW_VOLATILITY
2022-10-13,19382.904296875,19453.328125,18319.822265625,0.011768739552548313,0.058479670642430454,0.010575798802603483,19403.98857421875,TREND_DOWN,0.016298960465673022,LOW_VOLATILITY
2022-10-14,19185.65625,19889.146484375,19115.408203125,-0.010176392755898878,0.040328997411803416,0.010380461980311464,19416.42080078125,TREND_DOWN,0.00973622174026359,LOW_VOLATILITY
2022-10-15,19067.634765625,19212.541015625,19019.25,-0.0061515479500473536,0.010137125972932086,0.010031723487816268,19429.69765625,TREND_DOWN,0.00968557993406087,LOW_VOLATILITY
2022-10-16,19268.09375,19389.603515625,19068.9140625,0.010513049302600663,0.016643548515275414,0.01165381638024034,19431.96875,TREND_DOWN,0.010732330512348754,LOW_VOLATILITY
2022-10-17,19550.7578125,19635.802734375,19173.333984375,0.014670058500208416,0.02365477361211622,0.011170597365835295,19453.979296875,TREND_UP,0.010281539404829768,LOW_VOLATILITY
2022-10-18,19334.416015625,19666.994140625,19144.76953125,-0.011065647631146036,0.027010105138576056,0.017889675743864523,19449.3640625,TREND_DOWN,0.010687863228802899,LOW_VOLATILITY
2022-10-19,19139.53515625,19348.416015625,19127.6875,-0.010079479991405349,0.011532595427372293,0.01905467887710008,19427.68828125,TREND_DOWN,0.011081286072384587,LOW_VOLATILITY
2022-10-20,19053.740234375,19315.19921875,18971.458984375,-0.004482602172654282,0.01804056474722247,0.022733033393741747,19408.78583984375,TREND_DOWN,0.0100065108973743,LOW_VOLATILITY
2022-10-21,19172.46875,19237.384765625,18770.970703125,0.006231244583192241,0.024327282447650356,0.022791760389260063,19401.8044921875,TREND_DOWN,0.01008278994508007,LOW_VOLATILITY
2022-10-22,19208.189453125,19248.068359375,19132.244140625,0.0018631248583989013,0.006029939418946976,0.022475148622058235,19410.00859375,TREND_DOWN,0.009950551389987882,LOW_VOLATILITY
2022-10-23,19567.0078125,19646.65234375,19124.197265625,0.018680488353712166,0.02670081614580027,0.02344647821381547,19407.17998046875,TREND_UP,0.011017809966295212,LOW_VOLATILITY
2022-10-24,19345.572265625,19589.125,19206.32421875,-0.011316781236911488,0.019787513958953583,0.022883614948249306,19357.61640625,TREND_DOWN,0.011151437615124079,LOW_VOLATILITY
2022-10-25,20095.857421875,20348.412109375,19261.447265625,0.03878330120960949,0.05408900058012967,0.018646204957088807,19354.3734375,TREND_UP,0.01599978542973684,LOW_VOLATILITY
2022-10-26,20770.44140625,20938.134765625,20076.1171875,0.03356831063305088,0.041502130901542214,0.01383731442149117,19395.12333984375,TREND_UP,0.018315237484939892,LOW_VOLATILITY
2022-10-27,20285.8359375,20854.044921875,20255.373046875,-0.0233314959115013,0.029511816858052514,0.011038128614561275,19432.07265625,TREND_UP,0.02051521606138304,LOW_VOLATILITY
2022-10-28,20595.3515625,20724.98046875,20086.068359375,0.015257721000682789,0.031022151160475003,0.020577579731248324,19491.01181640625,TREND_UP,0.020067633750860993,LOW_VOLATILITY
2022-10-29,20818.4765625,20988.39453125,20566.484375,0.01083375534148523,0.020266139790938414,0.020398426124606798,19559.61435546875,TREND_UP,0.019217550374324537,LOW_VOLATILITY
2022-10-30,20635.603515625,20917.005859375,20547.462890625,-0.008784170461560437,0.0179080281548435,0.02138326595407363,19634.3203125,TREND_UP,0.01958771621931993,LOW_VOLATILITY
2022-10-31,20495.7734375,20795.3203125,20287.458984375,-0.006776156462742766,0.0247788320686544,0.02222655793246637,19706.5380859375,TREND_UP,0.020155064526926045,LOW_VOLATILITY
2022-11-01,20485.2734375,20647.2890625,20359.845703125,-0.0005123007449325812,0.014031707228706598,0.04425308855283527,19772.9294921875,TREND_UP,0.02023457447748237,LOW_VOLATILITY
2022-11-02,20159.50390625,20742.810546875,20087.134765625,-0.015902620594443806,0.032524400615172006,0.06630126036482212,19811.75947265625,TREND_UP,0.020892736002052454,LOW_VOLATILITY
2022-11-03,20209.98828125,20382.095703125,20086.240234375,0.0025042468919260763,0.014639071761584473,0.08460247380272029,19862.97607421875,TREND_UP,0.02027505741193424,LOW_VOLATILITY
2022-11-04,21147.23046875,21209.560546875,20188.01953125,0.0463751969796804,0.04830613716224291,0.0799469161229537,19966.955859375,TREND_UP,0.021784685267314963,LOW_VOLATILITY
2022-11-05,21282.69140625,21446.88671875,21097.634765625,0.006405611254872046,0.016410140355765185,0.07887111817985729,20067.6857421875,TREND_UP,0.019438676707725706,LOW_VOLATILITY
2022-11-06,20926.486328125,21345.376953125,20920.19140625,-0.01673684363155281,0.02031805723178452,0.07867267183983082,20136.47216796875,TREND_UP,0.01855259617140799,LOW_VOLATILITY
2022-11-07,20602.81640625,21053.24609375,20489.97265625,-0.015466997985227438,0.02733963291199,0.08066039885333119,20199.8921875,TREND_UP,0.018887208218213013,LOW_VOLATILITY
2022-11-08,18541.271484375,20664.607421875,17603.544921875,-0.10006131594948431,0.16509452992906135,0.07496011073013778,20169.97900390625,TREND_DOWN,0.03639091127397183,HIGH_VOLATILITY
2022-11-09,15880.7802734375,18590.458984375,15682.6923828125,-0.14349022466876316,0.18309973134167007,0.04772993331357497,20011.331005859374,TREND_DOWN,0.05545870090570163,HIGH_VOLATILITY
2022-11-10,17586.771484375,18054.3125,15834.0185546875,0.10742489862358795,0.1262479555889564,0.019105721304584853,19932.046142578125,TREND_DOWN,0.0694712489770275,HIGH_VOLATILITY
2022-11-11,17034.29296875,17650.943359375,16543.482421875,-0.03141443647663533,0.06501361339338682,0.0159455417294552,19823.351318359375,TREND_DOWN,0.06954397475078265,HIGH_VOLATILITY
2022-11-12,16799.185546875,17066.67578125,16651.775390625,-0.013802006476365758,0.02469764914896009,0.015194565651078048,19684.960205078125,TREND_DOWN,0.06954759564540178,HIGH_VOLATILITY
2022-11-13,16353.365234375,16920.765625,16320.634765625,-0.026538209918333333,0.03669769804404029,0.014794717263499112,19535.349853515625,TREND_DOWN,0.06930304525194116,HIGH_VOLATILITY
2022-11-14,16618.19921875,17109.32421875,15872.94140625,0.016194463988263186,0.07439932547595245,0.01658549061556028,19361.466943359374,TREND_DOWN,0.0667633685751461,HIGH_VOLATILITY
2022-11-15,16884.61328125,17051.962890625,16542.55078125,0.016031463998783302,0.030170197024334055,0.01900241279684991,19167.175537109375,TREND_DOWN,0.06728177280371532,HIGH_VOLATILITY
2022-11-16,16669.439453125,16960.294921875,16430.111328125,-0.0127437818409466,0.031805724196119094,0.022050971199712395,18986.355712890625,TREND_DOWN,0.06732031151621917,HIGH_VOLATILITY
2022-11-17,16687.517578125,16726.439453125,16460.68359375,0.0010845070736082985,0.01592542798117371,0.022042649332406704,18790.964013671874,TREND_DOWN,0.0676573312874161,HIGH_VOLATILITY
2022-11-18,16697.77734375,16947.05859375,16564.611328125,0.0006148167681003791,0.022904082247099222,0.022096583919369313,18584.929052734376,TREND_DOWN,0.06141280694981858,HIGH_VOLATILITY
2022-11-19,16711.546875,16797.876953125,16570.41015625,0.0008246325823211276,0.013611354985652697,0.022087463762532684,18388.726220703124,TREND_DOWN,0.039119472513859145,HIGH_VOLATILITY
2022-11-20,16291.83203125,16746.779296875,16248.6923828125,-0.025115259939095247,0.030572799492844024,0.019612063727994962,18178.529150390626,TREND_DOWN,0.01711355120168528,LOW_VOLATILITY
2022-11-21,15787.2841796875,16291.2236328125,15599.046875,-0.030969374751391165,0.04384394110692452,0.015525963642156965,17943.6296875,TREND_DOWN,0.017044849535715844,LOW_VOLATILITY
2022-11-22,16189.76953125,16253.0478515625,15656.6064453125,0.025494274188105903,0.03684063600156445,0.013323999506232531,17745.14296875,TREND_DOWN,0.019733392266591595,LOW_VOLATILITY
2022-11-23,16610.70703125,16638.193359375,16170.5029296875,0.02600021570334854,0.028155961622080637,0.019129631928109188,17565.17890625,TREND_DOWN,0.019914882152575645,LOW_VOLATILITY
2022-11-24,16604.46484375,16771.474609375,16501.767578125,-0.0003757930043709612,0.01624304268689027,0.020106697741467595,17338.040625,TREND_DOWN,0.019257216178189072,LOW_VOLATILITY
2022-11-25,16521.841796875,16603.31640625,16388.404296875,-0.004975953615638518,0.013007757368530744,0.019798956720363893,17099.99814453125,TREND_DOWN,0.018453357686778235,LOW_VOLATILITY
2022-11-26,16464.28125,16666.86328125,16416.228515625,-0.0034839061881034583,0.01522294000079718,0.020472975556961596,16876.887890625,TREND_DOWN,0.018083865689314856,LOW_VOLATILITY
2022-11-27,16444.626953125,16594.40625,16437.025390625,-0.0011937537130568554,0.009570351448142316,0.020585464829214556,16668.97841796875,TREND_DOWN,0.018067768054011873,LOW_VOLATILITY
2022-11-28,16217.322265625,16482.93359375,16054.5302734375,-0.013822428939733733,0.02641640298537841,0.019890244953887293,16552.78095703125,TREND_DOWN,0.01846853012179414,LOW_VOLATILITY
2022-11-29,16444.982421875,16522.2578125,16139.396484375,0.014038085481754337,0.023281346145783685,0.019631826933666722,16580.991064453126,TREND_DOWN,0.019211373482133802,LOW_VOLATILITY
2022-11-30,17168.56640625,17190.9375,16445.4765625,0.044000289316970864,0.04342010391902171,0.011197780015084537,16560.080810546875,TREND_UP,0.021980677683179593,LOW_VOLATILITY
2022-12-01,16967.1328125,17197.498046875,16888.388671875,-0.011732697360023692,0.018218126681502335,0.013838629705351373,16556.722802734374,TREND_UP,0.019088701348361676,LOW_VOLATILITY
2022-12-02,17088.66015625,17088.66015625,16877.880859375,0.007162515027905547,0.012334454249059991,0.013949422650356508,16571.196533203125,TREND_UP,0.018006991050649485,LOW_VOLATILITY
2022-12-03,16908.236328125,17116.041015625,16888.140625,-0.010558102652595158,0.013478661298689838,0.013112298120897198,16598.940087890624,TREND_UP,0.017083866545750025,LOW_VOLATILITY
2022-12-04,17130.486328125,17157.767578125,16903.439453125,0.013144481522908036,0.014846520999374174,0.012156342629733368,16624.554443359375,TREND_UP,0.01741502636932531,LOW_VOLATILITY
2022-12-05,16974.826171875,17378.15234375,16922.431640625,-0.00908673304822849,0.026846855367512853,0.01163414110481757,16629.065087890624,TREND_UP,0.017677517650778317,LOW_VOLATILITY
2022-12-06,17089.50390625,17091.86328125,16939.921875,0.006755753090715411,0.008890919659430941,0.016707669871239922,16650.068310546874,TREND_UP,0.01756628461623364,LOW_VOLATILITY
2022-12-07,16848.126953125,17109.376953125,16750.55859375,-0.01412428087141393,0.02129722552384057,0.014467992950350983,16658.098779296874,TREND_UP,0.018434933763761367,LOW_VOLATILITY
2022-12-08,17233.474609375,17267.916015625,16788.783203125,0.022871839541696026,0.027802449788004564,0.01742434148990409,16684.883642578126,TREND_UP,0.01845975457758144,LOW_VOLATILITY
2022-12-09,17133.15234375,17280.546875,17100.8359375,-0.005821360340788395,0.010489076026079737,0.02380739316535144,16705.963916015626,TREND_UP,0.018596212185830897,LOW_VOLATILITY
2022-12-10,17128.724609375,17216.826171875,17120.68359375,-0.00025843080632004245,0.005612944356194427,0.02428224608769778,16747.808544921874,TREND_UP,0.012282407305783566,LOW_VOLATILITY
2022-12-11,17104.193359375,17245.634765625,17091.8203125,-0.0014321702613265819,0.008992791995109935,0.02427804940342205,16813.65400390625,TREND_UP,0.01161845097661931,LOW_VOLATILITY
2022-12-12,17206.4375,17212.564453125,16899.39453125,0.005977723618808328,0.01820074154658685,0.024628934534787737,16864.48740234375,TREND_UP,0.011552956976370436,LOW_VOLATILITY
2022-12-13,17781.318359375,17930.0859375,17111.763671875,0.033410801008343594,0.046021461912218044,0.023318936926514672,16923.01796875,TREND_UP,0.014708428019898828,LOW_VOLATILITY
2022-12-14,17815.650390625,18318.53125,17739.513671875,0.0019307922256450727,0.03250050183010395,0.02301924914619445,16983.57724609375,TREND_UP,0.014455977926170377,LOW_VOLATILITY
2022-12-15,17364.865234375,17846.744140625,17322.58984375,-0.02530276169357326,0.03018476042286806,0.021826180051609842,17025.72841796875,TREND_UP,0.016808057747701954,LOW_VOLATILITY
2022-12-16,16647.484375,17505.525390625,16584.701171875,-0.04131220425223303,0.055313115063368244,0.014542521154718498,17034.88857421875,TREND_DOWN,0.021611222935473774,LOW_VOLATILITY
2022-12-17,16795.091796875,16800.58984375,16614.029296875,0.008866650272798315,0.011108039725612731,0.014204135736724388,17052.41181640625,TREND_DOWN,0.021448390499920575,LOW_VOLATILITY
2022-12-18,16757.9765625,16815.38671875,16697.8203125,-0.0022098857704312413,0.007015549031920899,0.014161503771872445,17079.44453125,TREND_DOWN,0.019871227870378583,LOW_VOLATILITY
2022-12-19,16439.6796875,16807.52734375,16398.13671875,-0.01899375344110854,0.024902591338886147,0.011153736547626381,17079.17939453125,TREND_DOWN,0.020532956350903086,LOW_VOLATILITY
2022-12-20,16906.3046875,17012.984375,16427.8671875,0.028384068842582266,0.03460940745570601,0.005603180192813945,17066.06630859375,TREND_DOWN,0.022957044767123753,LOW_VOLATILITY
2022-12-21,16817.53515625,16916.80078125,16755.912109375,-0.005250676176186131,0.009566721304888011,0.006325877942657385,17058.58642578125,TREND_DOWN,0.02299549868153359,LOW_VOLATILITY
2022-12-22,16830.341796875,16866.673828125,16592.408203125,0.0007615052090579333,0.01629590345282974,0.006913699293759399,17045.6705078125,TREND_DOWN,0.022867094766308514,LOW_VOLATILITY
2022-12-23,16796.953125,16905.21875,16794.458984375,-0.001983838015767403,0.00659403909749257,0.006919306245667708,17040.10634765625,TREND_DOWN,0.019232344875953152,LOW_VOLATILITY
2022-12-24,16847.755859375,16864.703125,16793.52734375,0.003024520816182319,0.004224644625912831,0.006615168927724999,17025.96982421875,TREND_DOWN,0.019282412963302815,LOW_VOLATILITY
2022-12-25,16841.986328125,16860.5546875,16755.25390625,-0.000342451024228807,0.006252278038853094,0.007146544411884307,17019.32783203125,TREND_DOWN,0.01799241184497691,LOW_VOLATILITY
2022-12-26,16919.8046875,16920.123046875,16812.369140625,0.004620497716771643,0.006368507689075533,0.0070306760994854715,17010.84287109375,TREND_DOWN,0.011944948375952159,LOW_VOLATILITY
2022-12-27,16717.173828125,16959.845703125,16642.072265625,-0.011975957353969946,0.019008801413871613,0.0054651647625260725,17004.29521484375,TREND_DOWN,0.012364156951638708,LOW_VOLATILITY
2022-12-28,16552.572265625,16768.169921875,16497.556640625,-0.009846255365429935,0.01634871468357743,0.0050638291514232,16970.25009765625,TREND_DOWN,0.012719311687999297,LOW_VOLATILITY
2022-12-29,16642.341796875,16651.755859375,16508.68359375,0.0054232979508825885,0.008596883021106156,0.005120001578095692,16945.7095703125,TREND_DOWN,0.011164015804128971,LOW_VOLATILITY
2022-12-30,16602.5859375,16643.427734375,16408.474609375,-0.002388838052975517,0.014151598183829609,0.00508882070177976,16919.40263671875,TREND_DOWN,0.005830384347176235,LOW_VOLATILITY
2022-12-31,16547.49609375,16628.986328125,16517.51953125,-0.0033181483870876605,0.006736173028443928,0.0045037988317189566,16891.5677734375,TREND_DOWN,0.005734383805624324,LOW_VOLATILITY
2023-01-01,16625.080078125,16630.439453125,16521.234375,0.0046885633896178724,0.00656869486413423,0.004817335231103756,16862.49990234375,TREND_DOWN,0.006040564005144782,LOW_VOLATILITY
2023-01-02,16688.470703125,16759.34375,16572.228515625,0.0038129515588565255,0.011212245729619895,0.004886458580008089,16807.85751953125,TREND_DOWN,0.0062331109425989495,LOW_VOLATILITY
2023-01-03,16679.857421875,16760.447265625,16622.37109375,-0.000516121662866742,0.008278018713392498,0.005659028321003563,16751.06787109375,TREND_DOWN,0.006101617192354782,LOW_VOLATILITY
2023-01-04,16863.23828125,16964.5859375,16667.763671875,0.010994150293785143,0.017601735839493683,0.00995613276195961,16725.9865234375,TREND_UP,0.007190161627636401,LOW_VOLATILITY
2023-01-05,16836.736328125,16884.021484375,16790.283203125,-0.0015715814888571655,0.005567485255049963,0.01799452812187904,16735.44912109375,TREND_UP,0.007027113122863535,LOW_VOLATILITY
2023-01-06,16951.96875,16991.994140625,16716.421875,0.006844106816741524,0.016256062625469386,0.02237098209785693,16743.29296875,TREND_UP,0.006056261541614215,LOW_VOLATILITY
2023-01-07,16955.078125,16975.017578125,16914.19140625,0.00018342264818071996,0.0035874899205160697,0.022218966781118663,16753.148046875,TREND_UP,0.004652384291421827,LOW_VOLATILITY
2023-01-08,17091.14453125,17091.14453125,16924.05078125,0.008025112314249405,0.009776627287568741,0.024757330422961597,16785.7212890625,TREND_UP,0.004905187026969349,LOW_VOLATILITY
2023-01-09,17196.5546875,17389.95703125,17093.9921875,0.006167530562816603,0.01721070581452771,0.02371221535376624,16800.2337890625,TREND_UP,0.004663995867043073,LOW_VOLATILITY
2023-01-10,17446.29296875,17484.720703125,17162.990234375,0.014522576515372032,0.018441193743925274,0.025937783733579706,16831.6716796875,TREND_UP,0.005140801288412231,LOW_VOLATILITY
2023-01-11,17934.896484375,17934.896484375,17337.994140625,0.02800615102017323,0.03328161633216145,0.03223144968334392,16886.8994140625,TREND_UP,0.0088063875048305,LOW_VOLATILITY
2023-01-12,18869.587890625,19030.087890625,17995.203125,0.052115795988246116,0.05484405762455274,0.029203663772413343,16990.53115234375,TREND_UP,0.016423039358255977,LOW_VOLATILITY
2023-01-13,19909.57421875,19964.322265625,18753.1640625,0.05511441660269112,0.06083295352365608,0.03425725746150057,17143.6220703125,TREND_UP,0.02045886301791136,LOW_VOLATILITY
2023-01-14,20976.298828125,21075.142578125,19907.828125,0.05357847423830919,0.055649209743325455,0.030922616416245243,17350.3376953125,TREND_UP,0.023091768743226618,LOW_VOLATILITY
2023-01-15,20880.798828125,20993.748046875,20606.986328125,-0.004552757413617381,0.018522362191864927,0.030747057618914952,17548.38740234375,TREND_UP,0.02345063170430937,LOW_VOLATILITY
2023-01-16,21169.6328125,21360.875,20715.74609375,0.013832516023570829,0.03047426055822148,0.030761051191788357,17771.0103515625,TREND_UP,0.023049476509273012,LOW_VOLATILITY
2023-01-17,21161.51953125,21438.66015625,20978.533203125,-0.00038325091993141047,0.021743568671687943,0.03194623223982195,18001.45771484375,TREND_UP,0.023111595563338288,LOW_VOLATILITY
2023-01-18,20688.78125,21564.501953125,20541.544921875,-0.022339524368838015,0.049445011713776035,0.02864890081150677,18203.7796875,TREND_UP,0.026925484678483134,HIGH_VOLATILITY
2023-01-19,21086.79296875,21163.01171875,20685.380859375,0.019238045679950355,0.02265071128088727,0.02955561746986459,18427.9900390625,TREND_UP,0.026514753919961196,HIGH_VOLATILITY
2023-01-20,22676.552734375,22692.357421875,20919.126953125,0.07539125404137925,0.07819665050155486,0.010858314650824223,18734.44287109375,TREND_UP,0.0314179759139078,HIGH_VOLATILITY
2023-01-21,22777.625,23282.34765625,22511.833984375,0.004457126566322689,0.033827656389768465,0.010948285787973154,19042.0701171875,TREND_UP,0.03220683385284509,HIGH_VOLATILITY
2023-01-22,22720.416015625,23056.73046875,22387.900390625,-0.002511630794474806,0.029437404564469267,0.015643878150889624,19343.6673828125,TREND_UP,0.031657834933719924,HIGH_VOLATILITY
2023-01-23,22934.431640625,23126.486328125,22654.3046875,0.009419529327844067,0.02058832972292189,0.023197716496124055,19656.39609375,TREND_UP,0.029088703971168087,HIGH_VOLATILITY
2023-01-24,22636.46875,23134.01171875,22549.744140625,-0.012991945703908492,0.02581089765270919,0.022923548763967946,19945.0576171875,TREND_UP,0.026699842185690967,HIGH_VOLATILITY
2023-01-25,23117.859375,23722.099609375,22406.076171875,0.021266153759075257,0.05692669966334199,0.023485923458429085,20259.11376953125,TREND_UP,0.026604024362532862,HIGH_VOLATILITY
2023-01-26,23032.77734375,23237.078125,22911.373046875,-0.003680359408276712,0.014140938075510935,0.02400184245192718,20563.15419921875,TREND_UP,0.02693737344198632,HIGH_VOLATILITY
2023-01-27,23078.728515625,23417.720703125,22654.59375,0.0019950339114214177,0.0330662476751412,0.02404739024819933,20869.33671875,TREND_UP,0.026857799732015384,HIGH_VOLATILITY
2023-01-28,23031.08984375,23165.896484375,22908.845703125,-0.0020641809553220147,0.01116103419308038,0.024166602140756662,21166.333984375,TREND_UP,0.024922604340804448,LOW_VOLATILITY
2023-01-29,23774.56640625,23919.890625,22985.0703125,0.03228143207915801,0.039320183448403455,0.020781542543585566,21495.2345703125,TREND_UP,0.025726969967879515,LOW_VOLATILITY
2023-01-30,22840.138671875,23789.34765625,22657.58203125,-0.03930367092328346,0.04955160917624546,0.014604159490430441,21764.92685546875,TREND_UP,0.019254823256769655,LOW_VOLATILITY
2023-01-31,23139.283203125,23225.021484375,22765.568359375,0.013097316769725253,0.019855979157468027,0.016302255705704746,22025.14619140625,TREND_UP,0.019623169559826438,LOW_VOLATILITY
2023-02-01,23723.76953125,23764.5390625,22877.75,0.025259482888651652,0.037379770585440994,0.012916680394073454,22267.8552734375,TREND_UP,0.020877918211567884,LOW_VOLATILITY
2023-02-02,23471.87109375,24167.2109375,23468.595703125,-0.01061797692681965,0.029763934523354834,0.021229248583366944,22445.9701171875,TREND_UP,0.021313286856818277,LOW_VOLATILITY
2023-02-03,23449.322265625,23678.103515625,23279.955078125,-0.0009606745041729203,0.01697910212457,0.020891740507350653,22569.6212890625,TREND_UP,0.02066996186954948,LOW_VOLATILITY
2023-02-04,23331.84765625,23556.94921875,23291.794921875,-0.005009723012217249,0.011364479178054807,0.022366640081365612,22692.17373046875,TREND_UP,0.01984636992682226,LOW_VOLATILITY
2023-02-05,22955.666015625,23423.435546875,22841.759765625,-0.01612309690031044,0.02533909409790492,0.022195291426216967,22781.475390625,TREND_UP,0.020556692315011532,LOW_VOLATILITY
2023-02-06,22760.109375,23119.279296875,22692.025390625,-0.008518883333286542,0.018772049782823156,0.022388342021802364,22861.4048828125,TREND_DOWN,0.020703447409740405,LOW_VOLATILITY
2023-02-07,23264.291015625,23310.974609375,22756.2578125,0.022151986720186922,0.023844130753971203,0.021738930264171948,22990.18037109375,TREND_UP,0.021968226949882978,LOW_VOLATILITY
2023-02-08,22939.3984375,23367.958984375,22731.09765625,-0.013965290320121615,0.027762773721384776,0.04313633173210051,23082.81064453125,TREND_DOWN,0.01942464428681101,LOW_VOLATILITY
2023-02-09,21819.0390625,22996.4375,21773.974609375,-0.04883996317743455,0.0560273478187234,0.039018777790302855,23039.9349609375,TREND_DOWN,0.021505792228651902,LOW_VOLATILITY
2023-02-10,21651.18359375,21941.185546875,21539.392578125,-0.007693073387383564,0.0185575521546076,0.039151820739667234,22983.612890625,TREND_DOWN,0.020618016965318467,LOW_VOLATILITY
2023-02-11,21870.875,21891.41015625,21618.44921875,0.010146854341645195,0.012480567764206965,0.039502729124807845,22941.13583984375,TREND_DOWN,0.018480022873432405,LOW_VOLATILITY
2023-02-12,21788.203125,22060.994140625,21682.828125,-0.003779998514005456,0.017356457228503097,0.04045182105125733,22883.8244140625,TREND_DOWN,0.01849654705141716,LOW_VOLATILITY
2023-02-13,21808.1015625,21898.4140625,21460.087890625,0.0009132665684197239,0.020099235626668273,0.0398637731824796,22842.4060546875,TREND_DOWN,0.018576768181478322,LOW_VOLATILITY
2023-02-14,22220.8046875,22293.140625,21632.39453125,0.018924303145655852,0.02973547101656914,0.04203156588772749,22797.5533203125,TREND_DOWN,0.0203309504695858,LOW_VOLATILITY
2023-02-15,24307.841796875,24307.841796875,22082.76953125,0.09392266116037784,0.09153722013737368,0.02356180874959164,22861.30654296875,TREND_UP,0.03666713165909994,HIGH_VOLATILITY
2023-02-16,23623.474609375,25134.1171875,23602.5234375,-0.028154173176657027,0.06483355117422843,0.020846891486781875,22888.54384765625,TREND_UP,0.0380500715932343,HIGH_VOLATILITY
2023-02-17,24565.6015625,24924.041015625,23460.755859375,0.03988096453648349,0.05956642879381961,0.016207171210617367,22965.26943359375,TREND_UP,0.039361472667878934,HIGH_VOLATILITY
2023-02-18,24641.27734375,24798.8359375,24468.373046875,0.0030805588480080637,0.013410948061457472,0.01581074163654505,23008.60498046875,TREND_UP,0.038758744809346025,HIGH_VOLATILITY
2023-02-19,24327.642578125,25093.0546875,24327.642578125,-0.012728023845912761,0.03146265023078091,0.01824824509057108,23082.98017578125,TREND_UP,0.0343190435340544,HIGH_VOLATILITY
2023-02-20,24829.1484375,25020.458984375,23927.91015625,0.020614650916729094,0.044002670122786004,0.014767132859211643,23167.4734375,TREND_UP,0.0337268374194073,HIGH_VOLATILITY
2023-02-21,24436.353515625,25126.8515625,24200.36328125,-0.01581991113645098,0.03791434268855164,0.014780593614425701,23203.10263671875,TREND_UP,0.035054085068608895,HIGH_VOLATILITY
2023-02-22,24188.84375,24472.33984375,23644.318359375,-0.01012875204423358,0.0342315446299495,0.018315094748952904,23238.95126953125,TREND_UP,0.03542087945152085,HIGH_VOLATILITY
2023-02-23,23947.4921875,24572.08984375,23693.919921875,-0.00997780485063493,0.03667064237871985,0.018171951235524876,23263.859765625,TREND_UP,0.03593097403621228,HIGH_VOLATILITY
2023-02-24,23198.126953125,24103.705078125,23007.072265625,-0.03129201289670536,0.047272472243810766,0.022822106274476665,23257.17373046875,TREND_DOWN,0.03798926956081847,HIGH_VOLATILITY
2023-02-25,23175.375,23210.2109375,22861.55859375,-0.0009807668166905703,0.015044086395581517,0.022839631593408773,23268.1591796875,TREND_DOWN,0.02161558561293617,LOW_VOLATILITY
2023-02-26,23561.212890625,23654.3671875,23084.220703125,0.016648614774302573,0.024198520128047445,0.021270341162449174,23308.21435546875,TREND_UP,0.020807702620274635,LOW_VOLATILITY
2023-02-27,23522.87109375,23857.890625,23205.87890625,-0.0016273269569350157,0.02771820311183182,0.02133182059663427,23321.143359375,TREND_UP,0.015386414135698882,LOW_VOLATILITY
2023-02-28,23147.353515625,23585.384765625,23077.650390625,-0.01596393470118429,0.021934877983233268,0.020990806763925937,23331.54111328125,TREND_DOWN,0.015559874291865367,LOW_VOLATILITY
2023-03-01,23646.55078125,23880.6328125,23088.626953125,0.02156606219747892,0.033493504684962476,0.01785427346504207,23422.91669921875,TREND_UP,0.017589800987387803,LOW_VOLATILITY
2023-03-02,23475.466796875,23739.138671875,23245.021484375,-0.007235050302163204,0.021048236943504602,0.025824620609210897,23514.130859375,TREND_DOWN,0.015578686486153686,LOW_VOLATILITY
2023-03-03,22362.6796875,23479.34765625,22213.23828125,-0.047402129167592566,0.05661706882595619,0.022916740132404932,23538.72109375,TREND_DOWN,0.020371543375754222,LOW_VOLATILITY
2023-03-04,22353.349609375,22405.177734375,22198.98046875,-0.0004172164631153219,0.009224445965741117,0.02647889322132733,23566.97841796875,TREND_DOWN,0.02052356642515178,LOW_VOLATILITY
2023-03-05,22435.513671875,22613.685546875,22307.142578125,0.0036756935285233716,0.01366329174509965,0.04194118633264926,23598.3490234375,TREND_DOWN,0.02080506793477653,LOW_VOLATILITY
2023-03-06,22429.7578125,22584.29296875,22331.314453125,-0.00025655126328649747,0.011278700275756712,0.05468975516698821,23608.7966796875,TREND_DOWN,0.01888983987728295,LOW_VOLATILITY
2023-03-07,22219.76953125,22527.41796875,22011.26171875,-0.00936203961743065,0.023229595125821408,0.05392428306897308,23504.39306640625,TREND_DOWN,0.018966250768345048,LOW_VOLATILITY
2023-03-08,21718.080078125,22268.896484375,21708.05078125,-0.022578517406286358,0.02582390805759566,0.05306845518603566,23409.12333984375,TREND_DOWN,0.01825575710945825,LOW_VOLATILITY
2023-03-09,20363.021484375,21802.716796875,20210.306640625,-0.06239311158608585,0.07820107430873614,0.039584496582878874,23198.9943359375,TREND_DOWN,0.024839606731395337,LOW_VOLATILITY
2023-03-10,20187.244140625,20370.595703125,19628.25390625,-0.008632183779056501,0.03677281513533115,0.04167423726756696,22976.29267578125,TREND_DOWN,0.02488456319140062,LOW_VOLATILITY
2023-03-11,20632.41015625,20792.525390625,20068.66015625,0.022051846825845045,0.03508389126103746,0.04747184768413105,22791.5310546875,TREND_DOWN,0.02496055544690891,LOW_VOLATILITY
2023-03-12,22163.94921875,22185.03125,20448.806640625,0.07422977009964415,0.07833552550762067,0.04504526300925017,22658.27109375,TREND_DOWN,0.037358541182184415,HIGH_VOLATILITY
2023-03-13,24197.533203125,24550.837890625,21918.19921875,0.09175187888693825,0.10879781214785178,0.039747183301835035,22646.330078125,TREND_UP,0.04499102121497488,HIGH_VOLATILITY
2023-03-14,24746.07421875,26514.716796875,24081.18359375,0.022669294883089997,0.09834017232847066,0.03978863866598154,22674.1916015625,TREND_UP,0.04505738100610717,HIGH_VOLATILITY
2023-03-15,24375.9609375,25240.615234375,23964.91015625,-0.014956444322371198,0.0523345554005403,0.042433292413253255,22695.6150390625,TREND_UP,0.045778685213832854,HIGH_VOLATILITY
2023-03-16,25052.7890625,25190.326171875,24225.111328125,0.027766213062754286,0.038527241072522804,0.04300356758381555,22788.34814453125,TREND_UP,0.045989136504826084,HIGH_VOLATILITY
2023-03-17,27423.9296875,27787.8125,24955.169921875,0.0946457745317153,0.10329090726250426,0.03003169085682969,23000.77587890625,TREND_UP,0.051978476847066565,HIGH_VOLATILITY
2023-03-18,26965.87890625,27725.953125,26636.26171875,-0.01670259464889101,0.04041000888709908,0.02906135178757151,23171.0091796875,TREND_UP,0.05144328059643172,HIGH_VOLATILITY
2023-03-19,28038.67578125,28440.560546875,26907.716796875,0.039783493752593824,0.05466890669013128,0.025442056570410466,23396.7994140625,TREND_UP,0.04183910995262654,HIGH_VOLATILITY
2023-03-20,27767.236328125,28527.724609375,27242.880859375,-0.00968089417783835,0.04627193483777144,0.027873944792778292,23627.7935546875,TREND_UP,0.04195693152222883,HIGH_VOLATILITY
2023-03-21,28175.81640625,28439.5625,27439.646484375,0.014714466837708162,0.035488448718142454,0.02706423865495445,23854.2568359375,TREND_UP,0.042235922967654535,HIGH_VOLATILITY
2023-03-22,27307.4375,28803.3359375,26759.99609375,-0.030820008681536337,0.07482722770124439,0.028632809752482846,24045.85537109375,TREND_UP,0.04372006311129301,HIGH_VOLATILITY
2023-03-23,28333.97265625,28729.84375,27183.36328125,0.03759177902540278,0.05458043203161179,0.025319771485311546,24344.42001953125,TREND_UP,0.03693607811080625,HIGH_VOLATILITY
2023-03-24,27493.28515625,28388.4375,27039.265625,-0.02967065403073854,0.04907277785584292,0.02249234538636598,24601.416796875,TREND_UP,0.039578758125744413,HIGH_VOLATILITY
2023-03-25,27494.70703125,27791.826171875,27196.234375,5.17171735541222e-05,0.02166205285250215,0.02260403893102636,24854.37646484375,TREND_UP,0.03874975054069153,HIGH_VOLATILITY
2023-03-26,27994.330078125,28178.14453125,27445.046875,0.018171608313816145,0.026187362019527254,0.02216959595631063,25132.605078125,TREND_UP,0.03845478454471184,HIGH_VOLATILITY
2023-03-27,27139.888671875,28037.92578125,26606.689453125,-0.03052194511765327,0.052735526863387124,0.018934396183848567,25378.61103515625,TREND_UP,0.0272276065156664,HIGH_VOLATILITY
2023-03-28,27268.130859375,27460.71875,26677.818359375,0.004725228944394866,0.028711186500552995,0.019319973111284666,25656.11357421875,TREND_UP,0.026666403660061535,HIGH_VOLATILITY
2023-03-29,28348.44140625,28619.54296875,27259.662109375,0.0396180637553154,0.04797021606539491,0.01174284786022502,26055.3845703125,TREND_UP,0.026640007993581696,HIGH_VOLATILITY
2023-03-30,28033.5625,29159.90234375,27720.16015625,-0.0111074503792854,0.051357803258148156,0.011037661237135279,26447.70048828125,TREND_UP,0.026709773492196328,HIGH_VOLATILITY
2023-03-31,28478.484375,28639.896484375,27583.71484375,0.015871042968584437,0.03708700318167828,0.008597341040217019,26840.00419921875,TREND_UP,0.026776853158465917,HIGH_VOLATILITY
2023-04-01,28411.03515625,28802.45703125,28297.171875,-0.0023684272611504964,0.017784820351357204,0.008703505085577034,27152.35849609375,TREND_UP,0.024378126048944015,LOW_VOLATILITY
2023-04-02,28199.30859375,28518.958984375,27884.087890625,-0.00745226498561502,0.0225137113429338,0.010188355670769188,27352.447265625,TREND_UP,0.02152455161447071,LOW_VOLATILITY
2023-04-03,27790.220703125,28475.623046875,27276.720703125,-0.014507018470504951,0.043141159494828475,0.018080344865847822,27504.65458984375,TREND_UP,0.01967798047769223,LOW_VOLATILITY
2023-04-04,28168.08984375,28433.7421875,27681.3046875,0.0135971982612757,0.02671240769870494,0.018451028177392234,27694.26103515625,TREND_UP,0.020049184901801957,LOW_VOLATILITY
2023-04-05,28177.984375,28739.23828125,27843.763671875,0.000351267384649967,0.03177922868640245,0.018812864431097042,27850.52080078125,TREND_UP,0.019289163592938592,LOW_VOLATILITY
2023-04-06,28044.140625,28178.384765625,27738.759765625,-0.004749940528704033,0.015676180128981934,0.017736445079828935,27881.53134765625,TREND_UP,0.016093146318609707,LOW_VOLATILITY
2023-04-07,27925.859375,28111.59375,27794.03125,-0.004217681389550476,0.0113716285588794,0.016857553758571894,27929.53037109375,TREND_DOWN,0.016258808256951283,LOW_VOLATILITY
2023-04-08,27947.794921875,28159.86328125,27883.38671875,0.0007854922772632111,0.009892607387196734,0.01774123549839283,27924.986328125,TREND_UP,0.009739962494096675,LOW_VOLATILITY
2023-04-09,28333.05078125,28532.830078125,27828.48046875,0.013784839213681899,0.02485964588893189,0.0182554695970915,27953.27705078125,TREND_UP,0.010149861697185332,LOW_VOLATILITY
2023-04-10,29652.98046875,29771.46484375,28189.271484375,0.04658621825410658,0.05335697573612897,0.014868541734485619,28027.13525390625,TREND_UP,0.017266109421334244,LOW_VOLATILITY
2023-04-11,30235.05859375,30509.083984375,29609.30078125,0.019629666758571807,0.02975959845869118,0.018200618170173814,28173.51630859375,TREND_UP,0.0177339689730024,LOW_VOLATILITY
2023-04-12,30139.052734375,30462.48046875,29725.57421875,-0.003175315803583212,0.024450212702256696,0.027117268086779986,28263.7703125,TREND_UP,0.017411935637141517,LOW_VOLATILITY
2023-04-13,30399.06640625,30539.845703125,29878.623046875,0.00862713483952482,0.02175141326425912,0.026692448604738444,28409.059375,TREND_UP,0.01571983174815645,LOW_VOLATILITY
2023-04-14,30485.69921875,31005.607421875,30044.498046875,0.002849851088919886,0.031526564901909054,0.027367057664260352,28558.608984375,TREND_UP,0.015747230755113143,LOW_VOLATILITY
2023-04-15,30318.49609375,30601.740234375,30245.8828125,-0.005484641300179338,0.011737304540918774,0.030403636364408643,28674.81728515625,TREND_UP,0.01616668216184201,LOW_VOLATILITY
2023-04-16,30315.35546875,30555.537109375,30157.83203125,-0.00010358775680330279,0.013118931708881548,0.03003711186397608,28833.590625,TREND_UP,0.01584013102479641,LOW_VOLATILITY
2023-04-17,29445.044921875,30319.197265625,29275.37109375,-0.028708571396173888,0.03544997722518439,0.029378686905999846,28942.436328125,TREND_UP,0.0194163100269228,LOW_VOLATILITY
2023-04-18,30397.552734375,30470.302734375,29154.849609375,0.032348662229154,0.043274968103350735,0.02847597383563176,29044.89189453125,TREND_UP,0.021064075164314945,LOW_VOLATILITY
2023-04-19,28822.6796875,30411.0546875,28669.8984375,-0.0518092051895368,0.060409242613035576,0.02177055771154748,29084.34775390625,TREND_DOWN,0.0282646941706073,HIGH_VOLATILITY
2023-04-20,28245.98828125,29076.400390625,28037.2578125,-0.020008250880993006,0.036789032402693246,0.024327991197982634,29072.72294921875,TREND_DOWN,0.02415945070420226,LOW_VOLATILITY
2023-04-21,27276.91015625,28349.96875,27177.365234375,-0.034308522518338824,0.0429888689337608,0.017746644709423786,29016.01669921875,TREND_DOWN,0.02417410512816765,LOW_VOLATILITY
2023-04-22,27817.5,27872.142578125,27169.5703125,0.01981858797984626,0.025256484789251372,0.017879806549644352,28996.92626953125,TREND_DOWN,0.02592326212871765,HIGH_VOLATILITY
2023-04-23,27591.384765625,27820.244140625,27400.314453125,-0.008128524647254443,0.015219594488174205,0.01689243450208531,28986.98447265625,TREND_DOWN,0.025285953270773806,LOW_VOLATILITY
2023-04-24,27525.33984375,27979.982421875,27070.849609375,-0.002393679129772508,0.03302894052029046,0.02506461280243126,28954.84697265625,TREND_DOWN,0.02505811822231933,LOW_VOLATILITY
2023-04-25,28307.59765625,28371.078125,27207.931640625,0.02841955147295372,0.0410895512399015,0.023947252495369668,28961.32763671875,TREND_DOWN,0.027856017989708916,HIGH_VOLATILITY
2023-04-26,28422.701171875,29995.837890625,27324.548828125,0.004066170397882152,0.0939843488606674,0.024203370241830127,28980.2556640625,TREND_DOWN,0.02799306533473551,HIGH_VOLATILITY
2023-04-27,29473.787109375,29871.546875,28402.88671875,0.036980508331842854,0.049829367050793744,0.019096345248462505,29057.65205078125,TREND_UP,0.029743142772330484,HIGH_VOLATILITY
2023-04-28,29340.26171875,29572.791015625,28929.609375,-0.00453030993708059,0.021921469099028944,0.0215405774951147,29127.275390625,TREND_UP,0.027561533808023918,HIGH_VOLATILITY
2023-04-29,29248.48828125,29452.455078125,29088.04296875,-0.0031279011203009244,0.012459177577687308,0.023177534408856868,29173.047265625,TREND_UP,0.021694524472176742,LOW_VOLATILITY
2023-04-30,29268.806640625,29952.029296875,29114.021484375,0.000694680667924441,0.028631430819487123,0.023733456036671912,29153.83857421875,TREND_UP,0.020340578595416776,LOW_VOLATILITY
2023-05-01,28091.568359375,29329.935546875,27680.79296875,-0.04022160164248023,0.058705963192497636,0.020625533615286996,29046.6640625,TREND_DOWN,0.021615825582449733,LOW_VOLATILITY
2023-05-02,28680.537109375,28881.298828125,27924.123046875,0.020966033026897257,0.03337370487866915,0.01808084925825206,28973.73828125,TREND_DOWN,0.021716903308265194,LOW_VOLATILITY
2023-05-03,29006.30859375,29259.533203125,28178.388671875,0.01135862564681589,0.03727273767896666,0.016750860276268004,28904.100390625,TREND_UP,0.021452900474420104,LOW_VOLATILITY
2023-05-04,28847.7109375,29353.185546875,28694.0390625,-0.005467695268338013,0.022849178078741626,0.017724151014859836,28822.2009765625,TREND_UP,0.02159568793646352,LOW_VOLATILITY
2023-05-05,29534.384765625,29668.908203125,28845.509765625,0.023803407820215394,0.02787931572078493,0.01046534016954473,28782.99541015625,TREND_UP,0.021080611805801005,LOW_VOLATILITY
2023-05-06,28904.623046875,29820.126953125,28468.966796875,-0.021323001096775096,0.04674546884969945,0.01084781716487853,28712.4587890625,TREND_UP,0.0226059979749657,LOW_VOLATILITY
2023-05-07,28454.978515625,29157.517578125,28441.3671875,-0.015556145829018653,0.02516784155123338,0.012137905941963173,28662.95546875,TREND_DOWN,0.019432904712204036,LOW_VOLATILITY
2023-05-08,27694.2734375,28663.271484375,27310.134765625,-0.026733637409259936,0.048859802074379656,0.010333828468054848,28527.79150390625,TREND_DOWN,0.020804031060929488,LOW_VOLATILITY
2023-05-09,27658.775390625,27821.400390625,27375.6015625,-0.0012817829272578907,0.016117807886610352,0.01037903291938369,28469.5962890625,TREND_DOWN,0.02083618451953272,LOW_VOLATILITY
2023-05-10,27621.755859375,28322.6875,26883.669921875,-0.0013384371045779275,0.0520972520882154,0.012160081589383526,28438.38466796875,TREND_DOWN,0.020780210156567315,LOW_VOLATILITY
2023-05-11,27000.7890625,27621.94140625,26781.826171875,-0.022481076150133283,0.031114469744952477,0.011639907807508594,28424.57861328125,TREND_DOWN,0.01807535749752106,LOW_VOLATILITY
2023-05-12,26804.990234375,27055.646484375,25878.4296875,-0.007251596524522896,0.04391782226301,0.011314317048782448,28373.953125,TREND_DOWN,0.015843321386907312,LOW_VOLATILITY
2023-05-13,26784.078125,27030.482421875,26710.873046875,-0.0007801573211611013,0.011932812229280339,0.011715567574103832,28333.58779296875,TREND_DOWN,0.014738694638958872,LOW_VOLATILITY
2023-05-14,26930.638671875,27150.9765625,26661.35546875,0.005471927993601522,0.018180819984092527,0.012943453841058402,28303.852734375,TREND_DOWN,0.015328608997410198,LOW_VOLATILITY
2023-05-15,27192.693359375,27646.34765625,26766.09765625,0.009730726801279843,0.03237082801496467,0.012301143768573252,28248.10751953125,TREND_DOWN,0.012618676231089343,LOW_VOLATILITY
2023-05-16,27036.650390625,27299.3046875,26878.947265625,-0.005738415341494774,0.015547688630125556,0.013432113442830476,28178.80498046875,TREND_DOWN,0.011743619293113046,LOW_VOLATILITY
2023-05-17,27398.802734375,27465.927734375,26600.14453125,0.013394867282656264,0.03159930787920064,0.017171220735534894,28075.05576171875,TREND_DOWN,0.01280945679401729,LOW_VOLATILITY
2023-05-18,26832.208984375,27466.52734375,26415.1015625,-0.02067950762275983,0.03918521139509121,0.01612785116867677,27949.653125,TREND_DOWN,0.01169443745828888,LOW_VOLATILITY
2023-05-19,26890.12890625,27128.619140625,26700.2109375,0.0021585968530852817,0.01593180176333875,0.01662539816915194,27831.73515625,TREND_DOWN,0.011803813339210151,LOW_VOLATILITY
2023-05-20,27129.5859375,27155.158203125,26843.27734375,0.008905016115201336,0.011495968279556424,0.016347328005995525,27724.77412109375,TREND_DOWN,0.012370892899973424,LOW_VOLATILITY
2023-05-21,26753.826171875,27265.91796875,26706.921875,-0.013850552916312875,0.020894061662763044,0.02278143234809046,27657.88701171875,TREND_DOWN,0.010985599291313042,LOW_VOLATILITY
2023-05-22,26851.27734375,27045.734375,26549.734375,0.0036425134576618667,0.018472119357683024,0.023936896799007207,27566.4240234375,TREND_DOWN,0.01082069860410067,LOW_VOLATILITY
2023-05-23,27225.7265625,27434.68359375,26816.1796875,0.013945303754316907,0.022717627198309963,0.023680679771048714,27477.394921875,TREND_DOWN,0.011639613240437966,LOW_VOLATILITY
2023-05-24,26334.818359375,27224.603515625,26106.576171875,-0.03272302765106416,0.042454340428438556,0.020333751645965025,27351.75029296875,TREND_DOWN,0.015790321068120335,LOW_VOLATILITY
2023-05-25,26476.20703125,26591.51953125,25890.59375,0.005368887301425707,0.026473798925302775,0.021628991860065377,27198.84140625,TREND_DOWN,0.01548381472726149,LOW_VOLATILITY
2023-05-26,26719.291015625,26916.669921875,26343.94921875,0.009181223884829448,0.021434726796833135,0.02215318490944949,27089.5748046875,TREND_DOWN,0.015857562003487306,LOW_VOLATILITY
2023-05-27,26868.353515625,26888.8828125,26621.140625,0.005578834405180588,0.009964964445785538,0.02238403221751385,27010.2435546875,TREND_DOWN,0.015246470445920333,LOW_VOLATILITY
2023-05-28,28085.646484375,28193.44921875,26802.751953125,0.0453058267244435,0.049516298882373674,0.0115315180654814,27029.81220703125,TREND_UP,0.019791830063452486,LOW_VOLATILITY
2023-05-29,27745.884765625,28432.0390625,27563.876953125,-0.0120973437068298,0.03128976122796363,0.02074091707406509,27034.16767578125,TREND_UP,0.020500079290957558,LOW_VOLATILITY
2023-05-30,27702.349609375,28044.759765625,27588.501953125,-0.0015690671469931194,0.01647000413082628,0.03316432680205685,27038.19736328125,TREND_UP,0.020450856885165496,LOW_VOLATILITY
2023-05-31,27219.658203125,27831.677734375,26866.453125,-0.01742420455507676,0.035460570524878436,0.034825012457206886,27049.1408203125,TREND_UP,0.02079238463566134,LOW_VOLATILITY
2023-06-01,26819.97265625,27346.10546875,26671.720703125,-0.014683709247646393,0.025144871483224446,0.03466315306686001,27049.88994140625,TREND_DOWN,0.02142188181595912,LOW_VOLATILITY
2023-06-02,27249.58984375,27303.861328125,26574.64453125,0.01601855426947596,0.026760652217385727,0.03384436112634349,27073.16552734375,TREND_UP,0.021580340617864048,LOW_VOLATILITY
2023-06-03,27075.12890625,27317.052734375,26958.00390625,-0.0064023326039167605,0.013261204752458906,0.03470910762159044,27080.3900390625,TREND_DOWN,0.01848950055356739,LOW_VOLATILITY
2023-06-04,27119.06640625,27407.01953125,26968.224609375,0.001622799291266075,0.016180310756342006,0.034782980076475054,27076.70869140625,TREND_UP,0.01847248549003726,LOW_VOLATILITY
2023-06-05,25760.09765625,27129.982421875,25445.16796875,-0.05011119223804861,0.06540403982964811,0.028802950623229132,27012.8810546875,TREND_DOWN,0.024606065436476806,LOW_VOLATILITY
2023-06-06,27238.783203125,27313.8203125,25434.8671875,0.057402171630208665,0.06898080251927094,0.01500947701541606,27004.880078125,TREND_UP,0.03125944547550895,HIGH_VOLATILITY
2023-06-07,26345.998046875,27332.181640625,26146.98828125,-0.03277624957004588,0.0449857074029344,0.014405991496152563,26980.56953125,TREND_DOWN,0.02884521112134613,HIGH_VOLATILITY
2023-06-08,26508.216796875,26797.513671875,26246.6640625,0.0061572444403654725,0.02078033439955639,0.01667440075656683,26961.47392578125,TREND_DOWN,0.02899384790780612,HIGH_VOLATILITY
2023-06-09,26480.375,26770.2890625,26339.314453125,-0.0010503081775867784,0.01627524570082561,0.021213842815312224,26929.01337890625,TREND_DOWN,0.028999495223424893,HIGH_VOLATILITY
2023-06-10,25851.240234375,26531.044921875,25501.8359375,-0.02375852931180167,0.03981275076336325,0.01865590355953072,26883.88408203125,TREND_DOWN,0.029388838181012247,HIGH_VOLATILITY
2023-06-11,25940.16796875,26203.439453125,25668.986328125,0.0034399794195076883,0.020603302401274087,0.019064071518722882,26838.32861328125,TREND_DOWN,0.02926731256674478,HIGH_VOLATILITY
2023-06-12,25902.5,26087.919921875,25675.197265625,-0.001452109670044499,0.0159336996911495,0.020000319845380966,26772.16728515625,TREND_DOWN,0.028521420237407107,HIGH_VOLATILITY
2023-06-13,25918.728515625,26376.3515625,25728.365234375,0.0006265231396582749,0.025000698924500252,0.027148925466557606,26751.36279296875,TREND_DOWN,0.028561192916669968,HIGH_VOLATILITY
2023-06-14,25124.67578125,26041.80078125,24902.15234375,-0.030636253390914137,0.04535972712334441,0.024283006696159147,26683.78623046875,TREND_DOWN,0.02965754999555251,HIGH_VOLATILITY
2023-06-15,25576.39453125,25735.30859375,24797.16796875,0.017979087727655774,0.03667994031972536,0.02676189348504005,26626.64140625,TREND_DOWN,0.026346581838591898,HIGH_VOLATILITY
2023-06-16,26327.462890625,26463.173828125,25245.357421875,0.029365685552642073,0.04625650452188672,0.02666101457696785,26599.596875,TREND_DOWN,0.02031200554343777,LOW_VOLATILITY
2023-06-17,26510.67578125,26769.39453125,26174.4921875,0.006959002900740696,0.022440104833945877,0.028128164450232456,26520.84833984375,TREND_DOWN,0.017589750102220282,LOW_VOLATILITY
2023-06-18,26336.212890625,26675.92578125,26325.890625,-0.006580854145875503,0.013291020911157782,0.027464199578808794,26450.36474609375,TREND_DOWN,0.017616920543551757,LOW_VOLATILITY
2023-06-19,26851.029296875,26984.611328125,26312.83203125,0.019547852547670663,0.02501875400929914,0.029501020907249962,26407.79873046875,TREND_UP,0.018716695257887602,LOW_VOLATILITY
2023-06-20,28327.48828125,28388.96875,26668.791015625,0.05498705349618893,0.06072468258732236,0.024492041285083487,26463.190234375,TREND_UP,0.02296832096855465,LOW_VOLATILITY
2023-06-21,30027.296875,30737.330078125,28283.41015625,0.06000562340273241,0.08172297133805854,0.014992683611807004,26623.5564453125,TREND_UP,0.0277902150009145,HIGH_VOLATILITY
2023-06-22,29912.28125,30495.998046875,29679.158203125,-0.0038303689299371557,0.027307841783214045,0.01543323998596328,26756.691015625,TREND_UP,0.027957092135247427,HIGH_VOLATILITY
2023-06-23,30695.46875,31389.5390625,29845.21484375,0.02618280743799839,0.0503111462909326,0.011449464860362758,26937.7080078125,TREND_UP,0.027679907746563245,HIGH_VOLATILITY
2023-06-24,30548.6953125,30804.1484375,30290.146484375,-0.0047815994828226405,0.01682565974968755,0.011426794326563586,27109.189453125,TREND_UP,0.023601780385695364,LOW_VOLATILITY
2023-06-25,30480.26171875,31041.271484375,30327.943359375,-0.002240147837737516,0.023402952756183017,0.011374653363666271,27345.19765625,TREND_UP,0.024635982205942118,LOW_VOLATILITY
2023-06-26,30271.130859375,30636.029296875,29955.744140625,-0.006861189753050945,0.022473067141438326,0.012354396726560588,27496.8150390625,TREND_UP,0.025423647785196804,LOW_VOLATILITY
2023-06-27,30688.1640625,31006.787109375,30236.650390625,0.013776598074988877,0.025095561832292324,0.012879014907247261,27713.92333984375,TREND_UP,0.025294846336747376,LOW_VOLATILITY
2023-06-28,30086.24609375,30703.279296875,29921.822265625,-0.01961401038928634,0.025973896138951572,0.010452502769898986,27892.8248046875,TREND_UP,0.02682123904098901,HIGH_VOLATILITY
2023-06-29,30445.3515625,30796.25,30057.203125,0.011935868224670187,0.024274539037029717,0.012200484038862702,28091.0736328125,TREND_UP,0.02674528643451384,HIGH_VOLATILITY
2023-06-30,30477.251953125,31256.86328125,29600.275390625,0.0010477918298796851,0.05435489699572933,0.01379682851931546,28322.37421875,TREND_UP,0.02241540028447292,LOW_VOLATILITY
2023-07-01,30590.078125,30641.2890625,30328.865234375,0.0037019798257575953,0.010213240608551078,0.013669440102607766,28554.8697265625,TREND_UP,0.012778554419956513,LOW_VOLATILITY
2023-07-02,30620.76953125,30766.140625,30264.01953125,0.0010033124506771962,0.016398056006971373,0.01365891103914442,28790.783203125,TREND_UP,0.012626895414781108,LOW_VOLATILITY
2023-07-03,31156.439453125,31375.61328125,30586.513671875,0.01749367929268808,0.025327014999971476,0.0117426968430922,29052.66875,TREND_UP,0.011004325641149618,LOW_VOLATILITY
2023-07-04,30777.58203125,31325.197265625,30659.35546875,-0.012159843310882601,0.0216339865879957,0.011563590960593225,29335.3140625,TREND_UP,0.01170103409758382,LOW_VOLATILITY
2023-07-05,30514.166015625,30877.330078125,30225.61328125,-0.0085586975402272,0.021357843977819473,0.011448426651007251,29582.20263671875,TREND_UP,0.012049362843857688,LOW_VOLATILITY
2023-07-06,29909.337890625,31460.052734375,29892.2265625,-0.019821224171432172,0.052419287167384296,0.01462932274934454,29761.29638671875,TREND_UP,0.013500079081980912,LOW_VOLATILITY
2023-07-07,30342.265625,30434.64453125,29777.28515625,0.014474667943441766,0.021664808525648782,0.0215063488183,29952.87587890625,TREND_UP,0.013587186608416166,LOW_VOLATILITY
2023-07-08,30292.541015625,30374.4375,30080.16015625,-0.0016387902600796256,0.009714514988960837,0.02150156029599161,30150.69228515625,TREND_UP,0.011948525842413424,LOW_VOLATILITY
2023-07-09,30171.234375,30427.58984375,30085.591796875,-0.004004505286051452,0.011335235496973265,0.021441079255292934,30316.7025390625,TREND_DOWN,0.011337792187888862,LOW_VOLATILITY
2023-07-10,30414.470703125,31026.083984375,29985.39453125,0.008061862007427312,0.034216918100701064,0.02120985809906534,30421.05166015625,TREND_DOWN,0.011679782678562773,LOW_VOLATILITY
2023-07-11,30620.951171875,30788.314453125,30358.09765625,0.006788889103658935,0.014049752878680963,0.02110146272560304,30450.734375,TREND_UP,0.011832540195016335,LOW_VOLATILITY
2023-07-12,30391.646484375,30959.96484375,30228.8359375,-0.007488490028050299,0.024056903485827567,0.021098392287735614,30474.70263671875,TREND_DOWN,0.012067978984628183,LOW_VOLATILITY
2023-07-13,31476.048828125,31814.515625,30268.3515625,0.03568093437476372,0.049121923496269516,0.013063507939744893,30513.731640625,TREND_UP,0.015880362255452047,LOW_VOLATILITY
2023-07-14,30334.068359375,31582.25390625,29966.38671875,-0.036280934592069825,0.05326905604472282,0.00438145238634862,30503.00029296875,TREND_DOWN,0.019535200229626803,LOW_VOLATILITY
2023-07-15,30295.806640625,30407.78125,30263.462890625,-0.001261344778969442,0.004763641420310528,0.0044659533199726395,30493.7775390625,TREND_DOWN,0.019368623523919562,LOW_VOLATILITY
2023-07-16,30249.1328125,30437.560546875,30089.669921875,-0.001540603578530031,0.011500846227771509,0.006666781178075778,30492.67763671875,TREND_DOWN,0.018173346930355994,LOW_VOLATILITY
2023-07-17,30145.888671875,30336.400390625,29685.783203125,-0.0034131272874816654,0.021582285882552264,0.013052816619674038,30465.5638671875,TREND_DOWN,0.01760155914777876,LOW_VOLATILITY
2023-07-18,29856.5625,30233.65625,29556.427734375,-0.009597533349379406,0.02268273568415654,0.013029581484231766,30454.0796875,TREND_DOWN,0.017836651052904363,LOW_VOLATILITY
2023-07-19,29913.923828125,30184.181640625,29794.26953125,0.0019212301525000086,0.013034468885302354,0.013213746742844843,30427.50830078125,TREND_DOWN,0.01783545357245461,LOW_VOLATILITY
2023-07-20,29792.015625,30195.53125,29638.095703125,-0.0040752996439197275,0.018710904085564032,0.01323301332213583,30393.246484375,TREND_DOWN,0.017583162920567347,LOW_VOLATILITY
2023-07-21,29908.744140625,30045.998046875,29733.8515625,0.0039181140710413676,0.01043662959926866,0.013216314345733648,30359.17978515625,TREND_DOWN,0.017447970914817496,LOW_VOLATILITY
2023-07-22,29771.802734375,29991.615234375,29664.12109375,-0.004578641136054662,0.011000144786223175,0.013267837311119992,30316.7314453125,TREND_DOWN,0.017374336271539947,LOW_VOLATILITY
2023-07-23,30084.5390625,30330.640625,29741.52734375,0.010504447141318263,0.01958192811351138,0.012091389194284109,30263.13642578125,TREND_DOWN,0.012444642438168734,LOW_VOLATILITY
2023-07-24,29176.916015625,30093.39453125,28934.294921875,-0.03016908602087709,0.039726597860934715,0.003446889381857925,30183.103125,TREND_DOWN,0.010740535499869332,LOW_VOLATILITY
2023-07-25,29227.390625,29353.16015625,29062.43359375,0.0017299501204297574,0.009947058436729673,0.0066763838477886875,30118.76435546875,TREND_DOWN,0.010860976615860536,LOW_VOLATILITY
2023-07-26,29354.97265625,29675.552734375,29113.912109375,0.004365152978824893,0.019132725197085833,0.009894157030219605,30091.04609375,TREND_DOWN,0.011138202093682636,LOW_VOLATILITY
2023-07-27,29210.689453125,29560.966796875,29099.3515625,-0.004915119656712763,0.015802955802045122,0.009748989807498628,30034.46728515625,TREND_DOWN,0.011155412872585821,LOW_VOLATILITY
2023-07-28,29319.24609375,29521.513671875,29125.845703125,0.0037163327075591113,0.013495161761145855,0.009660817849862599,29985.8025390625,TREND_DOWN,0.011086692919452662,LOW_VOLATILITY
2023-07-29,29356.91796875,29396.84375,29264.166015625,0.001284885528077373,0.004519470828519311,0.00960215606973108,29945.08671875,TREND_DOWN,0.011065031966874613,LOW_VOLATILITY
2023-07-30,29275.30859375,29443.169921875,29059.501953125,-0.002779902682116475,0.013105514072425849,0.009597675552564237,29888.12861328125,TREND_DOWN,0.011043281587967094,LOW_VOLATILITY
2023-07-31,29230.111328125,29489.873046875,29131.578125,-0.0015438698273756435,0.012257733740830855,0.009843512729137421,29818.58662109375,TREND_DOWN,0.010868648212406315,LOW_VOLATILITY
2023-08-01,29675.732421875,29675.732421875,28657.0234375,0.015245275282999904,0.03432801488748007,0.011175664640404625,29782.79091796875,TREND_DOWN,0.012129204290562861,LOW_VOLATILITY
2023-08-02,29151.958984375,29987.998046875,28946.509765625,-0.01764989082843693,0.03572618505014437,0.008734044225124865,29666.58642578125,TREND_DOWN,0.012611903631145087,LOW_VOLATILITY
2023-08-03,29178.6796875,29375.70703125,28959.48828125,0.0009166006009861949,0.014264481959350135,0.009077862507163267,29608.8169921875,TREND_DOWN,0.008276759406460431,LOW_VOLATILITY
2023-08-04,29074.091796875,29302.078125,28885.3359375,-0.0035843942133476636,0.014333798985418115,0.008902989107232523,29547.73125,TREND_DOWN,0.008326439042908692,LOW_VOLATILITY
2023-08-05,29042.126953125,29102.46484375,28957.796875,-0.0010994270766331304,0.004981314522297183,0.008839047050376756,29487.38095703125,TREND_DOWN,0.008149505143647682,LOW_VOLATILITY
2023-08-06,29041.85546875,29160.822265625,28963.833984375,-9.347950838400898e-06,0.006782909634061292,0.009157232236582335,29432.179296875,TREND_DOWN,0.008037262313100833,LOW_VOLATILITY
2023-08-07,29180.578125,29244.28125,28724.140625,0.004776645775930843,0.01782489102072922,0.00912731952314566,29398.380078125,TREND_DOWN,0.008106500795069001,LOW_VOLATILITY
2023-08-08,29765.4921875,30176.796875,29113.814453125,0.020044635853149417,0.03571190475128104,0.004378851503460004,29390.95849609375,TREND_UP,0.010397934511168872,LOW_VOLATILITY
2023-08-09,29561.494140625,30093.435546875,29376.80078125,-0.006853508270246889,0.02424216997341017,0.006596302595254162,29379.432421875,TREND_UP,0.010657811332421009,LOW_VOLATILITY
2023-08-10,29429.591796875,29688.564453125,29354.447265625,-0.004461964714047806,0.011353103019780195,0.0261084286507854,29355.4748046875,TREND_UP,0.010775241138090835,LOW_VOLATILITY
2023-08-11,29397.71484375,29517.7734375,29253.517578125,-0.001083159880198692,0.008988993218674655,0.0256572716704838,29336.77041015625,TREND_UP,0.009492484528745116,LOW_VOLATILITY
2023-08-12,29415.96484375,29465.11328125,29357.587890625,0.0006207965516027425,0.0036553412813806066,0.025793355149167523,29303.34169921875,TREND_UP,0.00744872446384258,LOW_VOLATILITY
2023-08-13,29282.9140625,29441.43359375,29265.806640625,-0.004523080645381872,0.00599759138554826,0.02659810292201436,29308.6416015625,TREND_DOWN,0.007645567524568805,LOW_VOLATILITY
2023-08-14,29408.443359375,29660.25390625,29124.10546875,0.004286776125049352,0.018231105636847093,0.025870188005344356,29317.69423828125,TREND_UP,0.007596786301128492,LOW_VOLATILITY
2023-08-15,29170.34765625,29439.12109375,29088.853515625,-0.008096168172366025,0.012007658676291166,0.026171704521155657,29308.46298828125,TREND_DOWN,0.00813233810053258,LOW_VOLATILITY
2023-08-16,28701.779296875,29221.9765625,28701.779296875,-0.016063173634291772,0.01812421662937246,0.02869794785723563,29283.01748046875,TREND_DOWN,0.009675645527307063,LOW_VOLATILITY
2023-08-17,26664.55078125,28745.947265625,25409.111328125,-0.07097917151940503,0.1251412770788698,0.011954254049807,29150.28271484375,TREND_DOWN,0.023832508268935754,LOW_VOLATILITY
2023-08-18,26049.556640625,26808.1953125,25668.921875,-0.02306411031148714,0.04373484943399274,0.00810228688644332,28984.9146484375,TREND_DOWN,0.021871345845582344,LOW_VOLATILITY
2023-08-19,26096.205078125,26249.44921875,25802.408203125,0.0017907574452629138,0.017130499024156184,0.008077803903776354,28825.95947265625,TREND_DOWN,0.02230867167731194,LOW_VOLATILITY
2023-08-20,26189.583984375,26260.681640625,26004.314453125,0.00357825614760654,0.009788898810036523,0.008041705502874131,28673.93310546875,TREND_DOWN,0.022757210600872227,LOW_VOLATILITY
2023-08-21,26124.140625,26220.201171875,25846.087890625,-0.002498831574187843,0.014320596670345017,0.008000126167876787,28496.353515625,TREND_DOWN,0.02269052992337947,LOW_VOLATILITY
2023-08-22,26031.65625,26135.5078125,25520.728515625,-0.0035401882238949023,0.023616603222278643,0.02456931211079136,28340.33837890625,TREND_DOWN,0.022480851518728875,LOW_VOLATILITY
2023-08-23,26431.640625,26786.8984375,25804.998046875,0.015365306423789304,0.037148673612650555,0.026028746545971496,28202.98642578125,TREND_DOWN,0.024033205436592545,LOW_VOLATILITY
2023-08-24,26162.373046875,26554.91015625,25914.92578125,-0.01018731988472621,0.02446201550040369,0.03323625535492321,28057.40048828125,TREND_DOWN,0.02351260706240527,LOW_VOLATILITY
2023-08-25,26047.66796875,26248.103515625,25786.8125,-0.004384352975912553,0.017709493847142925,0.033249013552024614,27907.6775390625,TREND_DOWN,0.02359916141054954,LOW_VOLATILITY
2023-08-26,26008.462890625,26107.384765625,25983.87890625,-0.0015051281432193475,0.00474867968531577,0.033273136794550295,27756.00791015625,TREND_DOWN,0.02370081332679686,LOW_VOLATILITY
2023-08-27,26089.693359375,26165.373046875,25965.09765625,0.0031232321991347956,0.007676417958091239,0.033287649604877095,27601.463671875,TREND_DOWN,0.009957650830183113,LOW_VOLATILITY
2023-08-28,26106.150390625,26198.578125,25880.599609375,0.0006307866874213364,0.012180214656971772,0.033355966927835046,27418.49658203125,TREND_DOWN,0.006714325463419724,LOW_VOLATILITY
2023-08-29,27727.392578125,28089.337890625,25912.62890625,0.062101924766441385,0.0785039191204828,0.018718454094391605,27326.79150390625,TREND_UP,0.020727920482414012,LOW_VOLATILITY
2023-08-30,27297.265625,27760.16015625,27069.20703125,-0.015512708305083889,0.025312173552181565,0.018832256837086912,27220.1751953125,TREND_UP,0.021851906347775563,LOW_VOLATILITY
2023-08-31,25931.47265625,27456.078125,25752.9296875,-0.0500340578984273,0.06567881662862318,0.00840245671204438,27046.8630859375,TREND_DOWN,0.027855167657690357,HIGH_VOLATILITY
2023-09-01,25800.724609375,26125.869140625,25362.609375,-0.005042060225742162,0.029582880991941618,0.009821633792430748,26866.10107421875,TREND_DOWN,0.027878053766297085,HIGH_VOLATILITY
2023-09-02,25868.798828125,25970.28515625,25753.09375,0.0026384615075991658,0.008395882920310386,0.009784544548509602,26695.3953125,TREND_DOWN,0.027356670050751576,HIGH_VOLATILITY
2023-09-03,25969.56640625,26087.1484375,25817.03125,0.0038953327054152,0.010401297552468642,0.009677317106567959,26523.45146484375,TREND_DOWN,0.027240138661187064,HIGH_VOLATILITY
2023-09-04,25812.416015625,26081.525390625,25657.025390625,-0.006051329012069284,0.01644557408895928,0.013615145566399834,26355.5548828125,TREND_DOWN,0.027272251730109522,HIGH_VOLATILITY
2023-09-05,25779.982421875,25858.375,25589.98828125,-0.0012565113521479931,0.010410663372767344,0.017833938997531194,26209.4650390625,TREND_DOWN,0.027271423472515294,HIGH_VOLATILITY
2023-09-06,25753.236328125,25953.015625,25404.359375,-0.0010374752516241204,0.02130436124646652,0.018658409495069226,26163.89931640625,TREND_DOWN,0.027240865802014784,HIGH_VOLATILITY
2023-09-07,26240.1953125,26409.302734375,25608.201171875,0.018908652030005024,0.030529557915233218,0.017813964192644256,26173.43125,TREND_UP,0.027963577246064318,HIGH_VOLATILITY
2023-09-08,25905.654296875,26414.005859375,25677.48046875,-0.012749181613965876,0.02843106690858015,0.01663630145676841,26163.9037109375,TREND_DOWN,0.01798819262088878,LOW_VOLATILITY
2023-09-09,25895.677734375,25921.9765625,25810.494140625,-0.0003851113886439439,0.004305059053427035,0.01669097958033933,26149.2083984375,TREND_DOWN,0.017792659208724974,LOW_VOLATILITY
2023-09-10,25832.2265625,25978.130859375,25640.26171875,-0.0024502611024840304,0.013079365799442012,0.016623961473357048,26134.6126953125,TREND_DOWN,0.008244973849222407,LOW_VOLATILITY
2023-09-11,25162.654296875,25883.947265625,24930.296875,-0.02592003689674205,0.03789943538442348,0.010141808639034617,26091.16259765625,TREND_DOWN,0.01154659930073257,LOW_VOLATILITY
2023-09-12,25833.34375,26451.939453125,25133.078125,0.026654161568650414,0.0510526759868242,0.0076874437608863535,26061.24775390625,TREND_DOWN,0.014768417928830635,LOW_VOLATILITY
2023-09-13,26228.32421875,26376.11328125,25781.123046875,0.01528956036711282,0.02268502666859882,0.007681375630527642,26064.5453125,TREND_UP,0.015525829629859881,LOW_VOLATILITY
2023-09-14,26539.673828125,26774.623046875,26171.451171875,0.011870739692642074,0.022727177391336218,0.011632678883052094,26089.14560546875,TREND_UP,0.01564253780023016,LOW_VOLATILITY
2023-09-15,26608.693359375,26840.498046875,26240.701171875,0.0026006171627044328,0.022541387767493457,0.011587279768754562,26119.15712890625,TREND_UP,0.015576279736038472,LOW_VOLATILITY
2023-09-16,26568.28125,26754.76953125,26473.890625,-0.001518755875352329,0.01057196374906638,0.011570477446516198,26143.0865234375,TREND_UP,0.015591831733098103,LOW_VOLATILITY
2023-09-17,26534.1875,26617.998046875,26445.07421875,-0.0012832501161511578,0.006517019905923255,0.012480709213438206,26164.48837890625,TREND_UP,0.01461250038515657,LOW_VOLATILITY
2023-09-18,26754.28125,27414.734375,26415.515625,0.008294723552398242,0.03734799453825731,0.011850927073082338,26115.8328125,TREND_UP,0.013875400981366484,LOW_VOLATILITY
2023-09-19,27211.1171875,27488.763671875,26681.60546875,0.017075246134672373,0.02966281015083736,0.008227168333249432,26111.525390625,TREND_UP,0.014444912895426413,LOW_VOLATILITY
2023-09-20,27132.0078125,27379.505859375,26864.08203125,-0.00290724465500225,0.018996892219953543,0.00913041382463627,26171.5521484375,TREND_UP,0.014472014464632484,LOW_VOLATILITY
2023-09-21,26567.6328125,27152.939453125,26389.30078125,-0.02080107760178318,0.028743195800105686,0.011455484449519387,26209.89755859375,TREND_UP,0.01329920593491981,LOW_VOLATILITY
2023-09-22,26579.568359375,26726.078125,26495.533203125,0.0004492514240630463,0.008673764703695177,0.01171290072382804,26245.43603515625,TREND_UP,0.011068481217797741,LOW_VOLATILITY
2023-09-23,26579.390625,26634.185546875,26520.51953125,-6.686879658768241e-06,0.004276471843492461,0.011684762243448873,26275.92724609375,TREND_UP,0.010189129061168357,LOW_VOLATILITY
2023-09-24,26256.826171875,26716.05859375,26221.05078125,-0.01213588594546644,0.018852537974685897,0.015937287553179302,26298.14775390625,TREND_DOWN,0.010269858659407728,LOW_VOLATILITY
2023-09-25,26298.48046875,26421.5078125,26011.46875,0.0015864178176880905,0.015591739719990358,0.018561089810834715,26324.07265625,TREND_DOWN,0.010235043020450873,LOW_VOLATILITY
2023-09-26,26217.25,26389.884765625,26090.712890625,-0.0030887894396227633,0.011411260715750127,0.018612675535484954,26347.27333984375,TREND_DOWN,0.010253783773774028,LOW_VOLATILITY
2023-09-27,26352.716796875,26817.841796875,26111.46484375,0.005167086436411061,0.026804710822406163,0.018767906817235676,26352.8994140625,TREND_DOWN,0.010454596418872888,LOW_VOLATILITY
2023-09-28,27021.546875,27259.5,26327.322265625,0.02537992888096885,0.03449757109343874,0.018495341245978653,26408.69404296875,TREND_UP,0.013130081511614532,LOW_VOLATILITY
2023-09-29,26911.720703125,27225.9375,26721.763671875,-0.004064392478456136,0.01873435867170155,0.019271892764897408,26459.49619140625,TREND_UP,0.011912524493314513,LOW_VOLATILITY
2023-09-30,26967.916015625,27091.794921875,26888.96875,0.0020881352448591795,0.0075210176328598805,0.01931685846291985,26516.2806640625,TREND_UP,0.011930347747480327,LOW_VOLATILITY
2023-10-01,27983.75,28047.23828125,26965.09375,0.037668241913332734,0.03867046165185152,0.01306168778916444,26657.33544921875,TREND_UP,0.014865303807347545,LOW_VOLATILITY
2023-10-02,27530.78515625,28494.458984375,27347.787109375,-0.016186709920936293,0.041650532975797974,0.012378010965694745,26742.20751953125,TREND_UP,0.016327933892172613,LOW_VOLATILITY
2023-10-03,27429.978515625,27667.19140625,27216.001953125,-0.003661597010505724,0.016448771655726523,0.012618419002238574,26802.290234375,TREND_UP,0.01645903113493347,LOW_VOLATILITY
2023-10-04,27799.39453125,27826.658203125,27248.10546875,0.013467601347721292,0.020811702705418073,0.012733052953125195,26865.27626953125,TREND_UP,0.015772425805495417,LOW_VOLATILITY
2023-10-05,27415.912109375,28091.861328125,27375.6015625,-0.01379463216164356,0.026125695281174744,0.012100545976542138,26905.63720703125,TREND_UP,0.01693962252056769,LOW_VOLATILITY
2023-10-06,27946.59765625,28252.537109375,27215.552734375,0.01935684447622399,0.037105925657039254,0.007963014366710805,26974.55302734375,TREND_UP,0.017334627539490204,LOW_VOLATILITY
2023-10-07,27968.83984375,28028.091796875,27870.423828125,0.0007958817661306572,0.005637272394236723,0.007858337655453757,27046.28564453125,TREND_UP,0.017428013830934907,LOW_VOLATILITY
2023-10-08,27935.08984375,28102.169921875,27740.662109375,-0.001206700034343422,0.01294099337149192,0.010094081851497428,27105.32607421875,TREND_UP,0.016141287550022053,LOW_VOLATILITY
2023-10-09,27583.677734375,27989.470703125,27302.5625,-0.012579594744121514,0.02490270549633668,0.021971788161428973,27123.9541015625,TREND_UP,0.016792980845784393,LOW_VOLATILITY
2023-10-10,27391.01953125,27715.84765625,27301.654296875,-0.006984500217130485,0.015121502100440368,0.02170274887955507,27136.9046875,TREND_UP,0.017066249679562814,LOW_VOLATILITY
2023-10-11,26873.3203125,27474.115234375,26561.099609375,-0.018900326735168282,0.03397479784346987,0.01944984422860057,27152.1890625,TREND_DOWN,0.012607557549190629,LOW_VOLATILITY
2023-10-12,26756.798828125,26921.439453125,26558.3203125,-0.0043359541366684295,0.0135710980583863,0.018773152327950002,27161.0505859375,TREND_DOWN,0.011866767756564575,LOW_VOLATILITY
2023-10-13,26862.375,27092.697265625,26686.322265625,0.003945769916393171,0.015128036891749148,0.020364610239530352,27175.1998046875,TREND_DOWN,0.012046754041663575,LOW_VOLATILITY
2023-10-14,26861.70703125,26969.0,26814.5859375,-2.4866332556272575e-05,0.005748482861508388,0.019624767511609045,27205.44384765625,TREND_DOWN,0.01081116987262436,LOW_VOLATILITY
2023-10-15,27159.65234375,27289.169921875,26817.89453125,0.011091823470242623,0.017352040617465793,0.020216703869320514,27248.50244140625,TREND_DOWN,0.011008128887881129,LOW_VOLATILITY
2023-10-16,28519.466796875,29448.138671875,27130.47265625,0.05006744695824206,0.08126610613487895,0.03794805100884435,27363.61328125,TREND_UP,0.018805035177028227,LOW_VOLATILITY
2023-10-17,28415.748046875,28618.751953125,28110.185546875,-0.0036367703063566736,0.01789734359310415,0.03622668631858742,27466.76484375,TREND_UP,0.018893501169404317,LOW_VOLATILITY
2023-10-18,28328.341796875,28889.009765625,28174.251953125,-0.0030759792019486865,0.025231191349817994,0.03423547925968687,27532.10458984375,TREND_UP,0.01893513563440391,LOW_VOLATILITY
2023-10-19,28719.806640625,28892.474609375,28177.98828125,0.013818840741083749,0.024877825156188145,0.03707247366715307,27622.50888671875,TREND_UP,0.018582224251887727,LOW_VOLATILITY
2023-10-20,29682.94921875,30104.0859375,28601.669921875,0.033535830870205396,0.05061545618505995,0.03878617884019085,27758.260546875,TREND_UP,0.020219021425399348,LOW_VOLATILITY
2023-10-21,29918.412109375,30287.482421875,29481.751953125,0.007932597562652743,0.026930923533121685,0.03893293846296895,27854.99365234375,TREND_UP,0.01785844179512883,LOW_VOLATILITY
2023-10-22,29993.896484375,30199.43359375,29720.3125,0.002523007395046406,0.01597395303406455,0.038366041012755724,27978.14921875,TREND_UP,0.017330812050664106,LOW_VOLATILITY
2023-10-23,33086.234375,34370.4375,30097.828125,0.10309890521346299,0.12913555911422755,0.013030323926497889,28260.96201171875,TREND_UP,0.03338332498997694,HIGH_VOLATILITY
2023-10-24,33901.52734375,35150.43359375,32880.76171875,0.02464145540134477,0.06694895636961415,0.010161096732039005,28566.06865234375,TREND_UP,0.03251340153062504,HIGH_VOLATILITY
2023-10-25,34502.8203125,35133.7578125,33709.109375,0.017736456610143003,0.04129078216205605,0.011297459997991241,28920.4140625,TREND_UP,0.032287409186886544,HIGH_VOLATILITY
2023-10-26,34156.6484375,34832.91015625,33762.32421875,-0.010033147199696724,0.03134341296567675,0.012196238317566183,29230.9166015625,TREND_UP,0.032625248272534664,HIGH_VOLATILITY
2023-10-27,33909.80078125,34238.2109375,33416.88671875,-0.007226928505637331,0.024220850604470108,0.012013481752498065,29527.9646484375,TREND_UP,0.03291625295777129,HIGH_VOLATILITY
2023-10-28,34089.57421875,34399.390625,33874.8046875,0.005301518539129857,0.015388456720925146,0.012266053184448955,29835.6888671875,TREND_UP,0.03241469008532575,HIGH_VOLATILITY
2023-10-29,34538.48046875,34743.26171875,33947.56640625,0.013168432293093613,0.023037936287322643,0.011686892283759487,30183.42900390625,TREND_UP,0.032427187642775114,HIGH_VOLATILITY
2023-10-30,34502.36328125,34843.93359375,34110.97265625,-0.0010457086417764438,0.0212437893464046,0.01165772843513766,30538.99619140625,TREND_UP,0.0325565224689275,HIGH_VOLATILITY
2023-10-31,34667.78125,34719.25390625,34083.30859375,0.004794395311462418,0.018343986536490563,0.012175901082048985,30928.71923828125,TREND_UP,0.03265372570472493,HIGH_VOLATILITY
2023-11-01,35437.25390625,35527.9296875,34170.69140625,0.022195613001625203,0.0382997589158743,0.009126389059286224,31362.7419921875,TREND_UP,0.03239024672923008,HIGH_VOLATILITY
2023-11-02,34938.2421875,35919.84375,34401.57421875,-0.014081557224217889,0.04345580762483802,0.011571800687712979,31766.5353515625,TREND_UP,0.013677753892225957,LOW_VOLATILITY
2023-11-03,34732.32421875,34942.47265625,34133.44140625,-0.005893770145759425,0.02329332309881094,0.010468121564989061,32160.0662109375,TREND_UP,0.012277633918180902,LOW_VOLATILITY
2023-11-04,35082.1953125,35256.03125,34616.69140625,0.010073356782761111,0.018224054625287357,0.011922366874266772,32556.193359375,TREND_UP,0.0114303040591801,LOW_VOLATILITY
2023-11-05,35049.35546875,35340.33984375,34594.2421875,-0.0009360829177728069,0.021287057815234878,0.012099616027285855,32882.68779296875,TREND_UP,0.010731129828000192,LOW_VOLATILITY
2023-11-06,35037.37109375,35286.02734375,34765.36328125,-0.0003419285416157436,0.0148602491067852,0.014743403399710952,33213.7689453125,TREND_UP,0.010237618435049264,LOW_VOLATILITY
2023-11-07,35443.5625,35892.41796875,34545.81640625,0.011593090279608864,0.03799283896758403,0.01877536654703878,33569.52998046875,TREND_UP,0.010560911051088277,LOW_VOLATILITY
2023-11-08,35655.27734375,35994.41796875,35147.80078125,0.005973294692089626,0.02374451275018348,0.031222179996551403,33916.303515625,TREND_UP,0.010098239625329283,LOW_VOLATILITY
2023-11-09,36693.125,37926.2578125,35592.1015625,0.029107827327892632,0.06361290432472023,0.035681487848507755,34266.8123046875,TREND_UP,0.012815101868418862,LOW_VOLATILITY
2023-11-10,37313.96875,37493.80078125,36362.75390625,0.01691989303173269,0.030311620899344832,0.0353180926856043,34636.59013671875,TREND_UP,0.013229196704136808,LOW_VOLATILITY
2023-11-11,37138.05078125,37407.09375,36773.66796875,-0.0047145338500075296,0.017055978112071504,0.035306019108350475,34993.7978515625,TREND_UP,0.01262194998794398,LOW_VOLATILITY
2023-11-12,37054.51953125,37227.69140625,36779.1171875,-0.002249209321512735,0.012105789642521044,0.03639548944681284,35192.212109375,TREND_UP,0.011124104004397542,LOW_VOLATILITY
2023-11-13,36502.35546875,37405.1171875,36399.60546875,-0.014901395821212304,0.027546488598820088,0.035649075096450725,35322.253515625,TREND_UP,0.01247290765984137,LOW_VOLATILITY
2023-11-14,35537.640625,36753.3515625,34948.5,-0.026428838121854925,0.05078703962216118,0.03874004199207942,35373.99453125,TREND_UP,0.015750768686965504,LOW_VOLATILITY
2023-11-15,37880.58203125,37964.89453125,35383.78125,0.06592844558740318,0.06813816321831281,0.03344538168671053,35560.1912109375,TREND_UP,0.025698813530909255,LOW_VOLATILITY
2023-11-16,36154.76953125,37934.625,35545.47265625,-0.04555929205565723,0.06608124943750397,0.027395341869913523,35672.4396484375,TREND_UP,0.030815631858757766,HIGH_VOLATILITY
2023-11-17,36596.68359375,36704.484375,35901.234375,0.012222842746045792,0.021948710132225737,0.027365867612335396,35797.7951171875,TREND_UP,0.030834494431841636,HIGH_VOLATILITY
2023-11-18,36585.703125,36839.28125,36233.3125,-0.000300039994658885,0.016562993143240293,0.027309746665252512,35900.15625,TREND_UP,0.030845334460107926,HIGH_VOLATILITY
2023-11-19,37386.546875,37509.35546875,36414.59765625,0.021889527372586093,0.02928213231781653,0.026574690466359636,36044.3654296875,TREND_UP,0.03024517268027347,HIGH_VOLATILITY
2023-11-20,37476.95703125,37756.8203125,36882.53125,0.0024182537251242753,0.02332871000628407,0.02667203260009479,36184.82421875,TREND_UP,0.02980980186891819,HIGH_VOLATILITY
2023-11-21,35813.8125,37631.140625,35813.8125,-0.04437779006078835,0.05074377727866867,0.018674028298967617,36203.6521484375,TREND_DOWN,0.033088012798532955,HIGH_VOLATILITY
2023-11-22,37432.33984375,37856.98046875,35670.97265625,0.045192824521265385,0.05839890911508149,0.008943521180240792,36328.35703125,TREND_UP,0.036458713001439325,HIGH_VOLATILITY
2023-11-23,37289.62109375,37643.91796875,36923.86328125,-0.003812712499291715,0.019309788256890767,0.00894730455392825,36456.221875,TREND_UP,0.036067310227569545,HIGH_VOLATILITY
2023-11-24,37720.28125,38415.33984375,37261.60546875,0.011549062275727495,0.030586579335221686,0.012517732953148508,36588.126171875,TREND_UP,0.03462806615190437,HIGH_VOLATILITY
2023-11-25,37796.79296875,37892.4296875,37617.41796875,0.0020283973558654633,0.007276059611125655,0.013946484396255608,36725.498046875,TREND_UP,0.027636110623183417,HIGH_VOLATILITY
2023-11-26,37479.12109375,37820.30078125,37162.75,-0.008404730932136117,0.01754445574124343,0.012434509537871244,36847.585546875,TREND_UP,0.022904243044739828,LOW_VOLATILITY
2023-11-27,37254.16796875,37559.35546875,36750.12890625,-0.006002091789647501,0.0217217725323729,0.017809877967624954,36938.1158203125,TREND_UP,0.022888229816496245,LOW_VOLATILITY
2023-11-28,37831.0859375,38368.48046875,36891.08984375,0.01548599794884531,0.039052292272042315,0.02159555212461779,37046.90625,TREND_UP,0.023252075480049435,LOW_VOLATILITY
2023-11-29,37858.4921875,38366.11328125,37612.6328125,0.0007244373065387055,0.0199025482847619,0.023149402782712457,37105.174609375,TREND_UP,0.02234764783475518,LOW_VOLATILITY
2023-11-30,37712.74609375,38141.75390625,37531.140625,-0.0038497596002547985,0.01619116464582235,0.024417268244196207,37125.1134765625,TREND_UP,0.022406238113788914,LOW_VOLATILITY
2023-12-01,38688.75,38954.109375,37629.359375,0.025879947957747618,0.03424121999289199,0.024289397068106115,37202.6484375,TREND_UP,0.017013763273035377,LOW_VOLATILITY
2023-12-02,39476.33203125,39678.9375,38652.59375,0.020356874575942596,0.025998964371551348,0.02666803721603786,37323.7390625,TREND_UP,0.012050419525424521,LOW_VOLATILITY
2023-12-03,39978.390625,40135.60546875,39298.1640625,0.012717964611113297,0.020947351635668802,0.027181362469730835,37497.5408203125,TREND_UP,0.011777629838214489,LOW_VOLATILITY
2023-12-04,41980.09765625,42371.75,39978.62890625,0.05006972516793251,0.05700608686873104,0.03292108253659209,37819.663671875,TREND_UP,0.01804497842223736,LOW_VOLATILITY
2023-12-05,44080.6484375,44408.6640625,41421.1484375,0.05003682455553493,0.06777385839130443,0.024321225554128217,38129.6669921875,TREND_UP,0.02148133835720661,LOW_VOLATILITY
2023-12-06,43746.4453125,44265.76953125,43478.08203125,-0.007581629055975703,0.018005748681366077,0.029332267525203622,38509.25078125,TREND_UP,0.021380045282458647,LOW_VOLATILITY
2023-12-07,43292.6640625,44042.58984375,42880.6484375,-0.010372985662227885,0.026839221642090415,0.029166883844951978,38844.0498046875,TREND_UP,0.021912957012495612,LOW_VOLATILITY
2023-12-08,44166.6015625,44705.515625,43125.296875,0.02018673414826888,0.03577859047551662,0.028864795692386456,39223.0947265625,TREND_UP,0.021966630313182026,LOW_VOLATILITY
2023-12-09,43725.984375,44361.2578125,43627.59765625,-0.009976252913108663,0.016778585244829038,0.02931343764557427,39540.0666015625,TREND_UP,0.02301894775667841,LOW_VOLATILITY
2023-12-10,43779.69921875,44034.625,43593.28515625,0.0012284421841561866,0.010080924529535887,0.029762938263915042,39855.2037109375,TREND_UP,0.02261558784720465,LOW_VOLATILITY
2023-12-11,41243.83203125,43808.375,40234.578125,-0.05792335792051162,0.08665045654080283,0.022837795092917553,40126.7046875,TREND_UP,0.03187300055804924,HIGH_VOLATILITY
2023-12-12,41450.22265625,42048.3046875,40667.5625,0.005004157345118276,0.033310850919924,0.023376773942392255,40327.598828125,TREND_UP,0.031519197813696484,HIGH_VOLATILITY
2023-12-13,42890.7421875,43429.78125,40676.8671875,0.03475299863154757,0.06418434193713496,0.022918273354774782,40607.6548828125,TREND_UP,0.03283514388498132,HIGH_VOLATILITY
2023-12-14,43023.97265625,43390.859375,41767.08984375,0.0031062756659134827,0.037741041354397535,0.022934024371536767,40872.839453125,TREND_UP,0.0292382464246601,HIGH_VOLATILITY
2023-12-15,41929.7578125,43087.82421875,41692.96875,-0.025432678020983368,0.03326648045494241,0.01928741541678889,41079.4876953125,TREND_UP,0.025159576993413382,LOW_VOLATILITY
2023-12-16,42240.1171875,42664.9453125,41723.11328125,0.007401888090740938,0.022297097971326504,0.019891261396882423,41317.5375,TREND_UP,0.0254138304878134,LOW_VOLATILITY
2023-12-17,41364.6640625,42359.49609375,41274.54296875,-0.02072563201266564,0.026228984317645816,0.019027340479019998,41523.0623046875,TREND_DOWN,0.025943725513222105,HIGH_VOLATILITY
2023-12-18,42623.5390625,42720.296875,40530.2578125,0.030433584522719714,0.051380976584058144,0.0162802282111932,41762.6849609375,TREND_UP,0.027188106273918253,HIGH_VOLATILITY
2023-12-19,42270.52734375,43354.296875,41826.3359375,-0.008282083715112631,0.03614719364805653,0.019249255612868468,41983.28671875,TREND_UP,0.027146526887142572,HIGH_VOLATILITY
2023-12-20,43652.25,44275.5859375,42223.81640625,0.032687613405284255,0.04700260653803641,0.016482829374185267,42280.2619140625,TREND_UP,0.02942393049041338,HIGH_VOLATILITY
2023-12-21,43869.15234375,44240.66796875,43330.05078125,0.0049688697318006625,0.020757574260030918,0.0175588204573223,42539.28203125,TREND_UP,0.02122125613346088,LOW_VOLATILITY
2023-12-22,43997.90234375,44367.95703125,43441.96875,0.002934864092908329,0.021046191566483595,0.01751161672563184,42765.360546875,TREND_UP,0.02124636130677701,LOW_VOLATILITY
2023-12-23,43739.54296875,44015.69921875,43351.35546875,-0.005872083923035065,0.01518863035388012,0.017742921943432452,42953.4181640625,TREND_UP,0.018935090523729863,LOW_VOLATILITY
2023-12-24,43016.1171875,43945.5234375,42786.91796875,-0.01653939964043194,0.02693421778864499,0.017152602888774123,43005.219140625,TREND_UP,0.019820093866727582,LOW_VOLATILITY
2023-12-25,43613.140625,43765.09375,42765.76953125,0.013879063861056418,0.02291337437362091,0.024522928663199457,42981.84375,TREND_UP,0.017995086793900078,LOW_VOLATILITY
2023-12-26,42520.40234375,43603.17578125,41676.48828125,-0.025055253200995553,0.04531207123639084,0.021833921778333935,42920.5416015625,TREND_DOWN,0.0201313809225667,LOW_VOLATILITY
2023-12-27,43442.85546875,43683.16015625,42167.58203125,0.021694364920222586,0.034886705964579365,0.028994746363383984,42928.051171875,TREND_UP,0.019542217191852708,LOW_VOLATILITY
2023-12-28,42627.85546875,43804.78125,42318.55078125,-0.01876027694786908,0.034865241340595675,0.0301758284764227,42851.1138671875,TREND_DOWN,0.01862233618366932,LOW_VOLATILITY
2023-12-29,42099.40234375,43124.32421875,41424.0625,-0.012396896798793966,0.040386837439330484,0.029317096412321542,42769.784765625,TREND_DOWN,0.018873503404752003,LOW_VOLATILITY
2023-12-30,42156.90234375,42584.125,41556.2265625,0.0013658151137276864,0.024382684219026632,0.029560848527784376,42688.644921875,TREND_DOWN,0.015002803996947072,LOW_VOLATILITY
2023-12-31,42265.1875,42860.9375,41998.25390625,0.002568622223877659,0.020411209432112422,0.029671848883925087,42739.7126953125,TREND_DOWN,0.01487306538267222,LOW_VOLATILITY
2024-01-01,44167.33203125,44175.4375,42214.9765625,0.0450049945064126,0.04438712612554687,0.03567755639679843,42875.5681640625,TREND_UP,0.02143504030427782,LOW_VOLATILITY
2024-01-02,44957.96875,45899.70703125,44176.94921875,0.017900939051301412,0.03831929823341941,0.03677774387257584,42978.9294921875,TREND_UP,0.021950944129347845,LOW_VOLATILITY
2024-01-03,42848.17578125,45503.2421875,40813.53515625,-0.04692812036242189,0.10944939768712805,0.029040350582363275,42970.1396484375,TREND_DOWN,0.026569035282009212,HIGH_VOLATILITY
2024-01-04,44179.921875,44770.0234375,42675.17578125,0.03108057856532498,0.04741628249540675,0.028428673966074805,43082.6478515625,TREND_UP,0.02808619212720118,HIGH_VOLATILITY
2024-01-05,44162.69140625,44353.28515625,42784.71875,-0.0003900067727314882,0.03551790790603883,0.04258355540862392,43178.7765625,TREND_UP,0.0265199836812937,HIGH_VOLATILITY
2024-01-06,43989.1953125,44227.6328125,43475.15625,-0.003928567037593367,0.01710594061006103,0.042600196947923226,43310.003125,TREND_UP,0.025862340851551167,HIGH_VOLATILITY
2024-01-07,43943.09765625,44495.5703125,43662.23046875,-0.0010479313368322307,0.018964066900082874,0.04333261016504786,43375.9810546875,TREND_UP,0.024905498582734248,LOW_VOLATILITY
2024-01-08,46970.50390625,47218.0,43244.08203125,0.06889378335779228,0.08460454196279597,0.03102585406908322,43610.9798828125,TREND_UP,0.03157734605885338,HIGH_VOLATILITY
2024-01-09,46139.73046875,47893.69921875,45244.71484375,-0.017687130611972357,0.05741222040285068,0.0327566488388589,43735.35390625,TREND_UP,0.03280449799641995,HIGH_VOLATILITY
2024-01-10,46627.77734375,47647.22265625,44483.15234375,0.010577584004972662,0.06785805570730497,0.031611887490431076,43873.28515625,TREND_UP,0.03271284210257564,HIGH_VOLATILITY
2024-01-11,46368.5859375,48969.37109375,45678.64453125,-0.005558733892443213,0.07096887895040739,0.03253596651507242,43991.8193359375,TREND_UP,0.030600252348939816,HIGH_VOLATILITY
2024-01-12,42853.16796875,46498.13671875,41903.76953125,-0.07581464687080208,0.10721184466106147,0.01988381899153902,43947.5005859375,TREND_DOWN,0.03939582348206139,HIGH_VOLATILITY
2024-01-13,42842.3828125,43234.66015625,42464.14453125,-0.0002516769882185965,0.017984891932182372,0.019934137808902366,43938.8138671875,TREND_DOWN,0.03640685765812852,HIGH_VOLATILITY
2024-01-14,41796.26953125,43065.59765625,41724.61328125,-0.0244177193838242,0.03208382925173215,0.017765349487290565,43847.9703125,TREND_DOWN,0.035459744330404726,HIGH_VOLATILITY
2024-01-15,42511.96875,43319.72265625,41705.41796875,0.01712351907901466,0.037972945854218995,0.023403682653524726,43847.5486328125,TREND_DOWN,0.03613670580349046,HIGH_VOLATILITY
2024-01-16,43154.9453125,43566.2734375,42085.99609375,0.015124600939588229,0.03430145335675427,0.022327647493350037,43833.153125,TREND_DOWN,0.036594074180666666,HIGH_VOLATILITY
2024-01-17,42742.65234375,43189.890625,42189.30859375,-0.009553782672285682,0.023409451130992086,0.023243093929757663,43838.89296875,TREND_DOWN,0.03668615173055509,HIGH_VOLATILITY
2024-01-18,41262.05859375,42876.34765625,40631.171875,-0.034639725632667706,0.05441259737802027,0.020292221180860204,43797.02578125,TREND_DOWN,0.02798407979055838,HIGH_VOLATILITY
2024-01-19,41618.40625,42134.16015625,40297.45703125,0.00863620644230223,0.044131990878434946,0.02814529015588727,43770.1009765625,TREND_DOWN,0.02867254592476636,HIGH_VOLATILITY
2024-01-20,41665.5859375,41877.89453125,41446.82421875,0.0011336255217606617,0.010345955848229813,0.02824415916733309,43740.1208984375,TREND_DOWN,0.028073219300876563,HIGH_VOLATILITY
2024-01-21,41545.78515625,41855.3671875,41497.0078125,-0.0028752933279206916,0.008625649356541037,0.028221576311116738,43609.0435546875,TREND_DOWN,0.028141858847057246,HIGH_VOLATILITY
2024-01-22,39507.3671875,41651.20703125,39450.1171875,-0.049064374667218136,0.05571340234604187,0.018495684567325685,43336.5134765625,TREND_DOWN,0.021807720018700946,LOW_VOLATILITY
2024-01-23,39845.55078125,40127.3515625,38521.89453125,0.008560013431039293,0.04029200248890712,0.020144554567344083,43186.3822265625,TREND_DOWN,0.0223220889828339,LOW_VOLATILITY
2024-01-24,40077.07421875,40483.78515625,39508.796875,0.005810521700930993,0.024327830817396673,0.02145370689926761,42981.23984375,TREND_DOWN,0.021740068273333794,LOW_VOLATILITY
2024-01-25,39933.80859375,40254.48046875,39545.6640625,-0.0035747525934159974,0.01774978223241487,0.020738493975411332,42769.795703125,TREND_DOWN,0.020455556016060597,LOW_VOLATILITY
2024-01-26,41816.87109375,42209.38671875,39825.69140625,0.04715459322091098,0.05700319632131133,0.013327759026620773,42661.1794921875,TREND_DOWN,0.025917123316399327,HIGH_VOLATILITY
2024-01-27,42120.0546875,42195.6328125,41431.28125,0.007250269707417489,0.018146974598464545,0.01368482212114512,42570.02734375,TREND_DOWN,0.025978239101355546,HIGH_VOLATILITY
2024-01-28,42035.59375,42797.17578125,41696.91015625,-0.002005242826170095,0.02617461838516317,0.014417123060593303,42323.2818359375,TREND_DOWN,0.02320727811257863,LOW_VOLATILITY
2024-01-29,43288.24609375,43305.8671875,41818.33203125,0.029799801358818767,0.03436348871766306,0.007731897403251141,42180.7076171875,TREND_UP,0.02478094883386513,LOW_VOLATILITY
2024-01-30,42952.609375,43838.9453125,42711.37109375,-0.007753530092744043,0.026251588323904944,0.008432253625800858,41996.94921875,TREND_UP,0.025061659790935442,LOW_VOLATILITY
2024-01-31,42582.60546875,43717.40625,42298.9453125,-0.00861423582021903,0.033310806651813796,0.01251015691145228,41807.6501953125,TREND_UP,0.025284270436604358,LOW_VOLATILITY
2024-02-01,43075.7734375,43243.16796875,41879.19140625,0.011581441842771323,0.0316645866957917,0.013894349499812627,41818.78046875,TREND_UP,0.0175700424142329,LOW_VOLATILITY
2024-02-02,43185.859375,43422.48828125,42584.3359375,0.0025556346111748063,0.01940802743953732,0.018463568985574448,41835.954296875,TREND_UP,0.01768218689918958,LOW_VOLATILITY
2024-02-03,42992.25,43359.94140625,42890.80859375,-0.0044831659668692625,0.01091203211043851,0.01684962554641796,41895.7533203125,TREND_UP,0.01813197209281557,LOW_VOLATILITY
2024-02-04,42583.58203125,43097.64453125,42374.83203125,-0.009505619472114146,0.016973971317621035,0.013214705739662092,41899.333984375,TREND_UP,0.01861383842245481,LOW_VOLATILITY
2024-02-05,42658.66796875,43494.25,42264.81640625,0.0017632602500394778,0.028820252771385946,0.012168948783974985,41874.5201171875,TREND_UP,0.011975783370878583,LOW_VOLATILITY
2024-02-06,43084.671875,43344.1484375,42529.01953125,0.009986338686479135,0.018919232078984008,0.015453809256623282,41891.62109375,TREND_UP,0.012137728393121152,LOW_VOLATILITY
2024-02-07,44318.22265625,44341.94921875,42775.95703125,0.028630850081180936,0.035335175772874886,0.01727536373028894,42044.429296875,TREND_UP,0.014548204108969114,LOW_VOLATILITY
2024-02-08,45301.56640625,45575.83984375,44332.125,0.022188248784866804,0.027454124490900865,0.018958047706598674,42228.5873046875,TREND_UP,0.013272753590715693,LOW_VOLATILITY
2024-02-09,47147.19921875,48152.49609375,45260.82421875,0.040741037427910465,0.06133284527853797,0.017197642644837776,42502.66796875,TREND_UP,0.016668331186499272,LOW_VOLATILITY
2024-02-10,47771.27734375,48146.171875,46905.3203125,0.013236801662479536,0.025974845796379837,0.01951028909981899,42813.942578125,TREND_UP,0.01541742669314797,LOW_VOLATILITY
2024-02-11,48293.91796875,48535.9375,47617.40625,0.010940478338881565,0.019019605131113254,0.019533813074495032,43253.2701171875,TREND_UP,0.015419165654788807,LOW_VOLATILITY
2024-02-12,49958.22265625,50280.4765625,47745.76171875,0.034461993507690414,0.05073668975757479,0.01740370721155833,43758.9037109375,TREND_UP,0.01659478140883385,LOW_VOLATILITY
2024-02-13,49742.44140625,50358.390625,48406.49609375,-0.004319233922406296,0.039240022726442815,0.016919873248148313,44242.1720703125,TREND_UP,0.016573687857901212,LOW_VOLATILITY
2024-02-14,51826.6953125,52021.37109375,49296.83203125,0.041900916949929146,0.05257018696777436,0.008208712746330744,44836.81640625,TREND_UP,0.01616010535774203,LOW_VOLATILITY
2024-02-15,51938.5546875,52820.06640625,51371.62890625,0.0021583350882306007,0.027887520334650244,0.008992782391312277,45342.9005859375,TREND_UP,0.016111103316374494,LOW_VOLATILITY
2024-02-16,52160.203125,52537.96875,51641.3671875,0.004267512618200353,0.017189380193772013,0.009171507626861147,45844.9080078125,TREND_UP,0.016599836659906164,LOW_VOLATILITY
2024-02-17,51662.99609375,52191.9140625,50669.66796875,-0.009532306269177337,0.02946492090756145,0.011509846778379256,46326.278125,TREND_UP,0.018522652190714445,LOW_VOLATILITY
2024-02-18,52122.546875,52356.96484375,51233.70703125,0.008895163192163213,0.021550324760487828,0.010943956336268917,46767.9931640625,TREND_UP,0.018474587366020652,LOW_VOLATILITY
2024-02-19,51779.14453125,52483.32421875,51711.8203125,-0.006588364620277343,0.014899896729355546,0.023030301742985936,47209.319921875,TREND_UP,0.01693983351035882,LOW_VOLATILITY
2024-02-20,52284.875,52945.05078125,50792.3125,0.009767068832988945,0.041173250987976924,0.027479461628885742,47694.4333984375,TREND_UP,0.016891213120124662,LOW_VOLATILITY
2024-02-21,51839.1796875,52368.81640625,50671.7578125,-0.008524364120598982,0.03273698781462802,0.039292214947870746,48132.6037109375,TREND_UP,0.01776658841300108,LOW_VOLATILITY
2024-02-22,51304.97265625,52009.61328125,50926.29296875,-0.010305082651198116,0.02111530825205555,0.04116106596346085,48538.559375,TREND_UP,0.015663209937362282,LOW_VOLATILITY
2024-02-23,50731.94921875,51497.93359375,50561.77734375,-0.011168964874795462,0.018452991939328173,0.03799490329439215,48925.5443359375,TREND_UP,0.01614998398817955,LOW_VOLATILITY
2024-02-24,51571.1015625,51684.1953125,50585.4453125,0.016540904827679226,0.021305536758186246,0.04036254420935828,49374.9203125,TREND_UP,0.010037993216327768,LOW_VOLATILITY
2024-02-25,51733.23828125,51950.02734375,51306.171875,0.003143945229742817,0.012445682701122472,0.03923327310386107,49828.648828125,TREND_UP,0.01007122251234935,LOW_VOLATILITY
2024-02-26,54522.40234375,54938.17578125,50931.03125,0.053914352844811164,0.07349537729438194,0.043307737216517976,50400.5353515625,TREND_UP,0.0199714461720997,LOW_VOLATILITY
2024-02-27,57085.37109375,57537.83984375,54484.19921875,0.04700762695380023,0.05349252473081196,0.05657600787250058,51038.8927734375,TREND_UP,0.023254931566316518,LOW_VOLATILITY
2024-02-28,62504.7890625,63913.1328125,56738.42578125,0.09493531994124749,0.11478651698313616,0.04663019892049945,51899.05390625,TREND_UP,0.03542357466160336,HIGH_VOLATILITY
2024-02-29,61198.3828125,63585.64453125,60498.73046875,-0.020900898468654838,0.050441105150730976,0.04473585566920553,52601.6130859375,TREND_UP,0.036827891288807216,HIGH_VOLATILITY
2024-03-01,62440.6328125,63155.1015625,60802.52734375,0.020298739001094468,0.03767697591749963,0.0447418473374541,53335.080859375,TREND_UP,0.036734525432424704,HIGH_VOLATILITY
2024-03-02,62029.84765625,62458.69921875,61657.2890625,-0.006578811548619723,0.012919750515770476,0.04416315693719408,54021.87734375,TREND_UP,0.036580357473718364,HIGH_VOLATILITY
2024-03-03,63167.37109375,63230.2109375,61435.0234375,0.01833832389535761,0.028419537949991115,0.04421864443628267,54682.334765625,TREND_UP,0.035151325376240855,HIGH_VOLATILITY
2024-03-04,68330.4140625,68537.03125,62386.51953125,0.08173591649219114,0.09001133394456372,0.03623697138576539,55611.7333984375,TREND_UP,0.037725110768609287,HIGH_VOLATILITY
2024-03-05,63801.19921875,69170.625,59323.91015625,-0.06628402455760396,0.15433432230622135,0.018881782902649927,56210.45859375,TREND_UP,0.04870758290418704,HIGH_VOLATILITY
2024-03-06,66106.8046875,67637.9296875,62848.671875,0.03613733749494208,0.07244727430314887,0.0171373549460119,56918.87109375,TREND_UP,0.048362396997277186,HIGH_VOLATILITY
2024-03-07,66925.484375,68029.921875,65655.53125,0.012384196927533564,0.03547812387424353,0.022340528443575383,57657.13515625,TREND_UP,0.04746039331692157,HIGH_VOLATILITY
2024-03-08,68300.09375,70083.0546875,66230.453125,0.020539401213709896,0.05640697327007695,0.025613630594460746,58488.9900390625,TREND_UP,0.04662331914667738,HIGH_VOLATILITY
2024-03-09,68498.8828125,68673.0546875,68053.125,0.0029105240064184468,0.009050216033404742,0.03456962416439171,59307.8068359375,TREND_UP,0.03832694341053304,HIGH_VOLATILITY
2024-03-10,69019.7890625,70005.203125,68239.9765625,0.007604594828588107,0.0255756586114965,0.04000286385339961,60169.8390625,TREND_UP,0.036815303263757905,HIGH_VOLATILITY
2024-03-11,72123.90625,72850.7109375,67194.8828125,0.04497430707429584,0.07841821691403465,0.03461800227433094,61161.790625,TREND_UP,0.03818212975065173,HIGH_VOLATILITY
2024-03-12,71481.2890625,72825.65625,68728.8515625,-0.008909905479502545,0.057312965969569175,0.04465918517451359,62143.89609375,TREND_UP,0.0383365096238881,HIGH_VOLATILITY
2024-03-13,73083.5,73637.4765625,71334.09375,0.022414410239567806,0.03151713878645659,0.06186549935330742,63232.8224609375,TREND_UP,0.038398239951224045,HIGH_VOLATILITY
2024-03-14,71396.59375,73750.0703125,68563.0234375,-0.0230819028918976,0.07265118127571737,0.06252884889930937,64266.0546875,TREND_UP,0.032043735536685575,HIGH_VOLATILITY
2024-03-15,69403.7734375,72357.1328125,65630.6953125,-0.027911980219644583,0.0969174609224575,0.06245107669067236,65157.68828125,TREND_UP,0.023818329565824917,LOW_VOLATILITY
2024-03-16,65315.1171875,70046.2734375,64801.39453125,-0.05891115205258901,0.08030114821953906,0.05872010951199634,65836.7822265625,TREND_DOWN,0.029855231327175033,HIGH_VOLATILITY
2024-03-17,68390.625,68845.71875,64545.31640625,0.04708722796395115,0.06287999771533014,0.05905957217369991,66530.193359375,TREND_UP,0.03336808245755527,HIGH_VOLATILITY
2024-03-18,67548.59375,68897.1328125,66594.2265625,-0.0123120859035869,0.03409258612434104,0.06071914084108916,67053.3544921875,TREND_UP,0.033028922883396275,HIGH_VOLATILITY
2024-03-19,61912.7734375,68106.9296875,61536.1796875,-0.08343356981432348,0.10612914969207561,0.046636483977948825,67023.7537109375,TREND_DOWN,0.04205734982207817,HIGH_VOLATILITY
2024-03-20,67913.671875,68115.2578125,60807.78515625,0.09692504638897836,0.107599434024123,0.03171482203824301,67359.5181640625,TREND_UP,0.05386225084192004,HIGH_VOLATILITY
2024-03-21,65491.390625,68199.9921875,64580.91796875,-0.03566706353999505,0.055260304968520434,0.02674788130085884,67512.0560546875,TREND_DOWN,0.05234338298463149,HIGH_VOLATILITY
2024-03-22,63778.76171875,66623.75,62355.37109375,-0.02615044343853401,0.06692476917429961,0.023819751301032272,67599.5017578125,TREND_DOWN,0.05264582769453606,HIGH_VOLATILITY
2024-03-23,64062.203125,65976.3984375,63038.4921875,0.004444134671348854,0.04586021252293608,0.02450172010779154,67644.243359375,TREND_DOWN,0.05171089640332991,HIGH_VOLATILITY
2024-03-24,67234.171875,67622.7578125,63825.8515625,0.04951388799118828,0.056472864082554745,0.019435911326248417,67589.43125,TREND_DOWN,0.05496052949973222,HIGH_VOLATILITY
2024-03-25,69958.8125,71162.59375,66414.8359375,0.04052464020923141,0.06786504291364294,0.016683612493448505,67897.3119140625,TREND_UP,0.05599212221921328,HIGH_VOLATILITY
2024-03-26,69987.8359375,71535.7421875,69335.609375,0.00041486463910467286,0.03143593144478343,0.0283053801777856,68091.3634765625,TREND_UP,0.05178209819688487,HIGH_VOLATILITY
2024-03-27,69455.34375,71727.6875,68381.9296875,-0.007608353371227561,0.04817135200630261,0.02906876489923254,68217.8564453125,TREND_UP,0.050070895215089097,HIGH_VOLATILITY
2024-03-28,70744.953125,71546.0234375,68895.5078125,0.018567460837021654,0.03746579095637785,0.03268887471218048,68340.0994140625,TREND_UP,0.04999673868642417,HIGH_VOLATILITY
2024-03-29,69892.828125,70913.09375,69076.65625,-0.01204502883045766,0.02627504923274272,0.03260891683646241,68409.7966796875,TREND_UP,0.039930424905518715,HIGH_VOLATILITY
2024-03-30,69645.3046875,70355.4921875,69601.0625,-0.0035414711944022903,0.010832455840133695,0.03342602780277175,68441.0724609375,TREND_UP,0.026975475084231447,HIGH_VOLATILITY
2024-03-31,71333.6484375,71377.78125,69624.8671875,0.02424203264779501,0.02457345307433477,0.03183657772077858,68401.5595703125,TREND_UP,0.023955511552546133,LOW_VOLATILITY
2024-04-01,69702.1484375,71342.09375,68110.6953125,-0.022871394296192005,0.046360098073555164,0.0331206453701978,68312.6025390625,TREND_UP,0.023440302627038726,LOW_VOLATILITY
2024-04-02,65446.97265625,69708.3828125,64586.59375,-0.061047985989492126,0.07825860929276893,0.02495600561230163,67930.776171875,TREND_DOWN,0.03235834818487616,HIGH_VOLATILITY
2024-04-03,65980.8125,66914.3203125,64559.8984375,0.008156830210526378,0.03568343258883028,0.02542216942813701,67659.987109375,TREND_DOWN,0.028054943504131832,HIGH_VOLATILITY
2024-04-04,68508.84375,69291.2578125,65113.796875,0.038314642609167615,0.060976958722938596,0.022651776714924732,67615.240625,TREND_UP,0.02769330756027212,HIGH_VOLATILITY
2024-04-05,67837.640625,68725.7578125,66011.4765625,-0.009797320875087778,0.04001143354917497,0.028075729158237424,67741.366796875,TREND_UP,0.027793052830976096,HIGH_VOLATILITY
2024-04-06,68896.109375,69629.6015625,67491.71875,0.015602971156545964,0.031030530343354384,0.03228803353034703,67766.641015625,TREND_UP,0.02830791348017515,HIGH_VOLATILITY
2024-04-07,69362.5546875,70284.4296875,68851.6328125,0.006770270726916605,0.020656633560502465,0.03540077190118074,67857.3390625,TREND_UP,0.02766623153449115,HIGH_VOLATILITY
2024-04-08,71631.359375,72715.359375,69064.2421875,0.03270935878474601,0.050970932554635744,0.031794021055253516,68343.268359375,TREND_UP,0.029360704482757623,HIGH_VOLATILITY
2024-04-09,69139.015625,71742.5078125,68212.921875,-0.03479403115822832,0.051050566826753255,0.031690270634747275,68404.535546875,TREND_UP,0.03168814314262608,HIGH_VOLATILITY
2024-04-10,70587.8828125,71093.4296875,67503.5625,0.0209558550176423,0.0508567057753472,0.029747052105867994,68659.36015625,TREND_UP,0.03142160157521233,HIGH_VOLATILITY
2024-04-11,70060.609375,71256.234375,69571.8125,-0.007469744331340511,0.024042352614778408,0.03659315602933243,68973.4525390625,TREND_UP,0.030574704844747294,HIGH_VOLATILITY
2024-04-12,67195.8671875,71222.7421875,65254.8359375,-0.04088948430588779,0.08881359077259099,0.034919255945640056,69130.1357421875,TREND_DOWN,0.026415207334900655,HIGH_VOLATILITY
2024-04-13,63821.47265625,67931.4296875,60919.10546875,-0.05021729270691988,0.10987405847745331,0.029934090678206685,68959.50078125,TREND_DOWN,0.031161688716148234,HIGH_VOLATILITY
2024-04-14,65738.7265625,65824.4296875,62205.8515625,0.03004089104268326,0.05504484668652194,0.02745567279691222,68748.496484375,TREND_DOWN,0.030035856598693577,HIGH_VOLATILITY
2024-04-15,63426.2109375,66878.6484375,62332.0703125,-0.03517737178558533,0.07168295343198389,0.02497548306615292,68420.415234375,TREND_DOWN,0.031637104950141555,HIGH_VOLATILITY
2024-04-16,63811.86328125,64355.66796875,61716.40234375,0.006080330797783695,0.04136010906573076,0.02555906100102846,68138.2412109375,TREND_DOWN,0.031044115872649335,HIGH_VOLATILITY
2024-04-17,61276.69140625,64486.36328125,59768.5859375,-0.03972884891052719,0.07699138506797389,0.02334645579113944,67664.828125,TREND_DOWN,0.03218083725725208,HIGH_VOLATILITY
2024-04-18,63512.75390625,64125.6875,60833.48046875,0.03649124077498622,0.05183536894195402,0.01941809097391808,67345.8244140625,TREND_DOWN,0.03277932633023016,HIGH_VOLATILITY
2024-04-19,63843.5703125,65481.59765625,59651.390625,0.005208661031110617,0.09132019094033182,0.020000240421888877,67055.7376953125,TREND_DOWN,0.03204956496000567,HIGH_VOLATILITY
2024-04-20,64994.44140625,65442.45703125,63172.40234375,0.018026421268684478,0.03492690510732979,0.01836731409170642,66738.77734375,TREND_DOWN,0.031773063812436046,HIGH_VOLATILITY
2024-04-21,64926.64453125,65723.2421875,64277.72265625,-0.0010431180502996629,0.02226388783351115,0.018343591029965606,66500.0021484375,TREND_DOWN,0.03184458020911587,HIGH_VOLATILITY
2024-04-22,66837.6796875,67233.9609375,64548.1796875,0.029433758205850147,0.040183639865378144,0.013542435952236774,66569.5375,TREND_UP,0.03131928669031422,HIGH_VOLATILITY
2024-04-23,66407.2734375,67199.2421875,65864.8671875,-0.006439574982440521,0.020093807966018406,0.02137003954844999,66590.860546875,TREND_DOWN,0.026170113959971004,HIGH_VOLATILITY
2024-04-24,64276.8984375,67075.3671875,63589.87109375,-0.03208044676017341,0.054226264466371875,0.02259940831984691,66379.26328125,TREND_DOWN,0.026744831635444773,HIGH_VOLATILITY
2024-04-25,64481.70703125,65275.20703125,62783.6328125,0.0031863484195515657,0.03864001642423175,0.024425775463053426,66211.4666015625,TREND_DOWN,0.024061589491966014,LOW_VOLATILITY
2024-04-26,63755.3203125,64789.65625,63322.3984375,-0.011265004482557628,0.023013888179185045,0.037673517067714324,65954.4271484375,TREND_DOWN,0.02435128206563169,LOW_VOLATILITY
2024-04-27,63419.140625,63898.36328125,62424.71875,-0.005272966802647994,0.023236589407032823,0.038154280741543735,65657.2564453125,TREND_DOWN,0.020152846734141742,LOW_VOLATILITY
2024-04-28,63113.23046875,64321.484375,62793.59765625,-0.004823625063903991,0.02420865969626639,0.038046902771534365,65231.35,TREND_DOWN,0.016585449011342256,LOW_VOLATILITY
2024-04-29,63841.12109375,64174.87890625,61795.45703125,0.011533090916022948,0.0372709913960603,0.0382565088168358,64966.4552734375,TREND_DOWN,0.01694431620323871,LOW_VOLATILITY
2024-04-30,60636.85546875,64703.33203125,59120.06640625,-0.050191249309274655,0.09207709703675859,0.03241425168356742,64468.90390625,TREND_DOWN,0.02193412937869639,LOW_VOLATILITY
2024-05-01,58254.01171875,60780.5,56555.29296875,-0.03929695449375714,0.07253074778178836,0.028437696461607917,63878.5740234375,TREND_DOWN,0.024070416407018447,LOW_VOLATILITY
2024-05-02,59123.43359375,59602.296875,56937.203125,0.014924669552331737,0.04507677562017862,0.029699161651956744,63474.95234375,TREND_DOWN,0.0217165920226969,LOW_VOLATILITY
2024-05-03,62889.8359375,63320.50390625,58848.3125,0.06370405294167747,0.07111151332457712,0.02240211411704045,63428.3705078125,TREND_DOWN,0.032401676699325734,HIGH_VOLATILITY
2024-05-04,63891.47265625,64494.95703125,62599.3515625,0.015926845790239064,0.02966914660034163,0.020713701709696004,63336.0078125,TREND_UP,0.031480006967042715,HIGH_VOLATILITY
2024-05-05,64031.1328125,64610.890625,62955.3046875,0.002185896653241981,0.025855952640225673,0.021576612705270958,63366.25390625,TREND_UP,0.03146978742392917,HIGH_VOLATILITY
2024-05-06,63161.94921875,65494.90234375,62746.23828125,-0.013574390387488533,0.0435177206609077,0.02377668020674787,63333.758203125,TREND_DOWN,0.03156786104756039,HIGH_VOLATILITY
2024-05-07,62334.81640625,64390.45703125,62285.98046875,-0.01309542885757653,0.03376085282396043,0.02471320458712289,63386.664453125,TREND_DOWN,0.031795690972870876,HIGH_VOLATILITY
2024-05-08,61187.94140625,62986.0859375,60877.12890625,-0.018398626419713127,0.03446687341951632,0.03696005080650376,63270.423828125,TREND_DOWN,0.03225076734702478,HIGH_VOLATILITY
2024-05-09,63049.9609375,63404.9140625,60648.07421875,0.03043115176709965,0.043724687577249934,0.03723763627012493,63230.743359375,TREND_DOWN,0.033694168985370795,HIGH_VOLATILITY
2024-05-10,60792.77734375,63446.7421875,60208.78125,-0.035799920573900024,0.05326226369279194,0.03302193271864039,63020.66015625,TREND_DOWN,0.03158883099505089,HIGH_VOLATILITY
2024-05-11,60793.7109375,61451.15234375,60492.625,1.5356984674586016e-05,0.015766883267504927,0.033150383512975015,62814.0134765625,TREND_DOWN,0.02833685745201829,HIGH_VOLATILITY
2024-05-12,61448.39453125,61818.15625,60632.6015625,0.010768936188532141,0.019293501425770826,0.03441455537891706,62544.54921875,TREND_DOWN,0.0281992770067434,HIGH_VOLATILITY
2024-05-13,62901.44921875,63422.66015625,60769.83984375,0.023646747788683697,0.04217423200019425,0.04276724295902045,62369.2580078125,TREND_UP,0.020642703305005467,LOW_VOLATILITY
2024-05-14,61552.7890625,63092.125,61123.765625,-0.02144084393922019,0.03197839456147715,0.04229316205952393,62233.0525390625,TREND_DOWN,0.02086263344657918,LOW_VOLATILITY
2024-05-15,66267.4921875,66454.453125,61330.41015625,0.07659609250545496,0.07732362882017355,0.035244644862450894,62322.341796875,TREND_UP,0.03291487027682307,HIGH_VOLATILITY
2024-05-16,65231.58203125,66712.4296875,64613.0546875,-0.01563225228621834,0.032183413840772224,0.03541993419588676,62396.1548828125,TREND_UP,0.033042549342788156,HIGH_VOLATILITY
2024-05-17,67051.875,67459.4609375,65119.31640625,0.02790508695432159,0.034900508468256854,0.034194418560762066,62577.7916015625,TREND_UP,0.03326866764289992,HIGH_VOLATILITY
2024-05-18,66940.8046875,67387.328125,66663.5,-0.0016564833198177142,0.01081295823047018,0.03419968191600605,62769.1703125,TREND_UP,0.032207587421525234,HIGH_VOLATILITY
2024-05-19,66278.3671875,67694.296875,65937.1796875,-0.009895869986810912,0.026511171926266005,0.03426834703365863,62891.0326171875,TREND_UP,0.031815576353935754,HIGH_VOLATILITY
2024-05-20,71448.1953125,71483.5625,66086.171875,0.07800174241430358,0.07554271456952694,0.014152320209421072,63431.599609375,TREND_UP,0.03555440229539428,HIGH_VOLATILITY
2024-05-21,70136.53125,71946.4609375,69191.125,-0.018358253231772315,0.03928531805598812,0.013753209933274611,64025.7255859375,TREND_UP,0.036966641084755295,HIGH_VOLATILITY
2024-05-22,69122.3359375,70623.6953125,68977.6953125,-0.01446030042296964,0.023812852642716,0.01331301796585511,64525.670703125,TREND_UP,0.038129633373467205,HIGH_VOLATILITY
2024-05-23,67929.5625,70041.2734375,66356.953125,-0.017255976976508713,0.0542373625989421,0.012674039706128857,64777.65703125,TREND_UP,0.03898187264239462,HIGH_VOLATILITY
2024-05-24,68526.1015625,69220.296875,66622.671875,0.008781729788116976,0.03790708855122609,0.013076037444816294,65009.3884765625,TREND_UP,0.037558543973171155,HIGH_VOLATILITY
2024-05-25,69265.9453125,69579.3203125,68515.8203125,0.010796524727518797,0.015353865383658839,0.01210626894688046,65271.1291015625,TREND_UP,0.02983847106946508,HIGH_VOLATILITY
2024-05-26,68518.09375,69506.2265625,68183.890625,-0.010796814497022966,0.019299076566910475,0.011672181687834815,65538.936328125,TREND_UP,0.029507506076711373,HIGH_VOLATILITY
2024-05-27,69394.5546875,70597.8828125,68232.5,0.012791671360530277,0.034086000308696775,0.012267080103867591,65891.9232421875,TREND_UP,0.028594318458658542,HIGH_VOLATILITY
2024-05-28,68296.21875,69514.640625,67227.15625,-0.015827408107827234,0.03349357280486338,0.013899296763076632,66247.337109375,TREND_UP,0.02923838496425346,HIGH_VOLATILITY
2024-05-29,67578.09375,68852.4609375,67101.4921875,-0.01051485738366742,0.025910300998983123,0.012156410753155891,66473.74375,TREND_UP,0.029267895958561187,HIGH_VOLATILITY
2024-05-30,68364.9921875,69500.5390625,67118.078125,0.011644282841286824,0.034849136396677804,0.012726288211002685,66852.3544921875,TREND_UP,0.013448733268838038,LOW_VOLATILITY
2024-05-31,67491.4140625,68999.5625,66633.421875,-0.012778150001159894,0.03505839458051435,0.014564635932359231,67187.2396484375,TREND_UP,0.01290636864228114,LOW_VOLATILITY
2024-06-01,67706.9375,67839.765625,67386.1953125,0.0031933460054698326,0.0066990227183145006,0.014665141716374522,67500.166796875,TREND_UP,0.012480761953535709,LOW_VOLATILITY
2024-06-02,67751.6015625,68409.1640625,67315.5234375,0.0006596674454519835,0.01614191546440611,0.014619438606019365,67742.6744140625,TREND_UP,0.011274522231490508,LOW_VOLATILITY
2024-06-03,68804.78125,70230.8203125,67589.8359375,0.015544720172089965,0.038383733325218584,0.013797677667497092,68105.2740234375,TREND_UP,0.012049676085252618,LOW_VOLATILITY
2024-06-04,70567.765625,71047.40625,68564.640625,0.025622992224831664,0.035182715550234625,0.014032641696696968,68320.2876953125,TREND_UP,0.014184370262903949,LOW_VOLATILITY
2024-06-05,71082.8203125,71735.4140625,70390.7109375,0.007298724608017615,0.018917413787020665,0.015203606306093999,68612.849609375,TREND_UP,0.013515452823985724,LOW_VOLATILITY
2024-06-06,70757.1640625,71625.734375,70119.125,-0.004581363662391591,0.02129267608392569,0.016334917024476796,68798.1140625,TREND_UP,0.013341471618508485,LOW_VOLATILITY
2024-06-07,69342.5859375,71907.8515625,68507.2578125,-0.01999201273457618,0.04904048073812866,0.015593596055629662,68918.203125,TREND_UP,0.014009003940794126,LOW_VOLATILITY
2024-06-08,69305.7734375,69533.3203125,69210.7421875,-0.0005308786729295578,0.00465441923523011,0.015861661373395636,69069.5734375,TREND_UP,0.013391034426159952,LOW_VOLATILITY
2024-06-09,69647.9921875,69817.5234375,69160.84375,0.00493781012787653,0.009428551590290594,0.016093957271455246,68979.56328125,TREND_UP,0.013051845074268943,LOW_VOLATILITY
2024-06-10,69512.28125,70146.0703125,69232.421875,-0.0019485261992140401,0.013143698078531985,0.016081889007112646,68948.35078125,TREND_UP,0.012110505178142297,LOW_VOLATILITY
2024-06-11,67332.03125,69549.4140625,66123.6015625,-0.03136496113771259,0.05087938736439056,0.013540677527844226,68858.835546875,TREND_DOWN,0.016271576529773808,LOW_VOLATILITY
2024-06-12,68241.1875,69977.890625,66902.453125,0.013502581655740586,0.045067174424536505,0.011081003216897036,68874.416796875,TREND_DOWN,0.016863673970422488,LOW_VOLATILITY
2024-06-13,66756.3984375,68365.78125,66304.5625,-0.021757960505889518,0.03087672190598771,0.009004764157352766,68785.931640625,TREND_DOWN,0.017369853051596135,LOW_VOLATILITY
2024-06-14,66011.09375,67294.6484375,65056.89453125,-0.011164543099157487,0.03389966411895728,0.009022280833709734,68623.1890625,TREND_DOWN,0.014283584004985597,LOW_VOLATILITY
2024-06-15,66191.0,66402.1875,65871.7734375,0.0027253941690672523,0.008013386449819462,0.00898651720953471,68506.834375,TREND_DOWN,0.013857403464517096,LOW_VOLATILITY
2024-06-16,66639.046875,66894.84375,66018.25,0.006768999939568809,0.013154356058607718,0.008576483621087424,68369.058984375,TREND_DOWN,0.014527740499699286,LOW_VOLATILITY
2024-06-17,66490.296875,67188.3203125,65094.96484375,-0.0022321747830370553,0.031483623432836415,0.01640438069173324,68278.762890625,TREND_DOWN,0.013671541110645832,LOW_VOLATILITY
2024-06-18,65140.74609375,66556.703125,64066.95703125,-0.02029695827328193,0.03822102513481775,0.021627229458404066,68156.8955078125,TREND_DOWN,0.014500874836809638,LOW_VOLATILITY
2024-06-19,64960.296875,65695.3515625,64693.30078125,-0.0027701435671353414,0.015425588081566168,0.021749104998791107,67986.6607421875,TREND_DOWN,0.01404774922631085,LOW_VOLATILITY
2024-06-20,64828.65625,66438.9609375,64547.84765625,-0.00202647819256907,0.029170946779419015,0.023268748945487378,67853.5228515625,TREND_DOWN,0.014044746101494693,LOW_VOLATILITY
2024-06-21,64096.19921875,65007.546875,63378.89453125,-0.011298352821403679,0.025409499527291345,0.023834543165388366,67672.9859375,TREND_DOWN,0.011324988141006687,LOW_VOLATILITY
2024-06-22,64252.578125,64475.46875,63929.7578125,0.0024397531859308152,0.00849321464484037,0.024498068026559624,67498.034765625,TREND_DOWN,0.00976543232527286,LOW_VOLATILITY
2024-06-23,63180.796875,64491.703125,63180.796875,-0.01668075089399379,0.02074849186523496,0.027586610642994336,67216.835546875,TREND_DOWN,0.008950895738861316,LOW_VOLATILITY
2024-06-24,60277.4140625,63292.52734375,58601.69921875,-0.04595356431233677,0.07782065966095043,0.0191570003218353,66702.31796875,TREND_DOWN,0.015661973188648107,LOW_VOLATILITY
2024-06-25,61804.640625,62258.26171875,60239.75,0.025336630415439876,0.03265954948265667,0.018226045621659026,66238.408984375,TREND_DOWN,0.0188414830857223,LOW_VOLATILITY
2024-06-26,60811.27734375,62434.13671875,60695.1875,-0.016072632592061153,0.028595834435777134,0.020897111138831637,65741.1146484375,TREND_DOWN,0.018410693024097306,LOW_VOLATILITY
2024-06-27,61604.80078125,62293.86328125,60585.33203125,0.013048951973404943,0.027733735493549516,0.02729947849858387,65354.225390625,TREND_DOWN,0.01962487955202165,LOW_VOLATILITY
2024-06-28,60320.13671875,62126.09765625,59985.40234375,-0.020853310881755127,0.035488900207260025,0.026968339752162104,64904.9435546875,TREND_DOWN,0.019666163065683712,LOW_VOLATILITY
2024-06-29,60887.37890625,61097.62109375,60300.96484375,0.009403861104374522,0.013084095001472043,0.029986753853272766,64466.912890625,TREND_DOWN,0.02035505916268853,LOW_VOLATILITY
2024-06-30,62678.29296875,62892.828125,60632.94921875,0.029413551620566913,0.03605520825809224,0.028119348523243343,64125.2134765625,TREND_DOWN,0.02329792405660622,LOW_VOLATILITY
2024-07-01,62851.98046875,63777.2265625,62495.51171875,0.002771094932125795,0.02039259279009145,0.029862822557169565,63901.2109375,TREND_DOWN,0.023173760626199205,LOW_VOLATILITY
2024-07-02,62029.015625,63203.359375,61752.74609375,-0.013093697885290578,0.02338604388016999,0.03303466417509285,63590.60234375,TREND_DOWN,0.023384001538197037,LOW_VOLATILITY
2024-07-03,60173.921875,62187.703125,59419.38671875,-0.02990687070088416,0.04600525144431597,0.0317310404481872,63261.478515625,TREND_DOWN,0.024570846830454345,LOW_VOLATILITY
2024-07-04,56977.703125,60399.67578125,56777.8046875,-0.05311634426354228,0.06356646363585755,0.024029759934084717,62809.808984375,TREND_DOWN,0.025974904861857922,HIGH_VOLATILITY
2024-07-05,56662.375,57497.15234375,53717.375,-0.005534237213954074,0.0667070051996585,0.024010173113126525,62333.377734375,TREND_DOWN,0.02365959346263245,LOW_VOLATILITY
2024-07-06,58303.5390625,58472.546875,56038.9609375,0.02896391234041995,0.04173993511596704,0.023037451935279604,61916.60234375,TREND_DOWN,0.02618694998541115,HIGH_VOLATILITY
2024-07-07,55849.109375,58371.12109375,55793.32421875,-0.042097439142912196,0.04615645448688053,0.013503118584669425,61384.54296875,TREND_DOWN,0.02796931044967542,HIGH_VOLATILITY
2024-07-08,56705.09765625,58131.3359375,54321.01953125,0.015326802715911692,0.06719530630823328,0.024882949602167297,60962.760546875,TREND_DOWN,0.02865549271128379,HIGH_VOLATILITY
2024-07-09,58009.2265625,58239.1953125,56316.875,0.02299844211812685,0.03313818208606632,0.025530033110406913,60615.20703125,TREND_DOWN,0.029757523406948302,HIGH_VOLATILITY
2024-07-10,57742.49609375,59359.43359375,57178.4140625,-0.004598069730556098,0.03777147991158754,0.02723947104486119,60260.8990234375,TREND_DOWN,0.027302272053658917,HIGH_VOLATILITY
2024-07-11,57344.9140625,59299.43359375,57120.37890625,-0.006885432015347748,0.037999092388996465,0.02665879622792444,59923.334765625,TREND_DOWN,0.027055369008835713,HIGH_VOLATILITY
2024-07-12,57899.46484375,58532.5546875,56590.17578125,0.009670444019596935,0.033547441439947465,0.02822855875562334,59605.6791015625,TREND_DOWN,0.027605510645939583,HIGH_VOLATILITY
2024-07-13,59231.953125,59787.078125,57796.44140625,0.023013827240820017,0.03360748065404943,0.028675966565799692,59408.2369140625,TREND_DOWN,0.02769595777902875,HIGH_VOLATILITY
2024-07-14,60787.79296875,61329.52734375,59225.25,0.026266900915231206,0.034616774865173575,0.02848294482264429,59433.755859375,TREND_UP,0.021951072474767682,LOW_VOLATILITY
2024-07-15,64870.15234375,64870.15234375,60704.9296875,0.06715755212726138,0.0642086152993489,0.018937833425352574,59587.0314453125,TREND_UP,0.02850313077689216,HIGH_VOLATILITY
2024-07-16,65097.1484375,65354.33984375,62487.96875,0.003499237870556282,0.04403220667187923,0.02223607389049483,59801.325,TREND_UP,0.02815123094857309,HIGH_VOLATILITY
2024-07-17,64118.79296875,66066.734375,63896.0859375,-0.01502916014346345,0.033853544912455284,0.021520753213221555,59927.024609375,TREND_UP,0.023318506065170632,LOW_VOLATILITY
2024-07-18,63974.06640625,65104.66015625,63246.1640625,-0.0022571629283560934,0.029050773198441435,0.021415779365645864,60109.72109375,TREND_UP,0.023875570139946567,LOW_VOLATILITY
2024-07-19,66710.15625,67442.640625,63329.34375,0.042768734230136385,0.06165923011160688,0.018470213899545774,60400.8599609375,TREND_UP,0.025607894655674854,LOW_VOLATILITY
2024-07-20,67163.6484375,67610.734375,66299.6171875,0.0067979482134701286,0.019521232363070285,0.018428340312468903,60625.127734375,TREND_UP,0.024914636602557643,LOW_VOLATILITY
2024-07-21,68154.5234375,68372.90625,65842.296875,0.014753144342986024,0.03713046834405136,0.017691379222346704,60890.2548828125,TREND_UP,0.023662598186570863,LOW_VOLATILITY
2024-07-22,67585.25,68480.0625,66611.296875,-0.00835268752223095,0.027650495115428293,0.019306786338523844,61168.0666015625,TREND_UP,0.02498835289977099,LOW_VOLATILITY
2024-07-23,65927.671875,67779.015625,65484.4609375,-0.02452573786440093,0.03480412127779235,0.016991542514441436,61455.7541015625,TREND_UP,0.027836354927372044,HIGH_VOLATILITY
2024-07-24,65372.1328125,67113.984375,65146.99609375,-0.008426492953570563,0.030089094490640303,0.01923570251459189,61875.4755859375,TREND_UP,0.027899016990100726,HIGH_VOLATILITY
2024-07-25,65777.2265625,66112.421875,63473.47265625,0.00619673448871394,0.040119496620042674,0.019680484741488247,62331.2181640625,TREND_UP,0.01853866802920245,LOW_VOLATILITY
2024-07-26,67912.0625,68207.6015625,65743.765625,0.032455548053117234,0.036279798415782175,0.02429204880118817,62811.6443359375,TREND_UP,0.02097904615682931,LOW_VOLATILITY
2024-07-27,67813.3359375,69398.5078125,66705.21875,-0.0014537411892032726,0.03971621547983222,0.02370478443765143,63409.8556640625,TREND_UP,0.01999553875965156,LOW_VOLATILITY
2024-07-28,68255.8671875,68301.8515625,67085.828125,0.006525726007755361,0.01781566168018294,0.023313887612162527,63987.394140625,TREND_UP,0.01979440383343065,LOW_VOLATILITY
2024-07-29,66819.9140625,69987.5390625,66532.59375,-0.021037797689324123,0.05170532409347934,0.029598740160714544,64427.928515625,TREND_UP,0.016945474095125295,LOW_VOLATILITY
2024-07-30,66201.015625,66987.671875,65323.19140625,-0.009262185475442442,0.02514282376238091,0.03888939303410978,64850.8544921875,TREND_UP,0.01702137464031428,LOW_VOLATILITY
2024-07-31,64619.25,66810.2109375,64532.046875,-0.023893373992326827,0.03525519195131482,0.03892806930408507,65214.5712890625,TREND_DOWN,0.017352428941533195,LOW_VOLATILITY
2024-08-01,65357.5,65593.2421875,62248.94140625,0.011424614182306447,0.051169349825957236,0.06686898942432405,65587.473046875,TREND_DOWN,0.01806282677986078,LOW_VOLATILITY
2024-08-02,61415.06640625,65523.22265625,61184.89453125,-0.06032105869640059,0.07063947625331402,0.06278160276102308,65696.6287109375,TREND_DOWN,0.024980687500914662,LOW_VOLATILITY
2024-08-03,60680.09375,62148.37109375,59836.52734375,-0.011967302150066583,0.03809888230438009,0.06254714212860771,65691.24375,TREND_DOWN,0.025031672847116528,LOW_VOLATILITY
2024-08-04,58116.9765625,61062.98828125,57210.8046875,-0.04223983565450573,0.06628327593069634,0.061904208665992076,65353.5849609375,TREND_DOWN,0.026790197808251967,HIGH_VOLATILITY
2024-08-05,53991.45703125,58268.828125,49121.23828125,-0.07098647891315102,0.16942661574136475,0.05262135530011087,64798.300390625,TREND_DOWN,0.027683301313813677,HIGH_VOLATILITY
2024-08-06,56034.31640625,57059.91796875,53973.2734375,0.03783671505322772,0.05508489670636402,0.05177196540223584,64394.0765625,TREND_DOWN,0.033210493664208675,HIGH_VOLATILITY
2024-08-07,55027.4609375,57726.8828125,54620.5078125,-0.017968550940289485,0.056451359867906864,0.05324322701944152,63946.7462890625,TREND_DOWN,0.03205154961825587,HIGH_VOLATILITY
2024-08-08,61710.13671875,62673.765625,54766.7265625,0.12144256099404904,0.12813193233612666,0.021518810502116643,63696.7453125,TREND_DOWN,0.055237239814952516,HIGH_VOLATILITY
2024-08-09,60880.11328125,61751.86328125,59587.859375,-0.013450358103773374,0.03554533310824957,0.024675220138024784,63382.5685546875,TREND_DOWN,0.05527558692659737,HIGH_VOLATILITY
2024-08-10,60945.8125,61464.51171875,60287.56640625,0.001079157301276501,0.019311340094120496,0.02522726220927018,63022.1330078125,TREND_DOWN,0.054991568264448225,HIGH_VOLATILITY
2024-08-11,58719.484375,61778.66015625,58348.82421875,-0.036529632368097475,0.05841052546708437,0.021735590665923548,62578.8447265625,TREND_DOWN,0.055535326576097395,HIGH_VOLATILITY
2024-08-12,59354.515625,60680.33203125,57688.8984375,0.010814659848586317,0.05039942727609446,0.02241443467439685,62250.1869140625,TREND_DOWN,0.05276200791799986,HIGH_VOLATILITY
2024-08-13,60609.56640625,61572.3984375,58506.25390625,0.021144992390795814,0.05058845844067649,0.020586224448486307,62012.05859375,TREND_DOWN,0.05311853257166104,HIGH_VOLATILITY
2024-08-14,58737.26953125,61687.7578125,58472.875,-0.0308911115194338,0.05473326966262171,0.021483418499906266,61660.0607421875,TREND_DOWN,0.052202694626253966,HIGH_VOLATILITY
2024-08-15,57560.09765625,59838.6484375,56161.59375,-0.020041310813293967,0.0638820091908016,0.02017984798297417,61142.4625,TREND_DOWN,0.0464279054002184,HIGH_VOLATILITY
2024-08-16,58894.10546875,59847.359375,57110.01953125,0.023175912946963972,0.046479012151775856,0.02868755207584993,60696.5009765625,TREND_DOWN,0.04558178857083868,HIGH_VOLATILITY
2024-08-17,59478.97265625,59694.66796875,58814.83203125,0.00993082725079053,0.014792386253624163,0.028999272360803068,60257.65625,TREND_DOWN,0.04480729785040337,HIGH_VOLATILITY
2024-08-18,58483.96484375,60262.71875,58445.40234375,-0.016728732324455264,0.031073755192645953,0.026732643632335115,59840.8587890625,TREND_DOWN,0.021309591885521596,LOW_VOLATILITY
2024-08-19,59493.453125,59612.66015625,57864.7109375,0.01726094125025579,0.02938053057833832,0.029970858020874687,59505.4806640625,TREND_DOWN,0.022175805772563978,LOW_VOLATILITY
2024-08-20,59012.79296875,61396.328125,58610.8828125,-0.008079210921579816,0.04720070297257447,0.03801149045108866,59225.1578125,TREND_DOWN,0.022219982761957118,LOW_VOLATILITY
2024-08-21,61175.19140625,61834.3515625,58823.4453125,0.03664287570061453,0.04921776590783807,0.034801033931416404,59016.0423828125,TREND_UP,0.0219964880501303,LOW_VOLATILITY
2024-08-22,60381.9140625,61408.109375,59815.25390625,-0.012967304646127387,0.026379678310648948,0.03478145838678743,58964.384765625,TREND_UP,0.022496576133552437,LOW_VOLATILITY
2024-08-23,64094.35546875,64947.0625,60372.05078125,0.061482671821355916,0.07137932326943523,0.020943721958391122,59135.0978515625,TREND_UP,0.02899858687786396,HIGH_VOLATILITY
2024-08-24,64178.9921875,64513.7890625,63619.91796875,0.0013205019089592707,0.013927783271176036,0.02060537390262483,59438.1986328125,TREND_UP,0.026091353734431708,HIGH_VOLATILITY
2024-08-25,64333.54296875,64996.421875,63833.51953125,0.0024081210374646833,0.018076143331867786,0.02029489254501923,59955.3029296875,TREND_UP,0.024192558581782504,LOW_VOLATILITY
2024-08-26,62880.66015625,64489.70703125,62849.55859375,-0.022583597070127692,0.026083511741518794,0.026638365198656765,60297.6201171875,TREND_UP,0.02598808650399232,HIGH_VOLATILITY
2024-08-27,59504.1328125,63210.796875,58116.75,-0.05369739018896724,0.08560828692439824,0.020496103243993424,60521.4537109375,TREND_DOWN,0.032201529655824235,HIGH_VOLATILITY
2024-08-28,59027.625,60236.44921875,57890.67578125,-0.00800797843742207,0.03974026462186137,0.02110063086500577,60387.328125,TREND_DOWN,0.031798489210638166,HIGH_VOLATILITY
2024-08-29,59388.1796875,61184.08203125,58786.2265625,0.006108236397788236,0.040375971807310666,0.023211585094194923,60312.7314453125,TREND_DOWN,0.03137225145374378,HIGH_VOLATILITY
2024-08-30,59119.4765625,59896.88671875,57768.53125,-0.004524521990973862,0.03600091869047491,0.025985148288984673,60221.4146484375,TREND_DOWN,0.031287253243334125,HIGH_VOLATILITY
2024-08-31,58969.8984375,59432.59375,58768.78515625,-0.002530098940268344,0.011256736255931423,0.026477624159681155,60233.9353515625,TREND_DOWN,0.028613728741235005,HIGH_VOLATILITY
2024-09-01,57325.48828125,59062.0703125,57217.82421875,-0.027885585694078285,0.03217148512894944,0.02684897480215588,60132.483984375,TREND_DOWN,0.029547464197676055,HIGH_VOLATILITY
2024-09-02,59112.48046875,59403.0703125,57136.02734375,0.031172733823612075,0.03835134223387021,0.028932902037048562,60057.6296875,TREND_DOWN,0.022771320362906078,LOW_VOLATILITY
2024-09-03,57431.0234375,59815.05859375,57425.16796875,-0.02844504270361159,0.04161323413643894,0.027355194180076765,59992.3173828125,TREND_DOWN,0.023380727033568763,LOW_VOLATILITY
2024-09-04,57971.5390625,58511.5703125,55673.1640625,0.00941156177702851,0.048962064763191315,0.027153341499947626,60012.889453125,TREND_DOWN,0.023918966631588764,LOW_VOLATILITY
2024-09-05,56160.48828125,58300.58203125,55712.453125,-0.031240343288065575,0.04608451574154288,0.024006426891599607,59876.20859375,TREND_DOWN,0.024568870069899894,LOW_VOLATILITY
2024-09-06,53948.75390625,56976.109375,52598.69921875,-0.03938239218868078,0.08114015318791032,0.017723170445177423,59599.69765625,TREND_DOWN,0.02209482179733995,LOW_VOLATILITY
2024-09-07,54139.6875,54838.14453125,53740.0703125,0.003539165966313096,0.020282241539536037,0.019870574806748417,59382.4837890625,TREND_DOWN,0.022481689735152736,LOW_VOLATILITY
2024-09-08,54841.56640625,55300.859375,53653.7578125,0.012964221602682846,0.030033816873478083,0.0226772911833539,59149.889453125,TREND_DOWN,0.02306939095980928,LOW_VOLATILITY
2024-09-09,57019.53515625,58041.125,54598.43359375,0.039713831911113884,0.06037740218007795,0.020788820094798034,59050.2265625,TREND_DOWN,0.027550661715658068,HIGH_VOLATILITY
2024-09-10,57648.7109375,58029.9765625,56419.4140625,0.011034389872275785,0.02793752841665611,0.024307292359984432,58873.9025390625,TREND_DOWN,0.027922452644479477,HIGH_VOLATILITY
2024-09-11,57343.171875,57991.3203125,55567.33984375,-0.005300015516934153,0.042271475216507634,0.02426721579233536,58721.9654296875,TREND_DOWN,0.026463390800877503,HIGH_VOLATILITY
2024-09-12,58127.01171875,58534.359375,57330.1015625,0.013669279499548104,0.0207176969345483,0.02457159877332523,58423.5982421875,TREND_DOWN,0.024719342485372678,LOW_VOLATILITY
2024-09-13,60571.30078125,60648.0234375,57650.11328125,0.04205082955798245,0.049493904168853686,0.02062671021557952,58243.213671875,TREND_UP,0.026160795090943035,HIGH_VOLATILITY
2024-09-14,60005.12109375,60656.72265625,59517.8828125,-0.00934732588201681,0.01897904417142521,0.019563147506523326,58026.792578125,TREND_UP,0.02653073178706672,HIGH_VOLATILITY
2024-09-15,59182.8359375,60381.91796875,58696.30859375,-0.013703582981947293,0.028481389042932764,0.017295788924633917,57841.9013671875,TREND_UP,0.02445803656572347,LOW_VOLATILITY
2024-09-16,58192.5078125,59205.51171875,57501.33984375,-0.016733367188517922,0.02928507361275701,0.014562653474997902,57776.3201171875,TREND_UP,0.02057851013562755,LOW_VOLATILITY
2024-09-17,60308.5390625,61316.08984375,57628.0703125,0.0363626062794542,0.06115252646773564,0.010307627991754652,57840.3658203125,TREND_UP,0.022365510823857866,LOW_VOLATILITY
2024-09-18,61649.6796875,61664.06640625,59218.25390625,0.02223798894564699,0.039672752760399325,0.012784885633223775,57953.4408203125,TREND_UP,0.022643272582859034,LOW_VOLATILITY
2024-09-19,62940.45703125,63872.44140625,61609.8671875,0.020937291974474137,0.03594785175497899,0.015739251165580136,58144.48984375,TREND_UP,0.020792534185235217,LOW_VOLATILITY
2024-09-20,63192.9765625,64119.53125,62364.60546875,0.004012038411551844,0.027770899183935716,0.01580620016681757,58355.64375,TREND_UP,0.02087666537093567,LOW_VOLATILITY
2024-09-21,63394.83984375,63543.359375,62783.10546875,0.003194394254405042,0.011992362598025432,0.015868126927396364,58659.111328125,TREND_UP,0.020378104928318704,LOW_VOLATILITY
2024-09-22,63648.7109375,63993.421875,62440.7265625,0.004004601863112578,0.024394764475665073,0.01627317173851763,58885.9228515625,TREND_UP,0.02042799167351988,LOW_VOLATILITY
2024-09-23,63329.80078125,64733.55859375,62628.078125,-0.005010473135318549,0.03324628283645838,0.022136698248125895,59180.86171875,TREND_UP,0.017212939043889368,LOW_VOLATILITY
2024-09-24,64301.96875,64695.21484375,62737.41796875,0.01535087678718594,0.030446919636500244,0.02532774984117258,59497.383203125,TREND_UP,0.016755918148051593,LOW_VOLATILITY
2024-09-25,63143.14453125,64804.50390625,62945.375,-0.018021597802944433,0.02944308396503604,0.024925900098462572,59846.516015625,TREND_UP,0.017394085882357673,LOW_VOLATILITY
2024-09-26,65181.01953125,65790.796875,62669.26953125,0.032273891570151925,0.047890127619949756,0.019268776027631457,60408.129296875,TREND_UP,0.016977901777252606,LOW_VOLATILITY
2024-09-27,65790.6640625,66480.6953125,64852.9921875,0.00935309904070647,0.02474063984904773,0.0216861719638981,60990.678125,TREND_UP,0.01456630959281972,LOW_VOLATILITY
2024-09-28,65887.6484375,66255.53125,65458.03515625,0.0014741358273548943,0.012103878536604511,0.021608420903836356,61542.9822265625,TREND_UP,0.013908233134470736,LOW_VOLATILITY
2024-09-29,65635.3046875,66069.34375,65450.015625,-0.003829909793174213,0.009435899291527914,0.02290113519289012,61973.770703125,TREND_UP,0.013294119274142445,LOW_VOLATILITY
2024-09-30,63329.5,65635.0546875,62873.6171875,-0.035130555094979754,0.04360428394350185,0.019210460235340555,62257.81015625,TREND_UP,0.018228538453146294,LOW_VOLATILITY
2024-10-01,60837.0078125,64110.98046875,60189.27734375,-0.039357521968434894,0.06446245905266595,0.010330839078008365,62432.501953125,TREND_DOWN,0.022058999869722828,LOW_VOLATILITY
2024-10-02,60632.78515625,62357.6875,59996.94921875,-0.0033568819965540397,0.038935013048904225,0.014814521530739975,62557.790625,TREND_DOWN,0.021888467913995596,LOW_VOLATILITY
2024-10-03,60759.40234375,61469.0390625,59878.8046875,0.0020882627636797935,0.02617264676178269,0.014891518208778575,62567.195703125,TREND_DOWN,0.021989473136868574,LOW_VOLATILITY
2024-10-04,62067.4765625,62465.9921875,60459.94140625,0.021528753876634443,0.03232048235809893,0.018992618930546042,62670.3134765625,TREND_DOWN,0.02266724020683153,LOW_VOLATILITY
2024-10-05,62089.94921875,62371.0234375,61689.58203125,0.0003620681473552878,0.010975067862420114,0.019427955365831914,62815.669140625,TREND_DOWN,0.02207825398891901,LOW_VOLATILITY
2024-10-06,62818.953125,62959.5703125,61833.1484375,0.011741093613744757,0.017931242387287077,0.019174364025454506,63046.99140625,TREND_DOWN,0.019382694126763935,LOW_VOLATILITY
2024-10-07,62236.66015625,64443.70703125,62152.55078125,-0.009269383518558882,0.036813611852690574,0.026331553159845082,63143.3974609375,TREND_DOWN,0.01889776213146065,LOW_VOLATILITY
2024-10-08,62131.96875,63174.3046875,61843.5625,-0.001682150134457161,0.0214179948627493,0.025977208526805736,63167.5119140625,TREND_DOWN,0.01879674624823179,LOW_VOLATILITY
2024-10-09,60582.1015625,62508.8359375,60314.61328125,-0.024944762232405493,0.03621899207287012,0.02077265617062907,63049.594140625,TREND_DOWN,0.019727406134526497,LOW_VOLATILITY
2024-10-10,60274.5,61236.72265625,58895.20703125,-0.005077433013489285,0.03884753295340484,0.020457018027832855,62903.6703125,TREND_DOWN,0.017233029568150135,LOW_VOLATILITY
2024-10-11,62445.08984375,63400.87109375,60046.125,0.036011743668549645,0.05372313663322833,0.01852907370310641,62856.1828125,TREND_DOWN,0.01691690869957383,LOW_VOLATILITY
2024-10-12,63193.0234375,63448.78515625,62443.26953125,0.011977460447594401,0.0159118138411986,0.01929449911420976,62833.3984375,TREND_UP,0.01699763603815157,LOW_VOLATILITY
2024-10-13,62851.375,63272.65234375,62035.63671875,-0.005406426515387475,0.01968160004454954,0.01790154942862405,62809.4771484375,TREND_UP,0.017267780969605018,LOW_VOLATILITY
2024-10-14,66046.125,66482.4921875,62442.15234375,0.050830232433260125,0.06117451771394612,0.013707125261590838,62896.6849609375,TREND_UP,0.022389063514543037,LOW_VOLATILITY
2024-10-15,67041.109375,67881.6796875,64809.1953125,0.015064992457922477,0.04582985579510333,0.012622328007422422,63091.583203125,TREND_UP,0.022427275707805935,LOW_VOLATILITY
2024-10-16,67612.71875,68375.2890625,66758.7265625,0.008526251733136592,0.023909148010706194,0.013139189423703061,63213.1681640625,TREND_UP,0.02238949826908427,LOW_VOLATILITY
2024-10-17,67399.8359375,67912.2109375,66647.390625,-0.0031485616380424464,0.018765925686716364,0.0169504197479518,63293.6267578125,TREND_UP,0.021956467934924617,LOW_VOLATILITY
2024-10-18,68418.7890625,68969.75,67177.8203125,0.015118035686984221,0.026190608048661707,0.017894384475670943,63420.1837890625,TREND_UP,0.021756857226784422,LOW_VOLATILITY
2024-10-19,68362.734375,68668.0078125,68024.640625,-0.0008192879217548965,0.009411080369764686,0.01822189364867624,63556.5552734375,TREND_UP,0.018568262087833704,LOW_VOLATILITY
2024-10-20,69001.703125,69359.0078125,68105.71875,0.009346740674458287,0.018163161280665852,0.018760316512821302,63840.1654296875,TREND_UP,0.017602846812263012,LOW_VOLATILITY
2024-10-21,67367.8515625,69462.734375,66829.8515625,-0.023678423698328066,0.039082184624180324,0.019240204275095894,64166.7076171875,TREND_UP,0.01925780102696995,LOW_VOLATILITY
2024-10-22,67361.40625,67801.578125,66581.3671875,-9.567341618454961e-05,0.018114392282301855,0.02297554248054052,64503.138671875,TREND_UP,0.019343744894372936,LOW_VOLATILITY
2024-10-23,66432.1953125,67402.7421875,65188.03515625,-0.01379441121005398,0.03333785705608432,0.021609991618026646,64786.7783203125,TREND_UP,0.020088488602533424,LOW_VOLATILITY
2024-10-24,68161.0546875,68798.9609375,66454.1015625,0.02602442034118191,0.034401747240422643,0.02558384159829095,65091.4572265625,TREND_UP,0.014713839316192906,LOW_VOLATILITY
2024-10-25,66642.4140625,68722.15625,65521.79296875,-0.022280180844656217,0.04802291943158853,0.02384789718812875,65319.08046875,TREND_UP,0.01606076224360119,LOW_VOLATILITY
2024-10-26,67014.6953125,67317.921875,66360.59375,0.00558625096700216,0.014285346229447576,0.02409347552056054,65528.867578125,TREND_UP,0.015903719284006454,LOW_VOLATILITY
2024-10-27,67929.296875,68221.3125,66847.2265625,0.01364777618155344,0.02022817842540785,0.024185538376098627,65813.4994140625,TREND_UP,0.01650082704184416,LOW_VOLATILITY
2024-10-28,69907.7578125,70212.265625,67535.1328125,0.029125296867722028,0.03829521781660275,0.02141051476663561,66202.2888671875,TREND_UP,0.018334046574974266,LOW_VOLATILITY
2024-10-29,72720.4921875,73577.2109375,69729.9140625,0.04023493905417541,0.052905264517190874,0.015626679519764163,66809.2083984375,TREND_UP,0.02182126083516556,LOW_VOLATILITY
2024-10-30,72339.5390625,72905.296875,71411.734375,-0.005238593875544262,0.020646558152790966,0.039988450296438986,67412.4603515625,TREND_UP,0.022089081596254792,LOW_VOLATILITY
2024-10-31,70215.1875,72662.3125,69590.5,-0.029366396164960396,0.04374854799041874,0.03680213857755959,67800.965234375,TREND_UP,0.0229641666563846,LOW_VOLATILITY
2024-11-01,69482.46875,71559.015625,68779.703125,-0.010435331387529279,0.04000019789164443,0.03557709118872242,68115.4375,TREND_UP,0.023416608296070448,LOW_VOLATILITY
2024-11-02,69289.2734375,69867.3515625,69033.71875,-0.0027804900426771084,0.012031195755746375,0.03517265005131039,68437.332421875,TREND_UP,0.022770719548871565,LOW_VOLATILITY
2024-11-03,68741.1171875,69361.65625,67482.5234375,-0.00791112711687536,0.027336372892724888,0.03539241026853687,68572.08203125,TREND_UP,0.021702152486130635,LOW_VOLATILITY
2024-11-04,67811.5078125,69433.1796875,66803.6484375,-0.013523338185854272,0.03877706505613619,0.04179404297819194,68610.601953125,TREND_DOWN,0.020814320810704025,LOW_VOLATILITY
2024-11-05,69359.5625,70522.7890625,67458.8671875,0.02282879023690776,0.04417446945401364,0.04542043830891484,68697.944140625,TREND_UP,0.021839438990891524,LOW_VOLATILITY
2024-11-06,75639.078125,76460.15625,69322.03125,0.09053568676993895,0.09437086195317772,0.03837922851987322,69109.90625,TREND_UP,0.03519688772584971,HIGH_VOLATILITY
2024-11-07,75904.859375,76943.1171875,74480.421875,0.003513808689745934,0.032444501350477606,0.04490716191426408,69484.209765625,TREND_UP,0.03468762423563162,HIGH_VOLATILITY
2024-11-08,76545.4765625,77252.75,75648.7421875,0.008439738809541852,0.020954965394856674,0.04525062635394154,69893.346875,TREND_UP,0.03289555708000734,HIGH_VOLATILITY
2024-11-09,76778.8671875,76932.765625,75773.7890625,0.0030490452928257916,0.015094994299273634,0.0460882660541813,70282.205078125,TREND_UP,0.03269576736239606,HIGH_VOLATILITY
2024-11-10,80474.1875,81474.421875,76565.4296875,0.048129393514959595,0.06100082945851426,0.0462120999287523,70937.521875,TREND_UP,0.03245036479081216,HIGH_VOLATILITY
2024-11-11,88701.484375,89604.5,80283.25,0.10223522760015435,0.10508561458332416,0.026801454701541123,72004.52578125,TREND_UP,0.041304476633101835,HIGH_VOLATILITY
2024-11-12,87955.8125,89956.8828125,85155.109375,-0.008406532091926988,0.05459302007471081,0.026885155789526306,73080.706640625,TREND_UP,0.041767472594965445,HIGH_VOLATILITY
2024-11-13,90584.1640625,93434.3515625,86256.9296875,0.029882636380625716,0.07923484142380365,0.02588998952958752,74201.862109375,TREND_UP,0.04014825562847885,HIGH_VOLATILITY
2024-11-14,87250.4296875,91765.21875,86682.8125,-0.03680261786927608,0.058250787625956355,0.02118073950159284,75232.262890625,TREND_UP,0.043408988983759764,HIGH_VOLATILITY
2024-11-15,91066.0078125,91868.7421875,87124.8984375,0.04373133907381366,0.05209236535071701,0.01806852492934703,76434.828515625,TREND_UP,0.0437232199986185,HIGH_VOLATILITY
2024-11-16,90558.4765625,91763.9453125,90094.2265625,-0.005573223886622736,0.018438017216948474,0.01930973105760653,77566.2875,TREND_UP,0.0388459047590626,HIGH_VOLATILITY
2024-11-17,89845.8515625,91433.0390625,88741.6640625,-0.007869224693816235,0.029955473215452614,0.017963261418830666,78563.1921875,TREND_UP,0.039505434267216324,HIGH_VOLATILITY
2024-11-18,90542.640625,92596.7890625,89393.59375,0.007755383808848215,0.035377754507587844,0.029921958937074316,79454.299609375,TREND_UP,0.03952381129758672,HIGH_VOLATILITY
2024-11-19,92343.7890625,94002.8671875,90426.984375,0.019892819836786257,0.03872358768037746,0.029591830838071428,80454.512109375,TREND_UP,0.039191690807877176,HIGH_VOLATILITY
2024-11-20,94339.4921875,94902.0234375,91619.5,0.02161166598491282,0.03479479655217961,0.03315965506464589,81660.72734375,TREND_UP,0.037899951653764245,HIGH_VOLATILITY
2024-11-21,98504.7265625,99014.21875,94132.6015625,0.044151545428309014,0.049557187333571,0.027729618501804876,83111.840234375,TREND_UP,0.025865668818088928,HIGH_VOLATILITY
2024-11-22,98997.6640625,99655.5,97222.6640625,0.005004201495724558,0.024574680226435268,0.02894224975851062,84597.259765625,TREND_UP,0.025093178518654898,LOW_VOLATILITY
2024-11-23,97777.28125,99014.6796875,97232.890625,-0.012327389984975179,0.01822293522300202,0.02883457323743809,86049.06796875,TREND_UP,0.025333197444118764,LOW_VOLATILITY
2024-11-24,98013.8203125,98647.1796875,95788.078125,0.002419161787646784,0.02917039202618827,0.029072312056112052,87559.18359375,TREND_UP,0.020136512446919472,LOW_VOLATILITY
2024-11-25,93102.296875,98935.03125,92642.9140625,-0.05011051933125821,0.06758283521133591,0.02098115662967709,88746.3203125,TREND_UP,0.024937543336820665,LOW_VOLATILITY
2024-11-26,91985.3203125,94991.75,90770.8125,-0.011997304040733403,0.04588707726037468,0.019816714951477125,89563.632421875,TREND_UP,0.025249288323707344,LOW_VOLATILITY
2024-11-27,95962.53125,97361.1796875,91778.6640625,0.04323745271515378,0.05817390967373008,0.015646071866550072,90566.516015625,TREND_UP,0.02807667595751085,HIGH_VOLATILITY
2024-11-28,95652.46875,96650.203125,94677.3515625,-0.0032310787967048116,0.020625202760383536,0.01849231535540945,91521.865625,TREND_UP,0.028256629801601582,HIGH_VOLATILITY
2024-11-29,97461.5234375,98693.171875,95407.8828125,0.018912786163713058,0.033708574898347304,0.021594996942084124,92555.9984375,TREND_UP,0.028204221918605988,HIGH_VOLATILITY
2024-11-30,96449.0546875,97499.34375,96144.21875,-0.010388394458550332,0.014050163626700916,0.0208015934099864,93354.741796875,TREND_UP,0.02802151849028191,HIGH_VOLATILITY
2024-12-01,97279.7890625,97888.125,95770.1875,0.008613193542348574,0.021771608680599363,0.020992795789683393,93783.65703125,TREND_UP,0.02414731950936974,LOW_VOLATILITY
2024-12-02,95865.3046875,98152.6015625,94482.8671875,-0.01454037255458307,0.03828010964928901,0.025948903878290998,94179.131640625,TREND_UP,0.024398192042332508,LOW_VOLATILITY
2024-12-03,96002.1640625,96297.203125,93629.5625,0.0014276215513644441,0.027787296787010904,0.026249943930024378,94450.031640625,TREND_UP,0.024197137706275972,LOW_VOLATILITY
2024-12-04,98768.53125,99207.328125,94660.5234375,0.02881567529768403,0.04603495293446515,0.02993810157257531,95025.93671875,TREND_UP,0.0260490710034857,HIGH_VOLATILITY
2024-12-05,96593.5703125,103900.46875,91998.78125,-0.022020788503929523,0.1232140758592482,0.028629125220400176,95302.31484375,TREND_UP,0.02092739597526129,LOW_VOLATILITY
2024-12-06,99920.7109375,102039.8828125,96514.875,0.03444474217316973,0.05529392015591112,0.02611192592694345,95770.4265625,TREND_UP,0.022130331156324744,LOW_VOLATILITY
2024-12-07,99923.3359375,100563.3828125,99030.8828125,2.627082989481444e-05,0.015336757781571137,0.026127732816740537,96274.30078125,TREND_UP,0.018524750690211107,LOW_VOLATILITY
2024-12-08,101236.015625,101399.9921875,98771.515625,0.013136868131795154,0.025963848401901187,0.027830088774158667,96808.96953125,TREND_UP,0.01851773299567573,LOW_VOLATILITY
2024-12-09,97432.71875,101272.5078125,94355.9140625,-0.03756861480096407,0.07098840963010693,0.020792649916008304,97063.416015625,TREND_UP,0.022313087726300855,LOW_VOLATILITY
2024-12-10,96675.4296875,98270.15625,94321.2578125,-0.007772430783165474,0.04084697063426228,0.019604572319179687,97180.212890625,TREND_DOWN,0.02219022390067503,LOW_VOLATILITY
2024-12-11,101173.03125,101913.359375,95747.2265625,0.04652269534294651,0.06094640771673034,0.02806588564446996,97313.628125,TREND_UP,0.026548750750234103,HIGH_VOLATILITY
2024-12-12,100043.0,102524.9140625,99339.953125,-0.011169293200355757,0.03183591992943034,0.029399521750268866,97365.894921875,TREND_UP,0.026303959745869566,HIGH_VOLATILITY
2024-12-13,101459.2578125,101888.8046875,99233.28125,0.014156490833941326,0.02617329847225468,0.028573386330169658,97549.99375,TREND_UP,0.026441854739433373,HIGH_VOLATILITY
2024-12-14,101372.96875,102618.8828125,100634.0546875,-0.0008504799301751742,0.019579461364053224,0.028516488778666294,97717.951171875,TREND_UP,0.025215595177969913,LOW_VOLATILITY
2024-12-15,104298.6953125,105047.5390625,101227.03125,0.02886101293644905,0.03663044682441123,0.02445356649240137,98277.77109375,TREND_UP,0.024759803793456214,LOW_VOLATILITY
2024-12-16,106029.71875,107780.578125,103322.984375,0.016596788984881483,0.04204098438203204,0.02132998961271601,98979.991015625,TREND_UP,0.023236458457250864,LOW_VOLATILITY
2024-12-17,106140.6015625,108268.4453125,105291.734375,0.001045771070669721,0.028044978958850057,0.030453005538227593,99488.89453125,TREND_UP,0.023208610939494168,LOW_VOLATILITY
2024-12-18,100041.5390625,106470.609375,100041.5390625,-0.057462106019896764,0.06426400845836147,0.02233101662655679,99708.348046875,TREND_UP,0.03049155960529082,HIGH_VOLATILITY
2024-12-19,97490.953125,102748.1484375,95587.6796875,-0.025495268879325628,0.07344752021060928,0.024346911025828293,99709.81953125,TREND_DOWN,0.02907862270506777,HIGH_VOLATILITY
2024-12-20,97755.9296875,98098.9140625,92175.1796875,0.002717960528709318,0.06059718723904137,0.024814259525674186,99775.16328125,TREND_DOWN,0.02893818570033565,HIGH_VOLATILITY
2024-12-21,97224.7265625,99507.1015625,96426.5234375,-0.005433973434635808,0.03168513025356445,0.025506381016851622,99772.41015625,TREND_DOWN,0.024237391867705176,LOW_VOLATILITY
2024-12-22,95104.9375,97360.265625,94202.1875,-0.021802983021374844,0.03320624783545018,0.02498495674724186,99734.391796875,TREND_DOWN,0.024827427059374085,LOW_VOLATILITY
2024-12-23,94686.2421875,96416.2109375,92403.1328125,-0.004402456102765462,0.04238290624157631,0.025135806365497965,99668.595703125,TREND_DOWN,0.023933270825136528,LOW_VOLATILITY
2024-12-24,98676.09375,99404.0625,93448.015625,0.04213760595334648,0.06035957290820503,0.017000788892037592,99663.973828125,TREND_DOWN,0.028508582616307954,HIGH_VOLATILITY
2024-12-25,99299.1953125,99478.75,97593.46875,0.0063146152104343045,0.01898586634128219,0.01765250439378331,99799.255078125,TREND_DOWN,0.02659563620613371,HIGH_VOLATILITY
2024-12-26,95795.515625,99884.5703125,95137.8828125,-0.03528406928650052,0.049550205654524865,0.016497517322969207,99592.9953125,TREND_DOWN,0.02706214548626038,HIGH_VOLATILITY
2024-12-27,94164.859375,97294.84375,93310.7421875,-0.017022260795415023,0.04230985517255226,0.014570391330300275,99305.071484375,TREND_DOWN,0.02686247546570951,HIGH_VOLATILITY
2024-12-28,95163.9296875,95525.8984375,94014.2890625,0.010609799867287384,0.0158842681251587,0.014500253512627624,99001.4671875,TREND_DOWN,0.02215416034315989,LOW_VOLATILITY
2024-12-29,93530.2265625,95174.875,92881.7890625,-0.017167251608511402,0.02451705744524936,0.011214739796029606,98806.342578125,TREND_DOWN,0.021433141435427124,LOW_VOLATILITY
2024-12-30,92643.2109375,94903.3203125,91317.1328125,-0.00948373223930199,0.03870966327386206,0.013635431555387658,98604.731640625,TREND_DOWN,0.021359608391995227,LOW_VOLATILITY
2024-12-31,93429.203125,96090.6015625,91914.03125,0.008484077565384274,0.04470304971896334,0.028143306678083103,98217.540234375,TREND_DOWN,0.021788449177853827,LOW_VOLATILITY
2025-01-01,94419.7578125,94929.8671875,92788.125,0.010602195613021781,0.022683199333693484,0.029505126454461655,97936.378125,TREND_DOWN,0.021209144942168395,LOW_VOLATILITY
2025-01-02,96886.875,97739.8203125,94201.5703125,0.026129247147606893,0.036519394396815875,0.02887746437311623,97707.758984375,TREND_DOWN,0.02273130723056546,LOW_VOLATILITY
2025-01-03,98107.4296875,98956.9140625,96034.6171875,0.012597729955682757,0.02978670304897748,0.030396300777336967,97544.48203125,TREND_UP,0.01854683791120805,LOW_VOLATILITY
2025-01-04,98236.2265625,98734.4296875,97562.9765625,0.0013128146911018934,0.011924858740931955,0.03032453883757533,97241.35859375,TREND_UP,0.018411931266839345,LOW_VOLATILITY
2025-01-05,98314.9609375,98813.3046875,97291.765625,0.0008014800420892421,0.015476170137190623,0.030278592517938872,96855.620703125,TREND_UP,0.013916438184883367,LOW_VOLATILITY
2025-01-06,102078.0859375,102482.875,97926.1484375,0.03827621924594227,0.04463961604148785,0.02391016875022268,96652.494921875,TREND_UP,0.016039589532336404,LOW_VOLATILITY
2025-01-07,96922.703125,102712.484375,96132.875,-0.05050430525956884,0.06788512043988662,0.0188554532645838,96496.553125,TREND_UP,0.024459258681015627,LOW_VOLATILITY
2025-01-08,95043.5234375,97258.3203125,92525.84375,-0.019388436629511285,0.04979273064946972,0.02227375402237434,96374.181640625,TREND_DOWN,0.02466295492214448,LOW_VOLATILITY
2025-01-09,92484.0390625,95349.71875,91220.84375,-0.026929603222076492,0.044644189871613824,0.01794424266716601,96110.587109375,TREND_DOWN,0.026129741069907505,HIGH_VOLATILITY
2025-01-10,94701.453125,95770.609375,92250.09375,0.023976181025154863,0.037174884955071805,0.022339609643732782,95984.4234375,TREND_DOWN,0.02712003616680808,HIGH_VOLATILITY
2025-01-11,94566.59375,94977.6875,93840.046875,-0.001424047578467369,0.012030047608646156,0.022235404998118644,95957.50625,TREND_DOWN,0.02694688310081177,HIGH_VOLATILITY
2025-01-12,94488.4375,95367.5390625,93712.5078125,-0.0008264678561502592,0.01751570132588974,0.028088586485561687,95947.616015625,TREND_DOWN,0.02540040986464211,LOW_VOLATILITY
2025-01-13,94516.5234375,95837.0,89260.1015625,0.00029724205673309356,0.06958464190495792,0.027774689538864628,95739.6375,TREND_DOWN,0.02489643846750745,LOW_VOLATILITY
2025-01-14,96534.046875,97352.6640625,94322.15625,0.021345722040169157,0.03139314998804664,0.029796474495973557,95601.380078125,TREND_UP,0.026098404846625012,HIGH_VOLATILITY
2025-01-15,100504.4921875,100697.234375,96501.640625,0.041129999632577796,0.041745335543537196,0.030010129166263912,95836.82890625,TREND_UP,0.02939102066164508,HIGH_VOLATILITY
2025-01-16,99756.90625,100781.5859375,97364.4453125,-0.0074383335632930425,0.03425467722942741,0.029557351821677527,96116.43125,TREND_UP,0.026652179586340818,HIGH_VOLATILITY
2025-01-17,104462.0390625,105884.2265625,99948.90625,0.04716598568833419,0.05681796340342234,0.023658213654048656,96581.33671875,TREND_UP,0.024718589260297217,LOW_VOLATILITY
2025-01-18,104408.0703125,104913.203125,102226.6171875,-0.000516635042589142,0.025731592677260266,0.023663155863464156,97125.22890625,TREND_UP,0.023079006976093067,LOW_VOLATILITY
2025-01-19,101089.609375,106299.796875,99570.53125,-0.03178356737719257,0.06656733235596203,0.02116566605832857,97547.548828125,TREND_UP,0.02396839114762229,LOW_VOLATILITY
2025-01-20,102016.6640625,109114.8828125,99471.359375,0.009170622908047932,0.09452890394055567,0.02112657172233326,97976.921875,TREND_UP,0.02340436797266884,LOW_VOLATILITY
2025-01-21,106146.265625,107180.921875,100103.953125,0.040479676535688514,0.06667185800960673,0.01150572156243176,98563.247265625,TREND_UP,0.025264240532003365,LOW_VOLATILITY
2025-01-22,103653.0703125,106294.34375,103360.265625,-0.023488299826845638,0.028306716975716694,0.01347961431115383,98901.55703125,TREND_UP,0.027454324597550515,HIGH_VOLATILITY
2025-01-23,103960.171875,106820.328125,101257.8046875,0.002962783076025932,0.05350629320032566,0.013972839637399995,99194.194140625,TREND_UP,0.027366376528811805,HIGH_VOLATILITY
2025-01-24,104819.484375,107098.546875,102772.125,0.008265785680243276,0.04127497765131036,0.015994880615487046,99523.35703125,TREND_UP,0.02706965877601334,HIGH_VOLATILITY
2025-01-25,104714.6484375,105243.7890625,104120.375,-0.0010001569662844156,0.010728337240902079,0.016760330241956393,99843.34140625,TREND_UP,0.024610131066584662,LOW_VOLATILITY
2025-01-26,102682.5,105438.6484375,102507.7109375,-0.019406534499448846,0.028543690502276436,0.018494126227482793,99873.562109375,TREND_UP,0.02552291376831038,LOW_VOLATILITY
2025-01-27,102087.6875,103214.109375,97795.9375,-0.005792734886665207,0.05307370563173938,0.025168572612442375,100131.811328125,TREND_UP,0.02035402924559847,LOW_VOLATILITY
2025-01-28,101332.4765625,103730.8203125,100238.1875,-0.007397669160641884,0.034467062594150735,0.028328173864993346,100446.258984375,TREND_UP,0.02041037824246572,LOW_VOLATILITY
2025-01-29,103703.2109375,104750.8046875,101283.8203125,0.023395602825692086,0.0334317939016323,0.02553050469163909,101007.217578125,TREND_UP,0.019121921369651577,LOW_VOLATILITY
2025-01-30,104735.3046875,106418.765625,103321.6484375,0.009952379879751394,0.02957089967648355,0.02448736220810709,101508.91015625,TREND_UP,0.01915280155968751,LOW_VOLATILITY
2025-01-31,102405.0234375,106026.3515625,101543.8828125,-0.022249243050878498,0.04377196156530102,0.024227489790444735,101900.831640625,TREND_UP,0.015330859073648853,LOW_VOLATILITY
2025-02-01,100655.90625,102755.7265625,100297.7109375,-0.017080384621634526,0.024419984048377686,0.0240197614777513,102209.205078125,TREND_DOWN,0.014513578724428034,LOW_VOLATILITY
2025-02-02,97688.9765625,101430.6640625,96216.078125,-0.02947596219670423,0.053379471471520466,0.021642409973133308,102367.827734375,TREND_DOWN,0.016555274255565848,LOW_VOLATILITY
2025-02-03,101405.421875,102514.171875,91242.890625,0.03804365081173988,0.1111506765771739,0.01446306136853641,102611.396484375,TREND_DOWN,0.0213932772785457,LOW_VOLATILITY
2025-02-04,97871.8203125,101745.6171875,96208.109375,-0.034846278405663456,0.0565791848442075,0.009071564313257747,102479.762890625,TREND_DOWN,0.023588690463609657,LOW_VOLATILITY
2025-02-05,96615.4453125,99113.2109375,96174.828125,-0.012836943218062724,0.03041317879347222,0.012032944113727588,102322.68984375,TREND_DOWN,0.023278295711509134,LOW_VOLATILITY
2025-02-06,96593.296875,99168.609375,95707.3515625,-0.00022924323774897726,0.035833312708843185,0.013297125636810984,101929.252734375,TREND_DOWN,0.02334563839187683,LOW_VOLATILITY
2025-02-07,96529.0859375,100154.140625,95653.8828125,-0.0006647556256734743,0.04662074408757788,0.013712443269831051,101535.303515625,TREND_DOWN,0.023374606388184217,LOW_VOLATILITY
2025-02-08,96482.453125,96877.8046875,95702.4921875,-0.00048309597099249757,0.012181619164235984,0.01369046822799167,101304.945703125,TREND_DOWN,0.021326999181868256,LOW_VOLATILITY
2025-02-09,96500.09375,97325.28125,94745.2578125,0.00018283765004545316,0.02673596819692209,0.015006048574634353,101029.1171875,TREND_DOWN,0.02067872732922114,LOW_VOLATILITY
2025-02-10,97437.5546875,98333.21875,95320.84375,0.009714611676219231,0.030915954424977472,0.014352002267094016,100593.681640625,TREND_DOWN,0.020695626201980254,LOW_VOLATILITY
2025-02-11,95747.4296875,98492.8984375,94875.0390625,-0.017345724709743937,0.03778544642720909,0.01277939645725378,100198.399609375,TREND_DOWN,0.02071332913247215,LOW_VOLATILITY
2025-02-12,97885.859375,98151.0234375,94101.203125,0.02233406885677658,0.041372884074962944,0.009921334161675243,99894.683984375,TREND_DOWN,0.020329760132029653,LOW_VOLATILITY
2025-02-13,96623.8671875,98111.0859375,95269.7109375,-0.012892487184132717,0.02940655432975241,0.010877058858762412,99484.903125,TREND_DOWN,0.01570051610025617,LOW_VOLATILITY
2025-02-14,97508.96875,98819.46875,96342.8046875,0.009160278803397981,0.025399346278082754,0.013840662720483747,99124.619140625,TREND_DOWN,0.012059100522718509,LOW_VOLATILITY
2025-02-15,97580.3515625,97975.0390625,97240.1953125,0.0007320640697474623,0.007530652823374327,0.014049151085130518,98869.51171875,TREND_DOWN,0.011227147758879757,LOW_VOLATILITY
2025-02-16,96175.03125,97725.59375,96060.9765625,-0.014401672980240199,0.017308205319662946,0.012909565331509396,98573.87890625,TREND_DOWN,0.012254232042060957,LOW_VOLATILITY
2025-02-17,95773.3828125,97032.234375,95243.546875,-0.004176223623530095,0.018676248530364606,0.023241009168523116,98295.92421875,TREND_DOWN,0.01231389735747845,LOW_VOLATILITY
2025-02-18,95539.546875,96695.375,93388.8359375,-0.0024415545387781457,0.03460911392877066,0.024659419672212017,97887.741015625,TREND_DOWN,0.012325323261347908,LOW_VOLATILITY
2025-02-19,96635.609375,96855.59375,95011.96875,0.011472343504350446,0.019078112218920334,0.026413397079021177,97482.75625,TREND_DOWN,0.012938665160793594,LOW_VOLATILITY
2025-02-20,98333.9375,98767.1953125,96442.671875,0.017574558032842136,0.02363907615821852,0.023679860971478388,97279.201953125,TREND_UP,0.013790521286912662,LOW_VOLATILITY
2025-02-21,96125.546875,99497.96875,94852.9609375,-0.02245807176184722,0.04832230310783343,0.024492800356320024,97052.683984375,TREND_DOWN,0.01461629305712338,LOW_VOLATILITY
2025-02-22,96577.7578125,96950.15625,95765.34375,0.0047043783073406065,0.012267964455130998,0.027313359416254422,96997.123046875,TREND_DOWN,0.012615039053093115,LOW_VOLATILITY
2025-02-23,96273.921875,96671.875,95270.453125,-0.0031460239332733453,0.014556609388153691,0.05060479883363587,96740.548046875,TREND_DOWN,0.011977953045169111,LOW_VOLATILITY
2025-02-24,91418.171875,96503.453125,91371.7421875,-0.05043681513571874,0.056134473401161525,0.05777394626208187,96417.865625,TREND_DOWN,0.019323283369230674,LOW_VOLATILITY
2025-02-25,88736.171875,92511.078125,86008.234375,-0.029337712021491935,0.07328289707111055,0.05729764677949279,96023.901953125,TREND_DOWN,0.020423065453456117,LOW_VOLATILITY
2025-02-26,84347.0234375,89286.25,82131.8984375,-0.04946290046952739,0.08482043907336312,0.054528733216184594,95411.58828125,TREND_DOWN,0.02408432807264398,LOW_VOLATILITY
2025-02-27,84704.2265625,87000.78125,83144.9609375,0.004234922709094535,0.045520990734210155,0.05496066461864965,94820.3453125,TREND_DOWN,0.024560010152694933,LOW_VOLATILITY
2025-02-28,84373.0078125,85036.3203125,78248.9140625,-0.003910297790814532,0.0804452327346618,0.05755797259605854,94214.873046875,TREND_DOWN,0.024501285933957843,LOW_VOLATILITY
2025-03-01,86031.9140625,86522.3046875,83794.234375,0.019661575342751147,0.03170998044421197,0.05733206806325018,93691.4640625,TREND_DOWN,0.0254926332912998,LOW_VOLATILITY
2025-03-02,94248.3515625,95043.4375,85040.2109375,0.09550452979612856,0.10613688618061871,0.04399734559509336,93532.00390625,TREND_UP,0.041910521310180596,HIGH_VOLATILITY
2025-03-03,86065.671875,94429.75,85081.3046875,-0.08682040111941614,0.10861990743623647,0.033664509718273124,93047.916015625,TREND_DOWN,0.049420651883773176,HIGH_VOLATILITY
2025-03-04,87222.1953125,88911.2734375,81529.2421875,0.013437685575495406,0.08463477929616002,0.0417421132923442,92514.7328125,TREND_DOWN,0.04978325845726367,HIGH_VOLATILITY
2025-03-05,90623.5625,90998.2421875,86379.7734375,0.03899657851208138,0.0509632221752483,0.03774809500820866,92214.717578125,TREND_DOWN,0.052067775862477184,HIGH_VOLATILITY
2025-03-06,89961.7265625,92804.9375,87852.140625,-0.007303133084179958,0.05505448888377097,0.03850886736941751,91837.35546875,TREND_DOWN,0.049596282124606525,HIGH_VOLATILITY
2025-03-07,86742.671875,91191.046875,84717.6796875,-0.0357824911826653,0.07462725147351244,0.04121005284317521,91295.471484375,TREND_DOWN,0.0500524268799499,HIGH_VOLATILITY
2025-03-08,86154.59375,86847.265625,85247.484375,-0.006779571257010009,0.018568728379617018,0.04129791273476348,90794.449609375,TREND_DOWN,0.047213580149030515,HIGH_VOLATILITY
2025-03-09,80601.0390625,86471.1328125,80052.484375,-0.0644603432710168,0.07963481007388533,0.03277229683062145,90035.832421875,TREND_DOWN,0.051807974960898916,HIGH_VOLATILITY
2025-03-10,78532.0,83955.9296875,77420.59375,-0.02567012890361897,0.08321876352951663,0.030264698313779703,89185.455078125,TREND_DOWN,0.05227056300910166,HIGH_VOLATILITY
2025-03-11,82862.2109375,83577.7578125,76624.25,0.05513944554449135,0.08391651313461551,0.02394945847771016,88496.78515625,TREND_DOWN,0.05531524621957357,HIGH_VOLATILITY
2025-03-12,83722.359375,84358.578125,80635.25,0.010380466895202334,0.04447232678098425,0.030576244911345515,87766.20625,TREND_DOWN,0.04396448611660567,HIGH_VOLATILITY
2025-03-13,81066.703125,84301.6953125,79931.8515625,-0.0317197970748182,0.0539042983314859,0.03041783254957803,87013.2640625,TREND_DOWN,0.03614832311975003,HIGH_VOLATILITY
2025-03-14,83969.1015625,85263.2890625,80797.5625,0.03580259620308812,0.05318297420600677,0.027396462919715252,86382.83125,TREND_DOWN,0.038081812864200024,HIGH_VOLATILITY
2025-03-15,84343.109375,84672.671875,83639.59375,0.004454112352525463,0.01224851837518588,0.027352951585713974,85786.290625,TREND_DOWN,0.03530015165421244,HIGH_VOLATILITY
2025-03-16,82579.6875,85051.6015625,82017.90625,-0.020907717157540473,0.036736580197158045,0.027342027317557114,85344.36640625,TREND_DOWN,0.03559147941983295,HIGH_VOLATILITY
2025-03-17,84075.6875,84725.328125,82492.15625,0.018115835083536647,0.026561446494267442,0.02725010611820834,85111.3421875,TREND_DOWN,0.034984958734784355,HIGH_VOLATILITY
2025-03-18,82718.5,84075.71875,81179.9921875,-0.016142449028442418,0.0350070003989434,0.025716774603692833,85029.916015625,TREND_DOWN,0.0352346946677186,HIGH_VOLATILITY
2025-03-19,86854.2265625,87021.1875,82569.7265625,0.049997601050550955,0.05125209346371583,0.01822158426825334,85137.416015625,TREND_UP,0.031639117489638845,HIGH_VOLATILITY
2025-03-20,84167.1953125,87443.265625,83647.1953125,-0.030937253791171848,0.045101542214942156,0.011999348217059275,85127.125390625,TREND_DOWN,0.03229788825401203,HIGH_VOLATILITY
2025-03-21,84043.2421875,84782.2734375,83171.0703125,-0.0014727011460912154,0.0191711205215693,0.018661199058036634,85027.691796875,TREND_DOWN,0.02762774192388556,HIGH_VOLATILITY
2025-03-22,83832.484375,84513.875,83674.78125,-0.0025077306278807887,0.010009171936818197,0.02038452665404259,84506.8984375,TREND_DOWN,0.027480991580268427,HIGH_VOLATILITY
2025-03-23,86054.375,86094.78125,83794.9140625,0.026503933905394295,0.026725743897390457,0.016123508348597007,84506.33359375,TREND_UP,0.02603337667363836,HIGH_VOLATILITY
2025-03-24,87498.9140625,88758.7265625,85541.1953125,0.016786352378946434,0.03677224208407587,0.013421162806341676,84520.16953125,TREND_UP,0.024273150043295524,LOW_VOLATILITY
2025-03-25,87471.703125,88542.3984375,86346.078125,-0.0003109860024155253,0.02510892361797717,0.020279387268414814,84362.5765625,TREND_UP,0.024318459640564373,LOW_VOLATILITY
2025-03-26,86900.8828125,88292.15625,85861.453125,-0.00652577110204744,0.02797098310548305,0.02290292051625976,84209.534375,TREND_UP,0.02308130058913627,LOW_VOLATILITY
2025-03-27,87177.1015625,87786.7265625,85837.9375,0.003178549412391707,0.022354368607940607,0.02328238608341558,84231.255859375,TREND_UP,0.022642572342114805,LOW_VOLATILITY
2025-03-28,84353.1484375,87489.859375,83557.640625,-0.032393289916566204,0.04661614679283144,0.02074675474690688,84141.18359375,TREND_UP,0.02472486341133229,LOW_VOLATILITY
2025-03-29,82597.5859375,84567.3359375,81634.140625,-0.020812056603918605,0.035511877002307214,0.018922704495931756,84241.0109375,TREND_DOWN,0.019002709234123,LOW_VOLATILITY
2025-03-30,82334.5234375,83505.0,81573.25,-0.0031848691098436133,0.023462211467907362,0.031201425093587705,84431.137109375,TREND_DOWN,0.016650274527831688,LOW_VOLATILITY
2025-03-31,82548.9140625,83870.125,81293.890625,0.0026038970780313253,0.0312085798372764,0.03197112965825211,84415.472265625,TREND_DOWN,0.016716402142296017,LOW_VOLATILITY
2025-04-01,85169.171875,85487.3671875,82429.359375,0.0317418810684309,0.03590510210652439,0.029143827782538823,84487.812890625,TREND_UP,0.019756942016298587,LOW_VOLATILITY
2025-04-02,82485.7109375,88466.953125,82343.5390625,-0.031507420800550134,0.07423605849914724,0.045741954778659284,84558.76328125,TREND_DOWN,0.020195749617278085,LOW_VOLATILITY
2025-04-03,83102.828125,83909.296875,81282.1015625,0.007481504135517403,0.031613789467529026,0.04760224561218376,84515.449609375,TREND_DOWN,0.01932505764602062,LOW_VOLATILITY
2025-04-04,83843.8046875,84696.1484375,81670.75,0.008916382019940938,0.036083744634158366,0.05156145615049204,84490.484375,TREND_DOWN,0.019787156747731974,LOW_VOLATILITY
2025-04-05,83504.796875,84207.015625,82377.734375,-0.004043325726492686,0.02190630141569337,0.052158808565245476,84536.73984375,TREND_DOWN,0.019768209862874017,LOW_VOLATILITY
2025-04-06,78214.484375,83704.71875,77097.7421875,-0.06335339642726368,0.08447254514678887,0.04473304647935585,84243.6796875,TREND_DOWN,0.027022719883182625,HIGH_VOLATILITY
2025-04-07,79235.3359375,81119.0625,74436.6796875,0.013051950296130821,0.08433589298808543,0.04471941012557097,84069.521484375,TREND_DOWN,0.026743252485016366,HIGH_VOLATILITY
2025-04-08,76271.953125,80823.890625,76198.0234375,-0.03739976334343409,0.060649649025229416,0.040933017302927394,83540.4078125,TREND_DOWN,0.028242628517317347,HIGH_VOLATILITY
2025-04-09,82573.953125,83541.0,74589.671875,0.0826253916648998,0.10840377366273755,0.0275779721016938,83460.745703125,TREND_DOWN,0.04021931050129901,HIGH_VOLATILITY
2025-04-10,79626.140625,82700.9296875,78456.1328125,-0.0356990599146636,0.05330908721284016,0.021726193476042578,83239.890625,TREND_DOWN,0.041841991602177324,HIGH_VOLATILITY
2025-04-11,83404.8359375,84247.4765625,78936.3203125,0.04745546227457886,0.06367923622534252,0.014148957438872052,83218.508203125,TREND_UP,0.04354452730543337,HIGH_VOLATILITY
2025-04-12,85287.109375,85856.1875,82769.375,0.022567917271733462,0.03619318936496668,0.011314954296152152,83180.144921875,TREND_UP,0.042718978785539395,HIGH_VOLATILITY
2025-04-13,83684.9765625,86015.1875,83027.0078125,-0.01878516957885823,0.035707480724073364,0.00787603731028504,82989.448046875,TREND_UP,0.04329571575651713,HIGH_VOLATILITY
2025-04-14,84542.390625,85785.0,83690.640625,0.010245734631468162,0.02477289037507626,0.012207685799765234,82842.982421875,TREND_UP,0.043322934680743864,HIGH_VOLATILITY
2025-04-15,83668.9921875,86429.3515625,83598.8203125,-0.01033089354397465,0.0338301104865331,0.024883993408693742,82681.387890625,TREND_UP,0.04346041998478862,HIGH_VOLATILITY
2025-04-16,84033.8671875,85428.28125,83100.6171875,0.004360934564412222,0.027699118705395473,0.025018175953596015,82524.226171875,TREND_UP,0.03712675672421035,HIGH_VOLATILITY
2025-04-17,84895.75,85449.0703125,83749.75,0.01025637449930672,0.020016553390481855,0.02547005565540206,82551.35625,TREND_UP,0.037093403986365465,HIGH_VOLATILITY
2025-04-18,84450.8046875,85095.046875,84298.8828125,-0.005241078764249063,0.009427548564470273,0.024173678407459417,82644.0171875,TREND_UP,0.03403316037810584,HIGH_VOLATILITY
2025-04-19,85063.4140625,85597.703125,84353.4609375,0.007254038339443714,0.014627230769103602,0.02488080942207127,82780.46171875,TREND_UP,0.022856316118454942,LOW_VOLATILITY
2025-04-20,85174.3046875,85306.3828125,83976.84375,0.0013036230231544543,0.015609626252635794,0.02620517222847711,82911.73125,TREND_UP,0.01842286212507566,LOW_VOLATILITY
2025-04-21,87518.90625,88460.09375,85143.8359375,0.027527099529631727,0.03789190192833334,0.02553061776453249,83029.21796875,TREND_UP,0.014126338346222457,LOW_VOLATILITY
2025-04-22,93441.890625,93817.3828125,87084.53125,0.06767662701452015,0.07205388843768377,0.007999600457071463,83577.026953125,TREND_UP,0.024082774566055037,LOW_VOLATILITY
2025-04-23,93699.109375,94535.734375,91962.9609375,0.0027527134594511615,0.027457821687539387,0.008006320569865763,84106.841015625,TREND_UP,0.02216619924283528,LOW_VOLATILITY
2025-04-24,93943.796875,94016.1953125,91696.7109375,0.0026114175645013393,0.024690128056951605,0.01200370417876113,84611.840625,TREND_UP,0.02234800096719061,LOW_VOLATILITY
2025-04-25,94720.5,95768.390625,92898.59375,0.008267742531563593,0.030297526670572898,0.011855834432143964,85172.62578125,TREND_UP,0.021133358380775888,LOW_VOLATILITY
2025-04-26,94646.9296875,95251.359375,93927.25,-0.0007767095032226168,0.013989987624235367,0.012938590013093915,85994.248046875,TREND_UP,0.021418514374860333,LOW_VOLATILITY
2025-04-27,93754.84375,95301.203125,93665.3984375,-0.00942540809771053,0.01744768186977006,0.014176439604637003,86720.2234375,TREND_UP,0.022490662215909826,LOW_VOLATILITY
2025-04-28,94978.75,95598.4921875,92860.8046875,0.013054325526514532,0.028824210678704446,0.013304441794437502,87655.56328125,TREND_UP,0.021829897381115036,LOW_VOLATILITY
2025-04-29,94284.7890625,95485.4140625,93796.6328125,-0.007306486319308303,0.017911492052875375,0.015135639029367426,88241.105078125,TREND_UP,0.022653501038533193,LOW_VOLATILITY
2025-04-30,94207.3125,95249.3203125,92979.640625,-0.0008217291810309613,0.02409239396888644,0.01501829015891364,88970.163671875,TREND_UP,0.022759802829239038,LOW_VOLATILITY
2025-05-01,96492.3359375,97437.9609375,94153.6328125,0.02425526614507767,0.03403719158718807,0.026740748400326017,89624.538671875,TREND_UP,0.02250765254490612,LOW_VOLATILITY
2025-05-02,96910.0703125,97905.8984375,96375.9453125,0.0043291974532626565,0.0157873492410691,0.027112956078548335,90205.68671875,TREND_UP,0.009816486034925558,LOW_VOLATILITY
2025-05-03,95891.796875,96943.8828125,95821.2890625,-0.010507405827035687,0.011706879906144213,0.025766873669835037,90816.027734375,TREND_UP,0.010803714831689395,LOW_VOLATILITY
2025-05-04,94315.9765625,96318.921875,94173.4296875,-0.016433317174712747,0.02274791891783313,0.02397895104243908,91304.70703125,TREND_UP,0.01232721997919117,LOW_VOLATILITY
2025-05-05,94748.0546875,95193.1875,93566.265625,0.0045811763897039,0.0171710319580275,0.02592728353359385,91858.66015625,TREND_UP,0.012121301281156833,LOW_VOLATILITY
2025-05-06,96802.4765625,96889.1796875,93399.859375,0.02168299794413664,0.03604577523641287,0.025596331339753444,92497.090625,TREND_UP,0.013893149125109071,LOW_VOLATILITY
2025-05-07,97032.3203125,97625.8046875,95829.3359375,0.0023743581586117557,0.018514127501170076,0.02624871719402388,93103.919140625,TREND_UP,0.013269886135890566,LOW_VOLATILITY
2025-05-08,103241.4609375,103969.5390625,96913.875,0.06399043746457878,0.06834138144142823,0.01068194625428065,94043.451953125,TREND_UP,0.02331200262109091,LOW_VOLATILITY
2025-05-09,102970.8515625,104297.4921875,102343.09375,-0.002621130818400763,0.018980113380083517,0.010673725546881918,94938.823828125,TREND_UP,0.023001478232480638,LOW_VOLATILITY
2025-05-10,104696.328125,104961.765625,102830.484375,0.016756941758927724,0.02035679080793933,0.008021668124959403,95914.925,TREND_UP,0.022831501844049636,LOW_VOLATILITY
2025-05-11,104106.359375,104937.9921875,103364.7421875,-0.005635047193781384,0.015111949062909972,0.014739036026983758,96744.29765625,TREND_UP,0.022836770936520995,LOW_VOLATILITY
2025-05-12,102812.953125,105747.453125,100814.40625,-0.01242389281274392,0.0479807915740189,0.014016187948063653,97212.85078125,TREND_UP,0.0237212798176879,LOW_VOLATILITY
2025-05-13,104169.8125,104997.421875,101515.09375,0.013197358248725033,0.033429340433918896,0.013816552594708733,97736.3859375,TREND_UP,0.023043532811009005,LOW_VOLATILITY
2025-05-14,103539.4140625,104303.5625,102618.296875,-0.006051642240404331,0.016276561348731556,0.015505578806103155,98216.166796875,TREND_UP,0.02200344941760634,LOW_VOLATILITY
2025-05-15,103744.640625,104153.6171875,101440.8125,0.00198211052629782,0.02614886582243631,0.015603745848050521,98667.373828125,TREND_UP,0.022084325887242545,LOW_VOLATILITY
2025-05-16,103489.2890625,104533.484375,103137.4765625,-0.0024613470244020386,0.013489394169641197,0.024459588329833182,99109.491796875,TREND_UP,0.02190223733251417,LOW_VOLATILITY
2025-05-17,103191.0859375,103716.9453125,102659.1796875,-0.0028814878109744146,0.010250552316511714,0.0241972367995789,99581.30390625,TREND_UP,0.0220854888492085,LOW_VOLATILITY
2025-05-18,106446.0078125,106597.171875,103142.6015625,0.03154266519659865,0.03245373296277184,0.02181094860693572,100154.666796875,TREND_UP,0.013329875327123375,LOW_VOLATILITY
2025-05-19,105606.1796875,107068.71875,102112.6875,-0.007889709931436006,0.04692936781413197,0.02122109175791326,100720.736328125,TREND_UP,0.013682361059463384,LOW_VOLATILITY
2025-05-20,106791.0859375,107307.1171875,104206.515625,0.011220046530480143,0.029034273181889378,0.021297511461225015,101349.925,TREND_UP,0.013148020829340103,LOW_VOLATILITY
2025-05-21,109678.078125,110724.4609375,106127.234375,0.027034018449719976,0.04191563748282082,0.01889087307172128,102009.212109375,TREND_UP,0.014957723055701293,LOW_VOLATILITY
2025-05-22,111673.28125,111970.171875,109285.0703125,0.018191448638679386,0.024044261370711716,0.017448869455904712,102747.37265625,TREND_UP,0.014024909418176697,LOW_VOLATILITY
2025-05-23,107287.796875,111798.90625,106841.3046875,-0.03927066820202352,0.04620843848882511,0.011652134126439383,103317.17265625,TREND_UP,0.02039403077087334,LOW_VOLATILITY
2025-05-24,107791.15625,109454.5234375,106895.2890625,0.004691674073487251,0.02374252641899831,0.011852577020975802,103990.931640625,TREND_UP,0.020137292044057904,LOW_VOLATILITY
2025-05-25,109035.390625,109313.3046875,106683.375,0.011543009819045436,0.02411996391653226,0.011457334972976917,104705.2984375,TREND_UP,0.020246126922778582,LOW_VOLATILITY
2025-05-26,109440.3671875,110376.8828125,108735.640625,0.003714175371671846,0.014996680198341463,0.011288022608712318,105337.19296875,TREND_UP,0.02008093315985098,LOW_VOLATILITY
2025-05-27,108994.640625,110744.2109375,107609.5546875,-0.004072780217708405,0.028759728295126897,0.011286750186321885,105935.308984375,TREND_UP,0.020141531316221567,LOW_VOLATILITY
2025-05-28,107802.328125,109298.2890625,106812.9296875,-0.010939184653144474,0.023054783864390683,0.011002989256265116,106163.35234375,TREND_UP,0.01849073032411167,LOW_VOLATILITY
2025-05-29,105641.7578125,108910.046875,105374.3984375,-0.020041963379443528,0.03346828480244813,0.013760747152079365,106296.89765625,TREND_DOWN,0.019540257477297974,LOW_VOLATILITY
2025-05-30,103998.5703125,106308.9453125,103685.7890625,-0.015554336978341854,0.025223002990500846,0.017659672071378606,106262.009765625,TREND_DOWN,0.019697263068650994,LOW_VOLATILITY
2025-05-31,104638.09375,104927.1015625,103136.1171875,0.006149348357177731,0.017115988172328494,0.018070115167478765,106288.596484375,TREND_DOWN,0.017165888089247912,LOW_VOLATILITY
2025-06-01,105652.1015625,105884.546875,103826.953125,0.009690618169351017,0.019475180517661554,0.01771290547744304,106430.55390625,TREND_DOWN,0.016090897864623036,LOW_VOLATILITY
2025-06-02,105881.53125,105958.3125,103727.546875,0.0021715582000447764,0.021068505514270225,0.02390357462449933,106516.13984375,TREND_DOWN,0.010900358379732968,LOW_VOLATILITY
2025-06-03,105432.46875,106813.578125,104920.84375,-0.004241178746647534,0.017952101448824323,0.023666500211844823,106610.792578125,TREND_DOWN,0.010722562859799821,LOW_VOLATILITY
2025-06-04,104731.984375,105997.6953125,104232.703125,-0.0066439151364365845,0.016852465825342576,0.02453654901175278,106660.159765625,TREND_DOWN,0.00962685398655352,LOW_VOLATILITY
2025-06-05,101575.953125,105936.6875,100436.8828125,-0.030134359325224014,0.05414475097990866,0.023422387089209025,106564.49296875,TREND_DOWN,0.012222854935901754,LOW_VOLATILITY
2025-06-06,104390.34375,105376.7734375,101169.5703125,0.027707252931573167,0.04030260820939197,0.021429708502910625,106624.455859375,TREND_DOWN,0.016541516576851458,LOW_VOLATILITY
2025-06-07,105615.625,105972.7578125,103987.3125,0.011737496074678777,0.018798783915732167,0.021195805634589848,106582.93671875,TREND_DOWN,0.017058777002824908,LOW_VOLATILITY
2025-06-08,105793.6484375,106497.0625,105075.328125,0.0016855786016509722,0.013438749830429772,0.02118635824407923,106592.31015625,TREND_DOWN,0.015833251954306616,LOW_VOLATILITY
2025-06-09,110294.1015625,110561.421875,105400.234375,0.04253991795791734,0.04679477349090447,0.012104528649441166,106767.4609375,TREND_UP,0.019597624150181528,LOW_VOLATILITY
2025-06-10,110257.234375,110380.125,108367.7109375,-0.0003342625487465778,0.018251991117929762,0.01329182511311213,106796.41875,TREND_UP,0.019701544068948945,LOW_VOLATILITY
2025-06-11,108686.625,110384.21875,108086.328125,-0.014244955298426398,0.021142349622136118,0.013383901703175901,106647.0859375,TREND_UP,0.02056003872660861,LOW_VOLATILITY
2025-06-12,105929.0546875,108780.6953125,105785.6875,-0.025371753999169577,0.02827371415081099,0.009921233092944425,106579.148828125,TREND_DOWN,0.02244544688416672,LOW_VOLATILITY
2025-06-13,106090.96875,106182.546875,102822.0234375,0.0015285141831733462,0.031675867202409724,0.010659605442168336,106494.139453125,TREND_DOWN,0.0223906904469078,LOW_VOLATILITY
2025-06-14,105472.40625,106203.7578125,104379.3671875,-0.0058304915798971235,0.01729732628528137,0.01092572441200885,106315.990234375,TREND_DOWN,0.022361912474833472,LOW_VOLATILITY
2025-06-15,105552.0234375,106157.1015625,104519.8828125,0.0007548627203146641,0.015511012453204541,0.011032010263881627,106121.573046875,TREND_DOWN,0.019551139288445204,LOW_VOLATILITY
2025-06-16,106796.7578125,108915.375,104997.625,0.011792615001237072,0.03668416607626124,0.022045537581970993,106011.67890625,TREND_UP,0.017994242393991833,LOW_VOLATILITY
2025-06-17,104601.1171875,107750.1953125,103396.53125,-0.020559056941174436,0.04162158282397647,0.020393899110034846,105851.618359375,TREND_DOWN,0.01900707754691651,LOW_VOLATILITY
2025-06-18,104883.328125,105581.8515625,103602.265625,0.0026979724986506692,0.018874171642806078,0.020765228782883813,105813.696875,TREND_DOWN,0.019024499092482022,LOW_VOLATILITY
2025-06-19,104684.2890625,105250.890625,103940.7734375,-0.0018977187896134229,0.012514936092442835,0.020856708016920883,105847.9828125,TREND_DOWN,0.011505655685559028,LOW_VOLATILITY
2025-06-20,103309.6015625,106539.3828125,102372.2109375,-0.013131746055793259,0.040336733585009076,0.019647831175425717,105781.558203125,TREND_DOWN,0.011622066358299106,LOW_VOLATILITY
2025-06-21,102257.40625,104015.78125,100973.0625,-0.010184874363913243,0.029755485314786185,0.018545548511469324,105611.8234375,TREND_DOWN,0.011387117060139755,LOW_VOLATILITY
2025-06-22,100987.140625,103351.6328125,98286.203125,-0.012422235919953284,0.050159155474157675,0.01643179033249228,105367.10390625,TREND_DOWN,0.009526171544557618,LOW_VOLATILITY
2025-06-23,105577.7734375,106116.859375,99705.75,0.04545759771084712,0.06072404414547777,0.008089393718234904,105374.369140625,TREND_UP,0.0185680750657519,LOW_VOLATILITY
2025-06-24,106045.6328125,106316.828125,104740.2421875,0.004431419225533917,0.014867052000977468,0.00985874069386281,105440.0515625,TREND_UP,0.018513937960070677,LOW_VOLATILITY
2025-06-25,107361.2578125,108168.3984375,105881.390625,0.012406215749838134,0.021301984152366414,0.014690298594194027,105729.316796875,TREND_UP,0.01888118609276565,LOW_VOLATILITY
2025-06-26,106960.0,108305.546875,106666.3515625,-0.003737454466123835,0.015325311448204936,0.014552104185518402,105857.799609375,TREND_UP,0.018610088567910223,LOW_VOLATILITY
2025-06-27,107088.4296875,107772.46875,106449.9921875,0.0012007263229245613,0.01234938794376931,0.016152733318276317,105931.43984375,TREND_UP,0.017111137274565872,LOW_VOLATILITY
2025-06-28,107327.703125,107567.8828125,106883.9765625,0.002234353778444831,0.006372131612687952,0.016149799523433556,106008.142578125,TREND_UP,0.01711111513563753,LOW_VOLATILITY
2025-06-29,108385.5703125,108526.3046875,107230.109375,0.009856422495764683,0.011959113272761099,0.016097661055123107,105912.716015625,TREND_UP,0.017183928718992554,LOW_VOLATILITY
2025-06-30,107135.3359375,108798.7890625,106759.6484375,-0.011535062936840146,0.01903331526574558,0.015737232886076927,105756.62109375,TREND_UP,0.017017687719034592,LOW_VOLATILITY
2025-07-01,105698.28125,107550.6796875,105270.2265625,-0.013413452013053329,0.021575120219847473,0.014283557431604116,105607.20390625,TREND_UP,0.017339453984794754,LOW_VOLATILITY
2025-07-02,108859.3203125,109763.65625,105157.3984375,0.02990624847553991,0.04231385791567428,0.012025856621495084,105753.7171875,TREND_UP,0.018180963458621788,LOW_VOLATILITY
2025-07-03,109647.9765625,110541.4609375,108605.796875,0.007244728772290987,0.017653440794656708,0.019019090762981656,105931.567578125,TREND_UP,0.012481100090288575,LOW_VOLATILITY
2025-07-04,108034.3359375,109751.984375,107296.3828125,-0.014716556343200904,0.022729825117086978,0.016114351206337748,106059.6640625,TREND_UP,0.013784354026076594,LOW_VOLATILITY
2025-07-05,108231.1796875,108381.34375,107842.2734375,0.0018220480395592098,0.004980730266975544,0.016410015485633016,106193.621875,TREND_UP,0.01328927410873314,LOW_VOLATILITY
2025-07-06,109232.0703125,109731.625,107847.015625,0.009247710575546852,0.017253260600191465,0.016388266497957955,106315.3875,TREND_UP,0.013421038537728934,LOW_VOLATILITY
2025-07-07,108299.8515625,109710.25,107527.0546875,-0.008534295352390808,0.020158802445265356,0.014002851850371492,106500.32421875,TREND_UP,0.01384666183927531,LOW_VOLATILITY
2025-07-08,108950.2734375,109198.96875,107499.5546875,0.006005750382996888,0.015598070650780692,0.01846250698760763,106703.671484375,TREND_UP,0.013928742519479892,LOW_VOLATILITY
2025-07-09,111326.5546875,111925.375,108357.6796875,0.021810695604753683,0.03204711869970938,0.017883475557566173,107035.784765625,TREND_UP,0.015174468642815898,LOW_VOLATILITY
2025-07-10,115987.203125,116608.78125,110660.75,0.041864660687494615,0.05128178876414303,0.010712910017599936,107669.66484375,TREND_UP,0.01858766989425535,LOW_VOLATILITY
2025-07-11,117516.9921875,118856.4765625,115245.6875,0.013189291760499877,0.03072567630678409,0.01113502757201868,108432.644140625,TREND_UP,0.016998532902165346,LOW_VOLATILITY
2025-07-12,117435.2265625,118219.8984375,116977.0234375,-0.0006957770402219454,0.010583493866199778,0.011131988458463677,109255.0484375,TREND_UP,0.015892099066466835,LOW_VOLATILITY
2025-07-13,119116.1171875,119449.5703125,117265.4375,0.014313342548076147,0.01833616528199932,0.009475327090049676,109931.965625,TREND_UP,0.016025067109847076,LOW_VOLATILITY
2025-07-14,119849.703125,123091.609375,118959.1953125,0.006158578325259345,0.034479969117570564,0.008918159413339297,110622.169140625,TREND_UP,0.013892505805370334,LOW_VOLATILITY
2025-07-15,117777.1875,119935.5625,115765.6875,-0.01729262210051885,0.03540477649799542,0.010468877388757404,111142.965625,TREND_UP,0.016324137495161064,LOW_VOLATILITY
2025-07-16,118738.5078125,120065.515625,117064.8203125,0.00816219450392297,0.025271458836575566,0.01117599852773393,111731.891015625,TREND_UP,0.016323010729664855,LOW_VOLATILITY
2025-07-17,119289.84375,120999.609375,117508.21875,0.004643278306736054,0.02926812975224473,0.011035613996012902,112341.96171875,TREND_UP,0.01529472046996659,LOW_VOLATILITY
2025-07-18,118003.2265625,120851.9140625,116925.984375,-0.01078563897020779,0.03326968085419804,0.0104827283200394,112875.737890625,TREND_UP,0.016623506383092193,LOW_VOLATILITY
2025-07-19,117939.9765625,118541.3984375,117388.4140625,-0.0005360022928398989,0.009776026828265463,0.01054466512618913,113353.458203125,TREND_UP,0.016074041475938168,LOW_VOLATILITY
2025-07-20,117300.7890625,118865.03125,116550.1328125,-0.00541960002562214,0.01973472178662481,0.011185284230392846,113861.730859375,TREND_UP,0.01020169465610633,LOW_VOLATILITY
2025-07-21,117439.5390625,119671.5625,116584.3984375,0.0011828564931994912,0.026287263106993686,0.012636814550405258,114448.79375,TREND_UP,0.009296842131161066,LOW_VOLATILITY
2025-07-22,119995.4140625,120269.96875,116233.2265625,0.02176332622218302,0.03364080385103259,0.00861515962259999,115005.5984375,TREND_UP,0.011555703958711312,LOW_VOLATILITY
2025-07-23,118754.9609375,120113.3515625,117391.390625,-0.010337504434577038,0.02292081876842645,0.007884083502959539,115460.94765625,TREND_UP,0.011315836921830356,LOW_VOLATILITY
2025-07-24,118368.0,119535.453125,117247.96875,-0.0032584822936673197,0.019325192408421194,0.0100936242763174,115977.630859375,TREND_UP,0.011113653636710255,LOW_VOLATILITY
2025-07-25,117635.8828125,118486.9765625,114759.8203125,-0.006185093838706357,0.03168383796584176,0.01219095140072403,116447.866015625,TREND_UP,0.009803004296354247,LOW_VOLATILITY
2025-07-26,117947.3671875,118335.6875,117181.2265625,0.002647868724685587,0.009787933084294816,0.011682493111836825,116883.630859375,TREND_UP,0.00943627226804881,LOW_VOLATILITY
2025-07-27,119448.4921875,119815.59375,117859.6875,0.012727075099638885,0.016374474170253953,0.012331746415892773,117441.062890625,TREND_UP,0.010249303817877389,LOW_VOLATILITY
2025-07-28,117924.4765625,119819.7890625,117441.4375,-0.012758768211219684,0.020168430098898706,0.01292619524321894,117889.773046875,TREND_UP,0.010499792315175697,LOW_VOLATILITY
2025-07-29,117922.1484375,119273.8671875,116987.3671875,-1.9742508661990676e-05,0.019389911312647678,0.01293205899971829,118219.552734375,TREND_DOWN,0.010498228348949982,LOW_VOLATILITY
2025-07-30,117831.1875,118780.7265625,115800.828125,-0.0007713643170961237,0.02528955619241298,0.01372850883551222,118311.751953125,TREND_DOWN,0.010331503257541811,LOW_VOLATILITY
2025-07-31,115758.203125,118919.984375,115505.21875,-0.017592832754910526,0.029499124319618278,0.014865940312069535,118223.8125,TREND_DOWN,0.011795735481694644,LOW_VOLATILITY
2025-08-01,113320.0859375,116060.7734375,112724.4453125,-0.021062154747402473,0.02944163073473225,0.011816395786503297,118018.05546875,TREND_DOWN,0.010114620341540835,LOW_VOLATILITY
2025-08-02,112526.9140625,114021.6015625,112005.765625,-0.006999393518263508,0.017914255929744584,0.011116266590266896,117688.5953125,TREND_DOWN,0.009997543443036003,LOW_VOLATILITY
2025-08-03,114217.671875,114747.421875,111943.8046875,0.015025363723748075,0.024546264526983906,0.012865818556015936,117406.99375,TREND_DOWN,0.011907413550988516,LOW_VOLATILITY
2025-08-04,115071.8828125,115729.46875,114130.40625,0.007478798363486527,0.013896205232042118,0.013504905635420356,117271.728515625,TREND_DOWN,0.01234100041868511,LOW_VOLATILITY
2025-08-05,114141.4453125,115117.4375,112701.109375,-0.008085706753543476,0.021169594605925147,0.012472673301077587,117041.875390625,TREND_DOWN,0.01234580486974782,LOW_VOLATILITY
2025-08-06,115028.0,115737.8359375,113372.25,0.007767158415357134,0.020565305295232466,0.014390107559743763,116828.783203125,TREND_DOWN,0.011718260162967047,LOW_VOLATILITY
2025-08-07,117496.8984375,117676.90625,114279.7109375,0.021463456180234486,0.02891306372914232,0.022799716212152682,116803.466796875,TREND_UP,0.013621911958621292,LOW_VOLATILITY
2025-08-08,116688.7265625,117689.203125,115917.4609375,-0.0068782400705657,0.01518349063952662,0.02287846134927185,116740.904296875,TREND_DOWN,0.013779124393257035,LOW_VOLATILITY
2025-08-09,116500.359375,117906.609375,116363.8359375,-0.0016142706587778388,0.013242649600195708,0.022849066926653238,116700.8828125,TREND_DOWN,0.013780383002444508,LOW_VOLATILITY
2025-08-10,119306.7578125,119320.7109375,116485.1640625,0.02408918266480664,0.023766858868600603,0.02056406670183602,116794.24375,TREND_UP,0.014505349938779347,LOW_VOLATILITY
2025-08-11,118731.4453125,122321.09375,118159.03125,-0.004822128356753663,0.03505442462226828,0.020785491657396352,116731.0453125,TREND_UP,0.012227586660146632,LOW_VOLATILITY
2025-08-12,120172.90625,120302.46875,118228.71875,0.012140515376580119,0.017256385525751566,0.021715264445958966,116801.942578125,TREND_UP,0.011670727019700249,LOW_VOLATILITY
2025-08-13,123344.0625,123682.453125,118939.6328125,0.026388279596092357,0.038451954770826524,0.018403132374565652,117050.745703125,TREND_UP,0.01304798180429712,LOW_VOLATILITY
2025-08-14,118359.578125,124457.1171875,117254.8828125,-0.040411222672351976,0.06085045662627906,0.013519555483566275,117086.93046875,TREND_UP,0.020073263330036065,LOW_VOLATILITY
2025-08-15,117398.3515625,119332.3125,116864.5703125,-0.008121240187970669,0.021020245639362615,0.02224053946823519,117059.4796875,TREND_UP,0.020075447504073248,LOW_VOLATILITY
2025-08-16,117491.3515625,117996.0625,117271.953125,0.0007921746665282559,0.006163086604845183,0.02270714662675105,116961.62265625,TREND_UP,0.02001249072415805,LOW_VOLATILITY
2025-08-17,117453.0625,118595.7734375,117279.5234375,-0.00032588834829794244,0.011206604340350854,0.023288554437307374,116938.051953125,TREND_UP,0.018846730515825208,LOW_VOLATILITY
2025-08-18,116252.3125,117614.171875,114723.6796875,-0.01022323279139703,0.024863954319188274,0.025101584751624263,116854.56015625,TREND_DOWN,0.019013756202686707,LOW_VOLATILITY
2025-08-19,112831.1796875,116764.5,112730.3984375,-0.029428514056440758,0.035753428916306174,0.02424267287587147,116604.559765625,TREND_DOWN,0.021155637907235104,LOW_VOLATILITY
2025-08-20,114274.7421875,114625.796875,112387.9609375,0.012794003430595335,0.01958294453054375,0.023470816163559994,116530.38671875,TREND_DOWN,0.019807669093516368,LOW_VOLATILITY
2025-08-21,112419.03125,114802.6484375,111986.234375,-0.01623902974513114,0.025052822739921984,0.023359521328797105,116485.333984375,TREND_DOWN,0.020178089691331964,LOW_VOLATILITY
2025-08-22,116874.0859375,117377.3984375,111678.9453125,0.03962900798880531,0.0487571995048357,0.01949211859903762,116702.692578125,TREND_UP,0.024269937703030053,LOW_VOLATILITY
2025-08-23,115374.328125,116996.25,114536.109375,-0.012832252765613172,0.02132311983940318,0.020151554040781075,116760.525390625,TREND_DOWN,0.02215732642596955,LOW_VOLATILITY
2025-08-24,113458.4296875,115615.0859375,111060.546875,-0.016605933647771742,0.04014280009907263,0.019812531627882667,116679.852734375,TREND_DOWN,0.01918041865380168,LOW_VOLATILITY
2025-08-25,110124.3515625,113637.84375,109324.28125,-0.029385900493979156,0.03916992417024022,0.017661687644454128,116478.998046875,TREND_DOWN,0.02079222982597674,LOW_VOLATILITY
2025-08-26,111802.65625,112397.015625,108762.0390625,0.015240086898922645,0.032512434716863,0.01808399184868789,116317.730859375,TREND_DOWN,0.02180789854615521,LOW_VOLATILITY
2025-08-27,111222.0625,112619.4140625,110398.265625,-0.005193022862549412,0.019970394250691043,0.01805440412512106,116003.9890625,TREND_DOWN,0.021752735847989552,LOW_VOLATILITY
2025-08-28,112544.8046875,113450.078125,110900.921875,0.01189280397942638,0.0226501459314641,0.017630599277492963,115796.79296875,TREND_DOWN,0.022305294767755824,LOW_VOLATILITY
2025-08-29,108410.8359375,112619.0546875,107559.625,-0.036731759955323295,0.04666904044921132,0.0090233937577371,115392.316796875,TREND_DOWN,0.023360886222801313,LOW_VOLATILITY
2025-08-30,108808.0703125,108929.3515625,107444.4453125,0.003664157476186425,0.013647023108996468,0.00936648383567267,114867.382421875,TREND_DOWN,0.022814794152417668,LOW_VOLATILITY
2025-08-31,108236.7109375,109491.0,108104.65625,-0.00525107534173741,0.012808443068826506,0.009061468605712785,114342.645703125,TREND_DOWN,0.02245675241877278,LOW_VOLATILITY
2025-09-01,109250.59375,109890.5859375,107271.1796875,0.009367272930950854,0.02397612827619072,0.008947487537879687,113796.530078125,TREND_DOWN,0.017477465843482986,LOW_VOLATILITY
2025-09-02,111200.5859375,111748.015625,108454.03125,0.017848801737061493,0.029622005560756445,0.0068143274402961565,113189.35625,TREND_DOWN,0.018894202182301683,LOW_VOLATILITY
2025-09-03,111723.2109375,112600.2265625,110582.9609375,0.004699840343410866,0.018055922382399975,0.010587801418342166,112857.537890625,TREND_DOWN,0.018450097298498676,LOW_VOLATILITY
2025-09-04,110723.6015625,112208.328125,109347.2265625,-0.008947195185422974,0.025840033399609007,0.009793167195222371,112523.800390625,TREND_DOWN,0.015968761826502614,LOW_VOLATILITY
2025-09-05,110650.984375,113357.4921875,110233.3984375,-0.0006558419928113235,0.02823376373600382,0.009362047111981745,112181.78203125,TREND_DOWN,0.015124904264758291,LOW_VOLATILITY
2025-09-06,110224.6953125,111275.015625,110024.0859375,-0.0038525555367432407,0.011348905832340628,0.008911097199745198,111820.363671875,TREND_DOWN,0.015088827568238978,LOW_VOLATILITY
2025-09-07,111167.6171875,111591.078125,110211.625,0.008554542812086785,0.012408767588076986,0.009943704187743478,111566.12890625,TREND_DOWN,0.014811269191790875,LOW_VOLATILITY
2025-09-08,112071.4296875,112869.234375,110630.609375,0.008130177859939192,0.019974983867361934,0.010024471941941223,111528.14140625,TREND_UP,0.008106264384243103,LOW_VOLATILITY
2025-09-09,111530.546875,113225.4375,110776.703125,-0.004826232823193166,0.02195572821627483,0.0094876445252145,111390.931640625,TREND_UP,0.008505199827052664,LOW_VOLATILITY
2025-09-10,113955.359375,114275.25,110940.078125,0.02174124101370767,0.029267354280589315,0.007342660070708727,111467.748046875,TREND_UP,0.009932929665203013,LOW_VOLATILITY
2025-09-11,115507.5390625,115522.546875,113453.8359375,0.013620945043858246,0.01790974817999231,0.005938588669048501,111399.420703125,TREND_UP,0.010217922800011735,LOW_VOLATILITY
2025-09-12,116101.578125,116769.3828125,114794.484375,0.005142859655061782,0.01701009124418394,0.007798756404175672,111435.783203125,TREND_UP,0.009276508466428671,LOW_VOLATILITY
2025-09-13,115950.5078125,116334.6328125,115248.2734375,-0.0013011908618274504,0.009369164443477197,0.007794061316446252,111560.387109375,TREND_UP,0.009444717370893894,LOW_VOLATILITY
2025-09-14,115407.65625,116181.5,115222.3984375,-0.004681752350561785,0.008310554027909218,0.007701380326548024,111824.55234375,TREND_UP,0.008886877908341279,LOW_VOLATILITY
2025-09-15,115444.875,116747.8828125,114461.0625,0.0003224981011604733,0.01980876424787155,0.011335004421534723,112006.66328125,TREND_UP,0.008832858496546216,LOW_VOLATILITY
2025-09-16,116843.1875,117005.2734375,114813.09375,0.012112382641498831,0.01876172444799146,0.009069656183288486,112287.71953125,TREND_UP,0.0086392707073459,LOW_VOLATILITY
2025-09-17,116468.5078125,117328.609375,114794.9765625,-0.0032066883445814875,0.02175380160771732,0.011310421270013655,112483.9046875,TREND_UP,0.009026820819684913,LOW_VOLATILITY
2025-09-18,117137.203125,117911.7890625,116188.796875,0.005741425944741474,0.014709179846656852,0.0161032204902455,112920.223046875,TREND_UP,0.008957462403694182,LOW_VOLATILITY
2025-09-19,115688.859375,117479.7578125,115141.8203125,-0.012364506846338497,0.020208838712997293,0.017138896441664858,113264.2625,TREND_UP,0.01007401101184675,LOW_VOLATILITY
2025-09-20,115721.9609375,116191.1484375,115473.5234375,0.0002861257573012477,0.00620128620519644,0.017097651838059072,113638.525,TREND_UP,0.007846111010893386,LOW_VOLATILITY
2025-09-21,115306.09375,115901.0859375,115252.578125,-0.003593675600818802,0.0056242284462957965,0.02052872420915901,113941.3,TREND_UP,0.006714503480472903,LOW_VOLATILITY
2025-09-22,112748.5078125,115431.3125,112037.6484375,-0.02218083931492132,0.03009941442545422,0.020473683029278995,114018.69609375,TREND_DOWN,0.009358381310723725,LOW_VOLATILITY
2025-09-23,112014.5,113351.9140625,111535.5703125,-0.00651013327573835,0.016215255614228517,0.020265410386332186,114033.260546875,TREND_DOWN,0.009405179659608465,LOW_VOLATILITY
2025-09-24,113328.6328125,113986.2734375,111229.640625,0.011731809832655538,0.024324239550836152,0.024745595314921133,114163.512109375,TREND_DOWN,0.01052379133569902,LOW_VOLATILITY
2025-09-25,109049.2890625,113541.0859375,108713.3984375,-0.03776048156409062,0.04427069210174384,0.015058198298911026,114083.42734375,TREND_DOWN,0.01543066573942428,LOW_VOLATILITY
2025-09-26,109712.828125,110359.1953125,108728.9765625,0.0060847628462732395,0.014858962054488558,0.014616785914662185,114057.833984375,TREND_DOWN,0.014766436733923898,LOW_VOLATILITY
2025-09-27,109681.9453125,109778.5,109144.296875,-0.0002814877077529365,0.005782201648530777,0.014338466655256234,113983.550390625,TREND_DOWN,0.014860495003543512,LOW_VOLATILITY
2025-09-28,112122.640625,112375.484375,109236.9453125,0.02225248016477188,0.027992018784118784,0.014243125327555662,113986.1109375,TREND_DOWN,0.017051495266833975,LOW_VOLATILITY
2025-09-29,114400.3828125,114473.5703125,111589.953125,0.02031473906432546,0.025206359599567008,0.014012137092809093,114129.602734375,TREND_UP,0.018398360603349716,LOW_VOLATILITY
2025-09-30,114056.0859375,114836.6171875,112740.5625,-0.003009577997342028,0.01837740327726648,0.019910427870687315,114134.6390625,TREND_DOWN,0.018402963098101993,LOW_VOLATILITY
2025-10-01,118648.9296875,118648.9296875,113981.3984375,0.04026829179914837,0.039339008470564714,0.01509977799387184,114291.70859375,TREND_UP,0.02255334081994209,LOW_VOLATILITY
2025-10-02,120681.2578125,121086.40625,118383.15625,0.017128920845327356,0.0223999156869908,0.015633301191194063,114520.692578125,TREND_UP,0.021033712894595387,LOW_VOLATILITY
2025-10-03,122266.53125,123944.703125,119344.3125,0.013136036748664148,0.03762591919446476,0.02999286733826887,114836.49375,TREND_UP,0.02054107531003218,LOW_VOLATILITY
2025-10-04,122425.4296875,122857.640625,121577.5703125,0.001299606980548873,0.010455918478436013,0.029720556327848344,115187.382421875,TREND_UP,0.02065077754086474,LOW_VOLATILITY
2025-10-05,123513.4765625,125559.2109375,122191.9609375,0.008887425412982486,0.0272622072806453,0.03529869023617514,115590.8125,TREND_UP,0.013049230721461354,LOW_VOLATILITY
2025-10-06,124752.53125,126198.0703125,123196.046875,0.010031736794915869,0.024063827863212196,0.03462208314498678,115986.2796875,TREND_UP,0.012888700929201122,LOW_VOLATILITY
2025-10-07,121451.3828125,125184.0234375,120681.96875,-0.026461574802715715,0.03706878080137133,0.03415330241877022,116235.4234375,TREND_UP,0.017661927944864465,LOW_VOLATILITY
2025-10-08,123354.8671875,124167.09375,121119.1796875,0.01567280940669602,0.02470850264762683,0.032388449798012475,116546.306640625,TREND_UP,0.017289320418166186,LOW_VOLATILITY
2025-10-09,121705.5859375,123739.34375,119812.03125,-0.013370216251727518,0.032268958484919584,0.03253872619237913,116847.14296875,TREND_UP,0.018251904863000365,LOW_VOLATILITY
2025-10-10,113214.3671875,122509.6640625,104582.4140625,-0.06976852117831744,0.15834783557381707,0.022621927012911085,116721.76328125,TREND_DOWN,0.030294947365404452,HIGH_VOLATILITY
2025-10-11,110807.8828125,113429.7265625,109760.5625,-0.02125599811033263,0.0331128433227865,0.022479900589120062,116496.852734375,TREND_DOWN,0.02722894486583495,HIGH_VOLATILITY
2025-10-12,115169.765625,115805.0625,109715.5390625,0.03936437283871608,0.0528743234342238,0.014970956158722485,116617.915625,TREND_DOWN,0.030124145129634853,HIGH_VOLATILITY
2025-10-13,115271.078125,116020.484375,113821.1875,0.000879679657679322,0.019079346795169917,0.017754270041255227,116780.74453125,TREND_DOWN,0.029582806652288428,HIGH_VOLATILITY
2025-10-14,113118.6640625,115502.8828125,110029.484375,-0.01867262888064536,0.048386342632864315,0.01780645284269923,116770.24609375,TREND_DOWN,0.029748561595145828,HIGH_VOLATILITY
2025-10-15,110783.1640625,113622.3828125,110235.8359375,-0.02064646024028005,0.030569147430104346,0.016630434739627196,116856.93984375,TREND_DOWN,0.029408356332882392,HIGH_VOLATILITY
2025-10-16,108186.0390625,111990.8125,107537.03125,-0.023443318504017374,0.0411678002873089,0.01663063506593028,116780.600390625,TREND_DOWN,0.02871847783530686,HIGH_VOLATILITY
2025-10-17,106467.7890625,109235.8046875,103598.4296875,-0.01588236351834038,0.05294911305700807,0.014546950325553741,116619.892578125,TREND_DOWN,0.02839201117539636,HIGH_VOLATILITY
2025-10-18,107198.265625,107490.984375,106387.453125,0.006861009972426446,0.01029430134495238,0.014544426766370215,116373.673828125,TREND_DOWN,0.027537030743666223,HIGH_VOLATILITY
2025-10-19,108666.7109375,109488.9921875,106157.7890625,0.013698405510000455,0.030655230992644583,0.016162206010786176,116086.990234375,TREND_DOWN,0.02886003921814827,HIGH_VOLATILITY
2025-10-20,110588.9296875,111711.03125,107485.015625,0.01768912239467313,0.03821373112970521,0.01590064600885711,115913.632421875,TREND_DOWN,0.021293507081019368,LOW_VOLATILITY
2025-10-21,108476.890625,113996.34375,107534.75,-0.019098105646452646,0.05956654650378443,0.013920864040301396,115405.03046875,TREND_DOWN,0.0210882137631611,LOW_VOLATILITY
2025-10-22,107688.5859375,109115.1328125,106778.0,-0.007267028792566799,0.021702697571462388,0.01797012879654541,114755.396875,TREND_DOWN,0.015306818984016955,LOW_VOLATILITY
2025-10-23,110069.7265625,111288.59375,107548.4296875,0.022111355667553845,0.033979952338450234,0.017039169607755887,114145.556640625,TREND_DOWN,0.01773729249144921,LOW_VOLATILITY
2025-10-24,111033.921875,111842.53125,109770.1484375,0.008759859251149305,0.0186644115375214,0.017366873540008723,113575.98125,TREND_DOWN,0.017414202421146458,LOW_VOLATILITY
2025-10-25,111641.7265625,111947.703125,110704.40625,0.005474045023684315,0.011136489136111392,0.01731127892028028,112982.39375,TREND_DOWN,0.01617507296012535,LOW_VOLATILITY
2025-10-26,114472.4453125,115260.90625,111268.484375,0.025355383127430242,0.03487670647814877,0.013216690847980847,112468.389453125,TREND_UP,0.015358606071623938,LOW_VOLATILITY
2025-10-27,114119.328125,116273.3125,113882.2890625,-0.0030847352525406047,0.020951958592684714,0.017881043678793715,112101.78671875,TREND_UP,0.013808935424629278,LOW_VOLATILITY
2025-10-28,112956.1640625,116078.984375,112291.6796875,-0.01019252462848308,0.03352897753684729,0.022698479870228355,111581.8515625,TREND_UP,0.014848735685209767,LOW_VOLATILITY
2025-10-29,110055.3046875,113642.7265625,109368.71875,-0.025681284408657135,0.03883509136280133,0.025958192404324888,110999.3375,TREND_DOWN,0.017391269339076636,LOW_VOLATILITY
2025-10-30,108305.546875,111612.3515625,106376.6875,-0.015898895718551742,0.04834160588785633,0.02663769337365202,110753.896484375,TREND_DOWN,0.017138815517641612,LOW_VOLATILITY
2025-10-31,109556.1640625,111031.8203125,108288.2734375,0.011547120379193476,0.025042378021147685,0.027971496510967135,110691.310546875,TREND_DOWN,0.016458659112339364,LOW_VOLATILITY
2025-11-01,110064.015625,110574.8984375,109372.953125,0.004635536182247879,0.010920420317891704,0.027418295754156375,110436.023046875,TREND_DOWN,0.016213915057600708,LOW_VOLATILITY
2025-11-02,110639.625,111167.3125,109523.453125,0.005229768982454308,0.0148577815136304,0.029936856995461468,110204.450390625,TREND_UP,0.01473356568351084,LOW_VOLATILITY
2025-11-03,106547.5234375,110764.9140625,105336.359375,-0.03698585893164408,0.0509496092669329,0.02751987788451036,109875.893359375,TREND_DOWN,0.01853485607955948,LOW_VOLATILITY
2025-11-04,101590.5234375,107264.8828125,98962.0625,-0.046523840630681046,0.08172829543109912,0.022904574750489105,109416.261328125,TREND_DOWN,0.02247011420518635,LOW_VOLATILITY
2025-11-05,103891.8359375,104534.703125,98989.9140625,0.02265282648549194,0.05337078715054833,0.021515066612262657,109201.551171875,TREND_DOWN,0.022020617935940637,LOW_VOLATILITY
2025-11-06,101301.2890625,104147.3046875,100336.8671875,-0.02493503798083263,0.03761489646641188,0.020645519236922396,108943.226171875,TREND_DOWN,0.022401786945084816,LOW_VOLATILITY
2025-11-07,103372.40625,104052.9140625,99257.0546875,0.020445121741957006,0.04639399960760805,0.02543930515982627,108751.933203125,TREND_DOWN,0.02460473165504625,LOW_VOLATILITY
2025-11-08,102282.1171875,103373.5625,101458.0390625,-0.010547196317199026,0.01872784304990998,0.027142028923894505,108432.703515625,TREND_DOWN,0.023889056596145174,LOW_VOLATILITY
2025-11-09,104719.640625,105418.3671875,101468.875,0.02383137448193029,0.03771491349596102,0.022858633602069554,108139.2390625,TREND_DOWN,0.025501067991374284,LOW_VOLATILITY
2025-11-10,105996.59375,106564.6953125,104350.6484375,0.012194017448672767,0.02088790589084378,0.019539323825428893,108015.22421875,TREND_DOWN,0.0255430398135752,LOW_VOLATILITY
2025-11-11,102997.46875,107428.2578125,102457.328125,-0.028294541304540788,0.04826263934277511,0.021819437543694913,107780.668359375,TREND_DOWN,0.02655199028863413,HIGH_VOLATILITY
2025-11-12,101663.1875,105297.234375,100836.6171875,-0.012954505253314763,0.04387642466453258,0.021816925658271688,107360.34140625,TREND_DOWN,0.026296590647450296,HIGH_VOLATILITY
2025-11-13,99697.4921875,104005.4921875,97988.71875,-0.01933536967351135,0.06035029874356638,0.026217679671423744,106793.519921875,TREND_DOWN,0.024686249224849088,LOW_VOLATILITY
2025-11-14,94397.7890625,99804.4296875,94000.734375,-0.053157837862490065,0.06148126317510912,0.021680429363608335,105931.323046875,TREND_DOWN,0.025943050693499187,HIGH_VOLATILITY
2025-11-15,95549.1484375,96728.46875,94420.46875,0.012196889211437911,0.024155108001927345,0.018931221938962125,104985.158203125,TREND_DOWN,0.0248002311101265,LOW_VOLATILITY
2025-11-16,94177.078125,96564.1875,92971.1640625,-0.01435983820826503,0.03815178288639436,0.02490280054385969,103988.045703125,TREND_DOWN,0.024219161311629402,LOW_VOLATILITY
2025-11-17,92093.875,95928.3671875,91214.7578125,-0.02212006537551514,0.05118265872730407,0.02639879255741268,102944.93125,TREND_DOWN,0.022542469383750863,LOW_VOLATILITY
2025-11-18,92948.875,93745.078125,89300.4609375,0.009284005043766586,0.047817869635323716,0.025569047609759584,102089.609765625,TREND_DOWN,0.023465049212438728,LOW_VOLATILITY
2025-11-19,91465.9921875,92946.1640625,88526.828125,-0.015953746750565823,0.048316711291346584,0.030265370850703348,101247.63203125,TREND_DOWN,0.020401624150810756,LOW_VOLATILITY
2025-11-20,86631.8984375,93025.0703125,86040.796875,-0.05285126891851111,0.080620112954569,0.01987864914329962,100101.41875,TREND_DOWN,0.021714810730824742,LOW_VOLATILITY
2025-11-21,85090.6875,87380.8046875,80659.8125,-0.017790340109098413,0.07898622499083698,0.017473943797699756,98852.75234375,TREND_DOWN,0.02150889099668402,LOW_VOLATILITY
2025-11-22,84648.359375,85503.0078125,83490.8984375,-0.0051983141515926645,0.02377021114001951,0.016915601415029364,97553.1890625,TREND_DOWN,0.021875978100875798,LOW_VOLATILITY
2025-11-23,86805.0078125,88038.46875,84641.7734375,0.025477734635657168,0.03913017691141631,0.01626412700589737,96566.06328125,TREND_DOWN,0.025794775956935558,HIGH_VOLATILITY
2025-11-24,88270.5625,89206.3359375,85272.1953125,0.01688329653360121,0.044569112437682724,0.024210674426297388,95900.065234375,TREND_DOWN,0.023191888838380584,LOW_VOLATILITY
2025-11-25,87341.890625,88457.3359375,86131.4296875,-0.010520742688141405,0.02662990500155549,0.0329833396083414,95072.56796875,TREND_DOWN,0.02225693229983143,LOW_VOLATILITY
2025-11-26,90518.3671875,90581.15625,86316.8984375,0.03636830551491177,0.04710930991129131,0.03142005459382611,94533.421875,TREND_DOWN,0.026250159353631165,HIGH_VOLATILITY
2025-11-27,91285.375,91897.578125,90089.515625,0.008473504729832548,0.0198067050718694,0.03222684604857048,93929.0703125,TREND_DOWN,0.025632866595145073,LOW_VOLATILITY
2025-11-28,90919.265625,92969.0859375,90257.1171875,-0.004010602738938163,0.02982831780874275,0.03441126883965435,93360.927734375,TREND_DOWN,0.02540804144960251,LOW_VOLATILITY
2025-11-29,90851.7578125,91187.6171875,90260.1875,-0.0007425028351905061,0.010208164484984768,0.03440876248228609,92667.53359375,TREND_DOWN,0.02492473698531377,LOW_VOLATILITY
2025-11-30,90394.3125,91965.046875,90394.3125,-0.005035073877646679,0.017376473492179058,0.03479840213623048,91887.41953125,TREND_DOWN,0.017101137956023485,LOW_VOLATILITY
2025-12-01,86321.5703125,90398.15625,83862.25,-0.045055292472078956,0.07571579416753906,0.02848142781582129,91053.624609375,TREND_DOWN,0.022387001888856537,LOW_VOLATILITY
2025-12-02,91350.203125,92316.6328125,86202.1953125,0.05825464938016567,0.06693403288477909,0.019695597972377688,90537.975390625,TREND_UP,0.02840848679548528,HIGH_VOLATILITY
2025-12-03,93527.8046875,94060.7734375,91056.390625,0.023837949867722363,0.03212288391177791,0.01738585825343833,90229.491015625,TREND_UP,0.028300982015285112,HIGH_VOLATILITY
2025-12-04,92141.625,94038.2421875,90976.1015625,-0.014821043775501641,0.033232978309206074,0.01659568786843277,90116.6828125,TREND_UP,0.028944534319246918,HIGH_VOLATILITY
2025-12-05,89387.7578125,92702.640625,88152.140625,-0.029887330373216225,0.05090741854768458,0.014908620013014027,89808.61328125,TREND_DOWN,0.03067066808624591,HIGH_VOLATILITY
2025-12-06,89272.375,90267.4609375,88951.6640625,-0.0012908122468182626,0.014739127025577621,0.014870848094978274,89563.378125,TREND_DOWN,0.02830320201550069,HIGH_VOLATILITY
2025-12-07,90405.640625,91740.84375,87799.5625,0.012694471554050235,0.04359552371680348,0.01661656689844734,89478.96640625,TREND_UP,0.02849148852922347,HIGH_VOLATILITY
2025-12-08,90640.203125,92267.1171875,89644.890625,0.0025945560296725123,0.02893006052605313,0.01741139127513513,89363.5328125,TREND_UP,0.028480339935006094,HIGH_VOLATILITY
2025-12-09,92691.7109375,94601.5703125,89586.9765625,0.022633530616329445,0.05409969995462951,0.01576336313103827,89424.81875,TREND_UP,0.02935355365546565,HIGH_VOLATILITY
2025-12-10,92020.9453125,94477.15625,91640.1328125,-0.007236522211271801,0.03083019227704698,0.016378279640751264,89694.27109375,TREND_UP,0.029423620242632266,HIGH_VOLATILITY
2025-12-11,92511.3359375,93554.265625,89335.296875,0.005329119618741718,0.04560488406361687,0.015128403691654892,90065.303515625,TREND_UP,0.024306821909980347,LOW_VOLATILITY
2025-12-12,90270.4140625,92747.9296875,89532.6015625,-0.024223213861206738,0.0356188476411975,0.020565179393818866,90346.40625,TREND_DOWN,0.01831746760377436,LOW_VOLATILITY
2025-12-13,90298.7109375,90647.5703125,89800.9921875,0.00031346787642294593,0.0093753068699503,0.020655781881234618,90521.09140625,TREND_DOWN,0.01615030237070072,LOW_VOLATILITY
2025-12-14,88175.1796875,90498.109375,87634.9375,-0.023516739363752315,0.03247140391601484,0.018583184686474158,90516.322265625,TREND_DOWN,0.01704359308259606,LOW_VOLATILITY
2025-12-15,86419.78125,89983.921875,85304.078125,-0.019908078936967,0.054152460030671506,0.016316565540476526,90470.216796875,TREND_DOWN,0.015607972824922283,LOW_VOLATILITY
2025-12-16,87843.984375,88170.09375,85381.6875,0.01648005936140917,0.031742711465551056,0.016109011533622524,90336.49765625,TREND_DOWN,0.016821703981903663,LOW_VOLATILITY
2025-12-17,86143.7578125,90264.5703125,85316.265625,-0.01935507109105894,0.05744240573148029,0.013821911969665833,90079.416796875,TREND_DOWN,0.016873254650386162,LOW_VOLATILITY
2025-12-18,85462.5078125,89412.6640625,84436.3125,-0.007908292107279613,0.058228475736024965,0.013431397701175383,89806.57890625,TREND_DOWN,0.01669546013248469,LOW_VOLATILITY
2025-12-19,88103.3828125,89339.1171875,85107.6640625,0.03090097713717843,0.0480282707646459,0.0054767500783940454,89669.16015625,TREND_DOWN,0.018376617819615363,LOW_VOLATILITY
2025-12-20,88344.0,88497.203125,87924.875,0.002731077738661547,0.006478404022910441,0.005942563506371482,89566.64453125,TREND_DOWN,0.018506416997173113,LOW_VOLATILITY
2025-12-21,88621.75,89027.953125,87613.203125,0.0031439599746445612,0.015963914050444727,0.005719738046385094,89681.653515625,TREND_DOWN,0.0183977111543234,LOW_VOLATILITY
2025-12-22,88490.015625,90501.9296875,87908.0703125,-0.0014864790528285043,0.029312452446524247,0.006258072552062963,89538.644140625,TREND_DOWN,0.016990282685378198,LOW_VOLATILITY
2025-12-23,87414.0,88898.3828125,86606.9765625,-0.01215974047919599,0.02621326389365548,0.007309616956196688,89232.95390625,TREND_DOWN,0.017268523650110158,LOW_VOLATILITY
2025-12-24,87611.9609375,87956.8828125,86411.796875,0.0022646365284737513,0.01763555935704056,0.008597597799912765,89006.470703125,TREND_DOWN,0.015739861642300727,LOW_VOLATILITY
2025-12-25,87234.7421875,88501.7890625,86949.2578125,-0.004305562231041726,0.017797166714415585,0.009811466469770096,88898.819921875,TREND_DOWN,0.014314253813530695,LOW_VOLATILITY
2025-12-26,87301.4296875,89459.4296875,86628.140625,0.0007644603322913834,0.032431187812556404,0.01061554477659746,88800.27265625,TREND_DOWN,0.013252951142264945,LOW_VOLATILITY
2025-12-27,87802.15625,87874.78125,87182.9765625,0.005735605525503784,0.007879130958130654,0.010667607424570758,88670.0984375,TREND_DOWN,0.011562578015413936,LOW_VOLATILITY
2025-12-28,87835.8359375,87986.890625,87394.953125,0.00038358610925337544,0.0067391343599347755,0.010601490823964988,88529.880078125,TREND_DOWN,0.01106210510141476,LOW_VOLATILITY
2025-12-29,87138.140625,90299.15625,86717.9140625,-0.007943173820266769,0.0410984462350639,0.011277213919169552,88252.2015625,TREND_DOWN,0.00553756976002628,LOW_VOLATILITY
2025-12-30,88430.1328125,89297.9375,86735.546875,0.014826942349620564,0.028976442118809013,0.011982461750447558,88072.6609375,TREND_UP,0.007453790242278808,LOW_VOLATILITY
2025-12-31,87508.828125,89080.2890625,87130.5625,-0.01041844740246467,0.022280341358416517,0.01655979843822092,87822.535546875,TREND_DOWN,0.00805272409914771,LOW_VOLATILITY
2026-01-01,88731.984375,88803.2265625,87399.40625,0.013977518339667538,0.015820905194311452,0.016480512880326367,87745.6140625,TREND_UP,0.009375053531941563,LOW_VOLATILITY
2026-01-02,89944.6953125,90884.4609375,88298.6171875,0.013667122921255048,0.0287492635448467,0.01616134192616842,87727.91328125,TREND_UP,0.009111085307318238,LOW_VOLATILITY
2026-01-03,90603.1875,90679.5703125,89328.0703125,0.007321078638514056,0.014916693742148972,0.0159283798203437,87849.313671875,TREND_UP,0.009211950050637697,LOW_VOLATILITY
2026-01-04,91413.4921875,91712.5859375,90595.1015625,0.008943445698309516,0.012224501528810496,0.015608867746898325,88098.99921875,TREND_UP,0.00892883281356237,LOW_VOLATILITY
2026-01-05,93882.5546875,94762.0703125,91414.625,0.027009825802690735,0.035655669188406694,0.010292277157667014,88400.927734375,TREND_UP,0.01120277467542298,LOW_VOLATILITY
2026-01-06,93729.03125,94395.296875,91286.546875,-0.0016352711961346023,0.03316741844592574,0.021419793784189383,88780.19140625,TREND_UP,0.011557683621192708,LOW_VOLATILITY
2026-01-07,91308.0546875,93738.7890625,90601.8046875,-0.025829527204251357,0.034356053096698494,0.0177358494515752,89072.46875,TREND_UP,0.015446083552095358,LOW_VOLATILITY
2026-01-08,91027.125,91485.8515625,89233.875,-0.003076724046541912,0.024739620882237027,0.019391741327112723,89218.655859375,TREND_UP,0.015101082370944015,LOW_VOLATILITY
2026-01-09,90513.1015625,91910.671875,89625.3828125,-0.005646925984974294,0.025248157703688788,0.018902667837638224,89327.1109375,TREND_UP,0.014929107325314855,LOW_VOLATILITY
2026-01-10,90386.6484375,90713.03125,90283.3984375,-0.001397069847536736,0.00475327739137357,0.019185583224160824,89415.355859375,TREND_UP,0.014326772621402997,LOW_VOLATILITY
2026-01-11,90827.4609375,91155.2265625,90212.0234375,0.004876964768804504,0.010384558978798659,0.02107680647800972,89532.228125,TREND_UP,0.013856847862528554,LOW_VOLATILITY
2026-01-12,91192.9921875,92395.5234375,90055.0234375,0.004024457429802286,0.025665349319690563,0.02194430098700296,89721.177734375,TREND_UP,0.013312283343963024,LOW_VOLATILITY
2026-01-13,95321.78125,96011.625,90941.9296875,0.04527528885126264,0.05318506689676448,0.01905118424757046,90106.66875,TREND_UP,0.019253862692965383,LOW_VOLATILITY
2026-01-14,96929.328125,97860.6015625,94583.046875,0.016864423365986925,0.03381385955005556,0.017949895562242503,90591.398046875,TREND_UP,0.019582616206934127,LOW_VOLATILITY
2026-01-15,95551.1875,97150.171875,95103.2421875,-0.01421799419905967,0.021422336457095313,0.018459189057552138,91003.8859375,TREND_UP,0.019010315164358672,LOW_VOLATILITY
2026-01-16,95525.1171875,95801.890625,94259.2734375,-0.00027284132392391136,0.016148812301084097,0.01852057848306795,91390.033984375,TREND_UP,0.01898684184920974,LOW_VOLATILITY
2026-01-17,95099.921875,95598.4765625,95005.6171875,-0.004451136256293897,0.006234067949911237,0.018523051100273063,91753.23828125,TREND_UP,0.016544105552734063,LOW_VOLATILITY
2026-01-18,93634.4296875,95491.5078125,93588.8671875,-0.01541002514624834,0.020319882668693164,0.01987568386111469,92078.052734375,TREND_UP,0.017574302654896005,LOW_VOLATILITY
2026-01-19,92553.59375,93660.828125,92089.25,-0.011543146480490485,0.016980195596132647,0.02296589559898919,92284.22578125,TREND_UP,0.017989329548982746,LOW_VOLATILITY
2026-01-20,88310.90625,92798.4296875,87814.9296875,-0.04584033237499219,0.05643130856218566,0.015477064870277137,92324.3296875,TREND_DOWN,0.02363026217908718,LOW_VOLATILITY
2026-01-21,89376.9609375,90430.40625,87231.5703125,0.012071608510981546,0.035790386067578416,0.014749891076200795,92356.578515625,TREND_DOWN,0.02397230799489832,LOW_VOLATILITY
2026-01-22,89462.453125,90258.9609375,88438.4453125,0.000956534957143873,0.020349493685985934,0.02439499818320074,92332.46640625,TREND_DOWN,0.023915448835354645,LOW_VOLATILITY
2026-01-23,89503.875,91100.25,88486.359375,0.00046300848627667257,0.02920421741516778,0.024171764167848026,92277.50078125,TREND_DOWN,0.017475698106446953,LOW_VOLATILITY
2026-01-24,89110.734375,89811.609375,89044.2890625,-0.00439244250598092,0.008610862853749207,0.0321312833262149,92162.362890625,TREND_DOWN,0.015554030194186752,LOW_VOLATILITY
2026-01-25,86572.21875,89193.1484375,86003.7109375,-0.028487203509257375,0.03684135102520981,0.03181766722482955,91796.84609375,TREND_DOWN,0.016768113939296513,LOW_VOLATILITY
2026-01-26,88267.140625,88743.0703125,86429.2890625,0.019578126787931138,0.026213393043171326,0.032334490164275774,91523.7515625,TREND_DOWN,0.01902946488660902,LOW_VOLATILITY
2026-01-27,89102.5703125,89427.125,87228.921875,0.009464787027023913,0.02467047939571749,0.03117255304882932,91413.47734375,TREND_DOWN,0.019787615113520594,LOW_VOLATILITY
2026-01-28,89184.5703125,90439.2890625,88721.4609375,0.0009202877056453396,0.01926149466192171,0.029530327728694197,91321.349609375,TREND_DOWN,0.019626721437269748,LOW_VOLATILITY
2026-01-29,84561.5859375,89200.78125,83250.6015625,-0.05183614563372574,0.07036504367240481,0.05227522387957937,91023.773828125,TREND_DOWN,0.024678037418720284,LOW_VOLATILITY
2026-01-30,84128.65625,84602.1640625,81071.4765625,-0.005119696877728619,0.041967715370468665,0.08185891107167262,90710.87421875,TREND_DOWN,0.02094828520119603,LOW_VOLATILITY
2026-01-31,78621.1171875,84136.921875,75815.8828125,-0.06546567255435032,0.10583720201603755,0.07958715823937859,90100.55703125,TREND_DOWN,0.027424745537885684,HIGH_VOLATILITY
2026-02-01,76974.4453125,79322.609375,75698.8984375,-0.02094439679701987,0.047076804812149,0.0802666936886947,89389.6296875,TREND_DOWN,0.027113039036932768,HIGH_VOLATILITY
2026-02-02,78688.765625,79258.609375,74551.3359375,0.022271291537603544,0.05982141669286098,0.07914816627056469,88557.97890625,TREND_DOWN,0.02925045455267128,HIGH_VOLATILITY
2026-02-03,75633.546875,79118.8515625,72897.140625,-0.03882661934945053,0.0822612609690599,0.07844614306890951,87493.18984375,TREND_DOWN,0.030213866577340938,HIGH_VOLATILITY
2026-02-04,73019.703125,76864.65625,71779.9296875,-0.03455931736640505,0.06963499363720536,0.0780863707101346,86366.615625,TREND_DOWN,0.03055526630161645,HIGH_VOLATILITY
2026-02-05,62702.09765625,73161.5546875,62353.53515625,-0.14129892381358544,0.17237094029138403,0.052966066808020455,84725.4646484375,TREND_DOWN,0.047261853991487385,HIGH_VOLATILITY
2026-02-06,70555.390625,71681.3046875,60074.203125,0.1252476912623226,0.16451048544527846,0.023159704985941075,83498.2380859375,TREND_DOWN,0.06822756150373875,HIGH_VOLATILITY
2026-02-07,69281.96875,71611.1484375,67364.4453125,-0.018048541205989532,0.06129593603674838,0.02284132946124397,82280.6150390625,TREND_DOWN,0.06781404775679957,HIGH_VOLATILITY
2026-02-08,70264.7265625,72206.90625,68852.8984375,0.014184900201757111,0.04773387696195804,0.022661712193615253,81166.1716796875,TREND_DOWN,0.06789311510508475,HIGH_VOLATILITY
2026-02-09,70120.78125,71369.96875,68291.03125,-0.00204861414171964,0.04390905870005549,0.022703213648822714,80256.6654296875,TREND_DOWN,0.06795600266155934,HIGH_VOLATILITY
2026-02-10,68793.9609375,70464.265625,67913.09375,-0.018921927121284043,0.03708424170135755,0.022786020529195237,79227.5154296875,TREND_DOWN,0.06574568287942846,HIGH_VOLATILITY
2026-02-11,66991.96875,69242.6796875,65757.3046875,-0.02619404614799148,0.052026758804576856,0.021277426811128916,78103.9912109375,TREND_DOWN,0.06585216946671958,HIGH_VOLATILITY
2026-02-12,66221.84375,68339.4921875,65092.109375,-0.011495780977477277,0.049037940181180774,0.020951894498003738,76939.8896484375,TREND_DOWN,0.06476665916585853,HIGH_VOLATILITY
2026-02-13,68857.84375,69382.8359375,65835.78125,0.039805596623848194,0.051512718004620935,0.014698517800252131,75927.2451171875,TREND_DOWN,0.06633330545487846,HIGH_VOLATILITY
2026-02-14,69767.625,70481.1640625,68706.6171875,0.013212456278809848,0.02543510510784909,0.013241776245460357,75087.0154296875,TREND_DOWN,0.06587326719873066,HIGH_VOLATILITY
2026-02-15,68788.1875,70939.2890625,68052.546875,-0.014038567315427408,0.04196566725209906,0.012472055130724866,74113.0677734375,TREND_DOWN,0.045112507563996006,HIGH_VOLATILITY
2026-02-16,68843.15625,70067.234375,67301.5859375,0.000799101589935125,0.0401731789788473,0.020189659655533487,73100.0970703125,TREND_DOWN,0.020034740519387254,LOW_VOLATILITY
2026-02-17,67494.21875,69201.8671875,66615.28125,-0.019594358734823403,0.038323073966983284,0.019629865277515306,72015.5794921875,TREND_DOWN,0.020175440223812544,LOW_VOLATILITY
2026-02-18,66425.3203125,68434.4296875,65845.8984375,-0.015836888807606253,0.03896904430151294,0.03161483823860527,71108.7662109375,TREND_DOWN,0.019655497028634165,LOW_VOLATILITY
2026-02-19,66957.5234375,67277.125,65637.4296875,0.008012052068341324,0.02448858960607372,0.03180237948223355,70250.2095703125,TREND_DOWN,0.020100322218530357,LOW_VOLATILITY
2026-02-20,68005.421875,68269.03125,66452.484375,0.015650197075734784,0.026711794808640027,0.032314417321084705,69719.4248046875,TREND_DOWN,0.02030203158895335,LOW_VOLATILITY
2026-02-21,68003.765625,68657.703125,67533.0703125,-2.435467576455963e-05,0.016537802019695142,0.03328798144901198,69270.8908203125,TREND_DOWN,0.01827446735598189,LOW_VOLATILITY
2026-02-22,67659.390625,68235.2265625,67185.6015625,-0.005064057803784272,0.015513367624274254,0.03391882525414922,68719.4220703125,TREND_DOWN,0.017869120756848222,LOW_VOLATILITY
2026-02-23,64616.73828125,67668.4296875,63924.4375,-0.04497014110892317,0.057941522383936295,0.03288497490103594,68168.581640625,TREND_DOWN,0.01820108883697285,LOW_VOLATILITY
2026-02-24,64080.04296875,64992.15625,62553.1875,-0.008305824880296298,0.03806128455921003,0.03277221623447606,67721.5986328125,TREND_DOWN,0.016876775720567297,LOW_VOLATILITY
2026-02-25,67960.125,69953.53125,63942.484375,0.060550552894326426,0.08844961475571153,0.03386029695572466,67984.5,TREND_DOWN,0.027325417191787583,HIGH_VOLATILITY
2026-02-26,67453.7734375,68843.3515625,66523.734375,-0.007450715585058165,0.03438824945277918,0.036075785795041775,67829.419140625,TREND_DOWN,0.027393595465259508,HIGH_VOLATILITY
2026-02-27,65881.796875,68220.40625,64946.03515625,-0.023304501473983996,0.04970069501842196,0.038550641883468996,67659.410546875,TREND_DOWN,0.02768639188163965,HIGH_VOLATILITY
2026-02-28,66995.859375,67714.5234375,63062.21875,0.016910019957618205,0.06944167491694332,0.03870598441953511,67495.9671875,TREND_DOWN,0.027814046566508818,HIGH_VOLATILITY
2026-03-01,65738.1015625,68162.8203125,65076.73046875,-0.018773664883674046,0.04694522309586205,0.0387576048874433,67276.833203125,TREND_DOWN,0.028369396136855157,HIGH_VOLATILITY
2026-03-02,68775.8515625,70044.0,65303.13671875,0.04620988327616793,0.0689320913306576,0.0370720293670942,67275.927734375,TREND_UP,0.03185171997874305,HIGH_VOLATILITY
2026-03-03,68293.6484375,69232.890625,66237.6171875,-0.007011227255569463,0.04385874098147167,0.03782118945516749,67341.01171875,TREND_UP,0.03196718859028295,HIGH_VOLATILITY
2026-03-04,72710.578125,74051.8046875,67437.40625,0.06467555605177866,0.09096886048861959,0.02699717424737196,67665.4484375,TREND_UP,0.03763187931077896,HIGH_VOLATILITY
2026-03-05,70841.125,73555.7890625,70654.8828125,-0.025710882421896564,0.04094946614695913,0.025434013737259027,67764.6125,TREND_UP,0.035031070921152895,HIGH_VOLATILITY
2026-03-06,68136.4921875,71378.5703125,67757.8203125,-0.03817885179689062,0.05313965958265526,0.019231409689281123,67683.055859375,TREND_UP,0.037900796602230856,HIGH_VOLATILITY
2026-03-07,67272.59375,68515.1640625,66969.2578125,-0.01267893913767526,0.022979733110112168,0.01750998377203643,67607.276171875,TREND_DOWN,0.03313450190281189,HIGH_VOLATILITY
2026-03-08,65969.78125,68177.7890625,65639.1953125,-0.01936617019467901,0.03848116064504913,0.013034837774459563,67463.607421875,TREND_DOWN,0.03362164050810036,HIGH_VOLATILITY
2026-03-09,68402.3828125,69474.9453125,65858.0078125,0.03687448277691541,0.05287736115735186,0.010791827963769658,67509.015625,TREND_UP,0.034698016499821044,HIGH_VOLATILITY
2026-03-10,69926.921875,71770.8984375,68402.71875,0.022287806357257578,0.048167137880327296,0.01349681342008935,67684.095703125,TREND_UP,0.03495597423530589,HIGH_VOLATILITY
2026-03-11,70204.8828125,71337.6640625,68998.8671875,0.003975020350486469,0.03331387762937162,0.0216200676310816,67846.463671875,TREND_UP,0.03397548393764689,HIGH_VOLATILITY
2026-03-12,70493.4609375,70775.828125,69230.15625,0.004110513591636167,0.02192645749611306,0.022979964813797812,67970.865625,TREND_UP,0.031076546291457514,HIGH_VOLATILITY
2026-03-13,70968.265625,73927.328125,70410.7265625,0.006735442992662266,0.049551747270842224,0.02310270520336675,68119.090625,TREND_UP,0.030893021604307146,HIGH_VOLATILITY
2026-03-14,71214.625,71291.203125,70339.5859375,0.0034714019404360474,0.013362665147783899,0.024797144593940834,68296.85234375,TREND_UP,0.02252631616847563,LOW_VOLATILITY
2026-03-15,72789.9140625,73173.0078125,70882.421875,0.022120302711697182,0.03146845228493087,0.021798186835727238,68705.5111328125,TREND_UP,0.021967592571894977,LOW_VOLATILITY
2026-03-16,74861.0859375,74901.859375,72300.6328125,0.028454105238008953,0.03474737949529227,0.027009583520181422,69244.56328125,TREND_UP,0.01782645812167771,LOW_VOLATILITY
2026-03-17,73922.4765625,75988.3984375,73444.2265625,-0.01253801442025071,0.03441675649014482,0.026916631627643413,69542.680859375,TREND_UP,0.0178069352961407,LOW_VOLATILITY
2026-03-18,71245.578125,74658.9765625,70503.859375,-0.0362122396594321,0.05832105369697286,0.023972554676079373,69732.27109375,TREND_UP,0.021306093464977905,LOW_VOLATILITY
2026-03-19,69912.7890625,71598.84375,68805.5234375,-0.01870697238447039,0.03995435384508624,0.026827249675639597,69933.820703125,TREND_DOWN,0.020133241018816035,LOW_VOLATILITY
2026-03-20,70522.5859375,71346.796875,69398.8828125,0.008722250723753211,0.027621137776007266,0.02902561997938629,70110.15703125,TREND_UP,0.019071063158957936,LOW_VOLATILITY
2026-03-21,68711.5234375,71051.2734375,68602.9140625,-0.025680602546325204,0.035632442020107846,0.028068522412706354,70258.828125,TREND_DOWN,0.020787787673667422,LOW_VOLATILITY
2026-03-22,67845.2109375,69561.7734375,67372.875,-0.012607965253281006,0.032263123767371664,0.02786310938431226,70212.29609375,TREND_DOWN,0.02091788461975985,LOW_VOLATILITY
2026-03-23,70914.859375,71782.2578125,67458.84375,0.04524488014825101,0.0609662643429588,0.0196546897123513,70343.356640625,TREND_UP,0.0259713312624518,HIGH_VOLATILITY
2026-03-24,70517.859375,71371.3046875,68920.6953125,-0.005598262529164066,0.034751613232729385,0.02307650167152946,70233.720703125,TREND_UP,0.026003775174768342,HIGH_VOLATILITY
2026-03-25,71309.8828125,71985.7421875,70383.59375,0.011231529778693128,0.022467410887669518,0.02208928188312902,70257.15859375,TREND_UP,0.025157140861351082,LOW_VOLATILITY
2026-03-26,68791.625,71410.390625,68118.3515625,-0.03531428903229905,0.04785523037869799,0.01901136706198615,70289.915234375,TREND_DOWN,0.024723198009459105,LOW_VOLATILITY
2026-03-27,66338.375,69117.53125,65532.5703125,-0.035662044616623034,0.054040529896911105,0.012832400247771724,70243.204296875,TREND_DOWN,0.026215985322286535,HIGH_VOLATILITY
2026-03-28,66319.6953125,67232.859375,65906.7421875,-0.0002815819275042708,0.019995827502694394,0.012890888639088036,70260.7,TREND_DOWN,0.0247132557429655,LOW_VOLATILITY
2026-03-29,65954.921875,67052.953125,64971.70703125,-0.005500227885263609,0.03155558424729011,0.014904302363831026,70138.326953125,TREND_DOWN,0.02436049088173114,LOW_VOLATILITY
2026-03-30,66691.4453125,68087.2890625,65759.8046875,0.011167073154841889,0.03489929426621316,0.015034358855376203,69976.553125,TREND_DOWN,0.024531252338129434,LOW_VOLATILITY
2026-03-31,68233.3125,68495.2734375,65950.4375,0.02311941479563351,0.03729609254277374,0.020633304575806748,69877.974609375,TREND_DOWN,0.024877936741735423,LOW_VOLATILITY
2026-04-01,68078.5546875,69230.359375,67555.359375,-0.002268068291422898,0.02460393008765724,0.0216324166397447,69757.229296875,TREND_DOWN,0.024527504262449942,LOW_VOLATILITY
2026-04-02,66888.5703125,68633.1484375,65725.2578125,-0.017479577533077273,0.04347365493707644,0.018887414301966676,69553.24453125,TREND_DOWN,0.0193114610134581,LOW_VOLATILITY
2026-04-03,66931.1015625,67296.234375,66281.5390625,0.0006358522809097877,0.015160296018025066,0.01850187870373716,69339.068359375,TREND_DOWN,0.019413977928080566,LOW_VOLATILITY
2026-04-04,67290.515625,67515.015625,66769.640625,0.005369911059425414,0.011076969660239544,0.018853021759027148,69064.0984375,TREND_DOWN,0.01895124424712435,LOW_VOLATILITY
2026-04-05,68981.8984375,69087.65625,66610.6328125,0.02513553056906015,0.03590831063810558,0.023766762164421123,68770.1390625,TREND_UP,0.018046989256352588,LOW_VOLATILITY
2026-04-06,68859.828125,70305.421875,68347.078125,-0.0017695992030517527,0.02843956779045475,0.02977946728295137,68517.006640625,TREND_UP,0.012991488973952445,LOW_VOLATILITY
2026-04-07,71940.703125,72732.4296875,67740.5078125,0.04474125312086663,0.06938939512901793,0.026246094002324926,68551.762890625,TREND_UP,0.01818018234007724,LOW_VOLATILITY
2026-04-08,71123.359375,72825.1875,70707.46875,-0.011361353371537541,0.029775291389630032,0.025277684008562992,68612.29140625,TREND_UP,0.01876028956671984,LOW_VOLATILITY
2026-04-09,71767.828125,73107.265625,70486.359375,0.009061281070850802,0.03651923596510536,0.02528760390842531,68674.553515625,TREND_UP,0.018729203445475892,LOW_VOLATILITY
2026-04-10,72979.046875,73440.1171875,71434.828125,0.016876904061948084,0.027477600056009226,0.02614237410118678,68887.9296875,TREND_UP,0.018249326933015758,LOW_VOLATILITY
2026-04-11,73054.2734375,73784.234375,72556.3359375,0.0010307967248304184,0.016808030245492784,0.02796451325184954,69148.3828125,TREND_UP,0.018094460171256533,LOW_VOLATILITY
2026-04-12,70753.40625,73154.03125,70540.5703125,-0.031495312720733026,0.03693759885235207,0.026547832665931477,69140.31015625,TREND_UP,0.02059115924392645,LOW_VOLATILITY
2026-04-13,74484.640625,74896.3125,70588.5234375,0.05273575609654846,0.05783459551329479,0.02011828372094923,69338.64921875,TREND_UP,0.025206859934257878,LOW_VOLATILITY
2026-04-14,74181.609375,76061.7578125,73877.203125,-0.004068372317531099,0.02944873676785204,0.01990820388427301,69482.235546875,TREND_UP,0.025615827827616795,LOW_VOLATILITY
2026-04-15,74805.078125,75409.2734375,73549.203125,0.008404626904874313,0.024865562059728147,0.02130240944928638,69782.908203125,TREND_UP,0.025064299551061923,LOW_VOLATILITY
2026-04-16,75152.1328125,75506.5703125,73346.265625,0.004639453579876829,0.028745753535562708,0.021407584427830976,70223.59609375,TREND_UP,0.024855997345279546,LOW_VOLATILITY
2026-04-17,77126.875,78320.6796875,74558.6015625,0.02627659540184779,0.048777784980916186,0.020069044274454877,70763.955078125,TREND_UP,0.022483132641953413,LOW_VOLATILITY
2026-04-18,75726.2109375,77416.703125,75504.9453125,-0.01816051878803593,0.025245655220724743,0.018263021679539183,71252.51953125,TREND_UP,0.023198579898040635,LOW_VOLATILITY
2026-04-19,73856.3515625,76243.09375,73802.3828125,-0.024692366775663332,0.03304673038763063,0.013449606216110604,71610.76484375,TREND_UP,0.025161860647001787,LOW_VOLATILITY
2026-04-20,75872.5234375,76575.359375,73775.5703125,0.027298557704868998,0.03690122505028222,0.013743861353100724,71992.725390625,TREND_UP,0.02599537951106395,HIGH_VOLATILITY
2026-04-21,76352.7734375,76881.4765625,74852.671875,0.0063296958930805225,0.02657146029097052,0.01485123465423989,72406.436328125,TREND_UP,0.02597767064602287,HIGH_VOLATILITY
2026-04-22,78203.1015625,79468.0,76159.578125,0.024233934691509473,0.04230550718446769,0.010442987199412113,72972.162890625,TREND_UP,0.023169580201454598,LOW_VOLATILITY
2026-04-23,78268.953125,78676.9375,77014.453125,0.0008420581944230676,0.02124066195627936,0.011190400698424353,73539.05546875,TREND_UP,0.017797631942567647,LOW_VOLATILITY
2026-04-24,77455.3125,78554.09375,77318.4453125,-0.010395445352393673,0.01595304954066256,0.014843574233334865,74047.2953125,TREND_UP,0.01826648142796636,LOW_VOLATILITY
2026-04-25,77612.015625,77882.640625,77184.6640625,0.0020231423764509593,0.008993150826959985,0.01495141142478248,74478.801171875,TREND_UP,0.018225471602284493,LOW_VOLATILITY
2026-04-26,78657.5390625,78923.5625,77334.890625,0.013471154293320797,0.020197324934583413,0.014084267246267431,74968.68671875,TREND_UP,0.018480737996959564,LOW_VOLATILITY
2026-04-27,77366.625,79488.171875,76481.34375,-0.01641182876919478,0.03886466709643855,0.013198385787625864,75239.9828125,TREND_UP,0.01786898366001742,LOW_VOLATILITY
2026-04-28,76350.671875,77483.8671875,75673.6015625,-0.013131671764148978,0.02370988467480333,0.010906523106377462,75501.3484375,TREND_UP,0.017350145873769963,LOW_VOLATILITY
2026-04-29,75776.1328125,77884.96875,74958.5703125,-0.007525003361340765,0.03861899953038066,0.008545334191101157,75701.763671875,TREND_UP,0.015252832501860894,LOW_VOLATILITY
2026-04-30,76304.3203125,76611.484375,75318.984375,0.00697036758667724,0.01693875254646971,0.013618726518264842,75868.02734375,TREND_UP,0.01275663015272505,LOW_VOLATILITY
2026-05-01,78179.0,78894.9765625,76294.6953125,0.024568460603834108,0.033260610266184015,0.011181790739704687,76124.263671875,TREND_UP,0.014800504833502908,LOW_VOLATILITY
2026-05-02,78657.25,79119.7890625,78031.9609375,0.006117371672699878,0.013829979118263096,0.011176103640571915,76519.455859375,TREND_UP,0.012815395687183805,LOW_VOLATILITY
2026-05-03,78538.2265625,79402.359375,78073.078125,-0.00151319093281288,0.01692527713166747,0.012113789759702549,76722.13515625,TREND_UP,0.012833162609232132,LOW_VOLATILITY
2026-05-04,79827.90625,80742.359375,78217.9609375,0.016421044171065935,0.03162300699199411,0.01188963148284529,77004.45,TREND_UP,0.013121232183704666,LOW_VOLATILITY
2026-05-05,80927.0546875,81751.453125,79787.578125,0.013768974900303155,0.02426722444778829,0.012723704688364219,77310.548828125,TREND_UP,0.013533478672491082,LOW_VOLATILITY
2026-05-06,81427.53125,82792.2109375,80751.0234375,0.006184292316489204,0.025067535128052897,0.013300047961078414,77624.31875,TREND_UP,0.013174642481007607,LOW_VOLATILITY
2026-05-07,80009.9921875,81684.953125,79522.65625,-0.017408596831308243,0.02702533540976669,0.014891769901391615,77768.474609375,TREND_UP,0.013345075894044139,LOW_VOLATILITY
2026-05-08,80186.765625,80447.265625,79205.515625,0.0022093920105095144,0.015485722492002557,0.017924685860889366,77991.50234375,TREND_UP,0.012046295084220207,LOW_VOLATILITY
2026-05-09,80664.3671875,81030.0625,80119.9296875,0.0059561145630133705,0.011282959802863698,0.017889755791336597,78331.903125,TREND_UP,0.011217254739660726,LOW_VOLATILITY
2026-05-10,82138.9296875,82430.171875,80274.1328125,0.01828022150812214,0.02624868708056843,0.014833049081414678,78645.2234375,TREND_UP,0.011842043600733088,LOW_VOLATILITY
2026-05-11,81728.296875,82326.234375,80451.421875,-0.004999247178679611,0.0229395762751235,0.014796970103486138,78913.999609375,TREND_UP,0.010734784226035682,LOW_VOLATILITY
2026-05-12,80477.4921875,81753.03125,79832.1015625,-0.015304426194186482,0.023869154409341353,0.014594598661610758,79027.719140625,TREND_UP,0.012386823448554522,LOW_VOLATILITY
2026-05-13,79277.1171875,81276.671875,78725.5078125,-0.014915661104390687,0.03218033340523959,0.015157652807488878,79078.12734375,TREND_UP,0.013525162810625425,LOW_VOLATILITY
2026-05-14,81051.25,82005.9609375,78909.6796875,0.022378876470797504,0.03820152372727133,0.010620658355335258,79257.92421875,TREND_UP,0.014383012862789635,LOW_VOLATILITY
2026-05-15,79065.6796875,81634.84375,78635.3671875,-0.024497713637975926,0.03793651777048097,0.011189867349648547,79330.607421875,TREND_DOWN,0.015809841653290663,LOW_VOLATILITY
2026-05-16,78131.4375,79173.5,77630.734375,-0.0118160267665125,0.019745772948309058,0.013600235440417038,79304.30234375,TREND_DOWN,0.015772373885324584,LOW_VOLATILITY
2026-05-17,77429.3515625,78539.3984375,76783.4140625,-0.008985959556932488,0.02267853649249008,0.013471085089637399,79307.438671875,TREND_DOWN,0.015191673327866742,LOW_VOLATILITY
2026-05-18,76954.171875,77749.3203125,76029.2265625,-0.006136945201154598,0.022352183229182466,0.01333495985895194,79337.613671875,TREND_DOWN,0.015092273650425526,LOW_VOLATILITY
2026-05-19,76750.90625,77346.8671875,76082.3671875,-0.002641385386229267,0.016475375494344732,0.01526803110567655,79386.35234375,TREND_DOWN,0.014701664049309051,LOW_VOLATILITY
2026-05-20,77457.7734375,77775.5703125,76463.6484375,0.009209887179670861,0.016937252605880523,0.01572485994152037,79444.025,TREND_DOWN,0.013331023511206934,LOW_VOLATILITY
2026-05-21,77539.171875,78100.5625,76655.4375,0.0010508749979196708,0.01863735406317815,0.015511385726966937,79412.03359375,TREND_DOWN,0.013506072611863266,LOW_VOLATILITY
2026-05-22,75488.2421875,77819.453125,75323.875,-0.02645023976792371,0.03305916329064077,0.013073722812626918,79253.583203125,TREND_DOWN,0.014830665031416253,LOW_VOLATILITY
2026-05-23,76673.3671875,77288.1171875,74255.234375,0.015699464786268935,0.03955588392359594,0.01085522865698041,79160.340234375,TREND_DOWN,0.015966484162050296,LOW_VOLATILITY
2026-05-24,76981.125,77372.5390625,76019.890625,0.004013881531345742,0.01757117004330607,0.010171225752983914,79018.001171875,TREND_DOWN,0.013571606799303058,LOW_VOLATILITY
2026-05-25,77279.9296875,77804.921875,76833.0390625,0.0038815318365379436,0.012576134792436305,0.012489078419688745,78835.644921875,TREND_DOWN,0.011921150914757324,LOW_VOLATILITY
2026-05-26,75825.734375,77990.8671875,75569.46875,-0.01881724424932052,0.03193372879878554,0.023907614460579395,78555.555078125,TREND_DOWN,0.012725926108004722,LOW_VOLATILITY
2026-05-27,74344.703125,76014.296875,74136.5,-0.019532039646005694,0.025257977987251528,0.02539018792134397,78272.290625,TREND_DOWN,0.013685495614764355,LOW_VOLATILITY
2026-05-28,73536.5546875,74460.125,72493.4140625,-0.010870289388891785,0.026744670672398368,0.02603698358026867,77939.780078125,TREND_DOWN,0.01384955663227978,LOW_VOLATILITY
2026-05-29,73372.5234375,74218.5625,72435.625,-0.00223060831034394,0.02429979802342136,0.026264148137641607,77575.187890625,TREND_DOWN,0.013856109995733066,LOW_VOLATILITY
2026-05-30,73754.8359375,74020.7578125,73125.234375,0.0052105676905831455,0.012141894509247752,0.02513349692686954,77155.983203125,TREND_DOWN,0.013471883337154947,LOW_VOLATILITY
2026-05-31,73579.6875,74153.5,73315.015625,-0.002374738351372918,0.011395595761398144,0.0348183005910613,76748.552734375,TREND_DOWN,0.013349449529743268,LOW_VOLATILITY
2026-06-01,71319.7734375,73969.5703125,70599.5078125,-0.030713830668280595,0.04725284921093171,0.03513137736773243,76290.666796875,TREND_DOWN,0.014149548299770297,LOW_VOLATILITY
2026-06-02,66703.65625,71334.953125,66127.265625,-0.06472422674681189,0.07807199474166755,0.02857380914581901,75661.99375,TREND_DOWN,0.02160603606254625,LOW_VOLATILITY
2026-06-03,64014.3671875,67402.9296875,64009.67578125,-0.04031696632071802,0.053007692731087346,0.025471504935283495,74810.149609375,TREND_DOWN,0.022128463954418105,LOW_VOLATILITY
2026-06-04,63801.57421875,64664.4453125,61335.75,-0.0033241439086123536,0.05217262039784848,0.029658917085074957,74046.9443359375,TREND_DOWN,0.02144166334677167,LOW_VOLATILITY
2026-06-05,60922.66796875,63901.515625,59108.91796875,-0.04512280904119048,0.07866690373291499,0.022245588077790295,73186.505859375,TREND_DOWN,0.023004850876539366,LOW_VOLATILITY
2026-06-06,60867.4140625,61491.703125,59496.625,-0.0009069515189049637,0.03277744185010735,0.0221527596877198,72358.408984375,TREND_DOWN,0.0239090671654936,LOW_VOLATILITY
2026-06-07,63239.51953125,64128.04296875,60724.06640625,0.03897168140434348,0.05382673030616424,0.018669434333941217,71672.6763671875,TREND_DOWN,0.030266525321715317,HIGH_VOLATILITY
2026-06-08,63090.58984375,64185.765625,62384.66796875,-0.0023550097882448773,0.02854780183083712,0.01834685075824795,70989.660546875,TREND_DOWN,0.0302609227767953,HIGH_VOLATILITY
2026-06-09,61643.78125,63486.08984375,60756.6875,-0.022932240724538477,0.04427701040403001,0.015263410832909479,70198.9609375,TREND_DOWN,0.029516870360427227,HIGH_VOLATILITY
2026-06-10,61449.2890625,62788.27734375,60788.0234375,-0.0031550982687325035,0.03255129451889255,0.018025072476011154,69394.466796875,TREND_DOWN,0.02947379230985496,HIGH_VOLATILITY
2026-06-11,63561.0546875,63851.94921875,61447.96875,0.0343659895373587,0.037821595009227715,0.01656650574465561,68798.107421875,TREND_DOWN,0.033174295905260935,HIGH_VOLATILITY
2026-06-12,63543.19921875,64334.015625,62778.79296875,-0.000280918383714468,0.0244750449359039,0.017150554760346215,68141.5990234375,TREND_DOWN,0.027308261113169745,HIGH_VOLATILITY
2026-06-13,64421.32421875,64700.87890625,63431.3203125,0.013819338824553329,0.019707117311638427,0.016804680908701575,67513.608984375,TREND_DOWN,0.0246575448299872,LOW_VOLATILITY
2026-06-14,65710.3984375,65749.78125,63634.0234375,0.020010054657876974,0.03219821919832656,0.014922649940958968,66935.132421875,TREND_DOWN,0.025308058392999527,LOW_VOLATILITY
2026-06-15,66289.5,67248.1328125,65315.8359375,0.00881293640382963,0.0291493656612284,0.015340297407614265,66458.320703125,TREND_DOWN,0.018754314522216507,LOW_VOLATILITY
2026-06-16,65600.640625,66928.609375,65315.0703125,-0.010391681563445165,0.024596391851165706,0.01631245951370712,66021.117578125,TREND_DOWN,0.019514917848343673,LOW_VOLATILITY
2026-06-17,64418.4453125,66354.625,63870.9296875,-0.01802109402037566,0.0385556543696663,0.01761952603745039,65565.212109375,TREND_DOWN,0.017590366464685977,LOW_VOLATILITY
2026-06-18,62896.47265625,64736.921875,62201.14453125,-0.0236263487711752,0.040316686082045666,0.017230160014359685,65041.4095703125,TREND_DOWN,0.019369914291386164,LOW_VOLATILITY
2026-06-19,63540.8359375,63568.22265625,62275.58203125,0.010244823819797633,0.020343462687073655,0.016430272000694,64530.7095703125,TREND_DOWN,0.01781080371969852,LOW_VOLATILITY
2026-06-20,64239.67578125,64307.13671875,63149.66015625,0.01099827903487749,0.018018094712081958,0.014620111327442507,64063.708984375,TREND_UP,0.017813992748798885,LOW_VOLATILITY
2026-06-21,63237.5390625,64506.578125,63221.0,-0.015599965388407244,0.0203293509529113,0.01441058415892738,63659.597265625,TREND_DOWN,0.015375753296495528,LOW_VOLATILITY
2026-06-22,63952.10546875,65544.0,63233.53125,0.01129971875635083,0.03612811076453149,0.014158194959826466,63522.0197265625,TREND_UP,0.01581582297996357,LOW_VOLATILITY
2026-06-23,62668.01953125,64196.5625,61893.20703125,-0.02007886883610832,0.03675487889961817,0.015148234288286344,63454.70234375,TREND_DOWN,0.016328910633875576,LOW_VOLATILITY
2026-06-24,60995.1328125,63097.7578125,59029.85546875,-0.026694424544815853,0.06669224503953121,0.017684426945650186,63314.3802734375,TREND_DOWN,0.015802975911447557,LOW_VOLATILITY
2026-06-25,59721.67578125,61868.90625,58075.921875,-0.02087801063020267,0.06351101715385608,0.01804806844126934,63254.3306640625,TREND_DOWN,0.015216404151942108,LOW_VOLATILITY
2026-06-26,60016.4296875,60647.1875,58269.125,0.004935459402204856,0.039623524964453094,0.018704990862947357,63211.7814453125,TREND_DOWN,0.0159572188158707,LOW_VOLATILITY
2026-06-27,59940.09765625,60835.046875,59794.62109375,-0.0012718522519159503,0.017357759195133944,0.018431155872110125,63046.8103515625,TREND_DOWN,0.015752759006938104,LOW_VOLATILITY
2026-06-28,59532.33984375,60432.70703125,58879.6328125,-0.006802755224698642,0.026087908233176048,0.0173482840204539,62868.8978515625,TREND_DOWN,0.014647347930591454,LOW_VOLATILITY
2026-06-29,60138.37890625,60682.33984375,58856.1875,0.010179997360940662,0.030365839202230533,0.017368370938397975,62793.627734375,TREND_DOWN,0.014639674304701948,LOW_VOLATILITY
2026-06-30,58558.859375,60173.21875,58111.671875,-0.026264750729518727,0.03520469655664293,0.012431088589400301,62649.10625,TREND_DOWN,0.014746427758134277,LOW_VOLATILITY
2026-07-01,60003.7578125,61223.76953125,57747.765625,0.024674292718837698,0.057929770283918415,0.014555501923628826,62471.24140625,TREND_DOWN,0.017934383913316344,LOW_VOLATILITY
2026-07-02,61485.30078125,62117.875,59532.32421875,0.024690836420271145,0.04205152692427693,0.012766151977379039,62368.346484375,TREND_DOWN,0.01970652872257824,LOW_VOLATILITY
2026-07-03,62544.19921875,62879.0078125,61176.72265625,0.017221977026140145,0.02721731475522154,0.012371618473056326,62274.490234375,TREND_UP,0.01980251721477456,LOW_VOLATILITY
2026-07-04,63088.3046875,63398.41015625,62287.5859375,0.008699535297381988,0.017607450766862865,0.012527262686271303,62143.385546875,TREND_UP,0.017539018927655536,LOW_VOLATILITY
2026-07-05,63547.8828125,63935.84765625,62413.9921875,0.00728468021571449,0.02394816949669719,0.012292518289424683,62006.3046875,TREND_UP,0.015305180153012875,LOW_VOLATILITY
2026-07-06,63995.015625,64597.5703125,61275.828125,0.0070361559301554966,0.051906264184149106,0.01484293651673387,61926.0234375,TREND_UP,0.015298255356845975,LOW_VOLATILITY
2026-07-07,63297.39453125,64257.6328125,62623.93359375,-0.010901178582999993,0.025809896771397767,0.022752320368045673,61869.9708984375,TREND_UP,0.016125616271675258,LOW_VOLATILITY
2026-07-08,62257.57421875,63706.88671875,61492.6484375,-0.01642753734494773,0.035565765435543455,0.02132235785313341,61838.0259765625,TREND_UP,0.017198485404836355,LOW_VOLATILITY
2026-07-09,63193.1484375,63422.94140625,61645.75390625,0.015027476262771566,0.028123104227947972,0.02205584955657045,61820.6416015625,TREND_UP,0.01743925679238175,LOW_VOLATILITY
2026-07-10,64127.140625,64658.96875,62902.0625,0.014779959704393386,0.02739723357188125,0.021289147124660485,61815.01484375,TREND_UP,0.013655669303722594,LOW_VOLATILITY
2026-07-11,63802.02734375,64445.4609375,63785.62109375,-0.005069823448876076,0.010341988667459443,0.02179725868976659,61843.2392578125,TREND_UP,0.013142430830528705,LOW_VOLATILITY
2026-07-12,63758.21875,64243.1328125,63606.82421875,-0.0006866332556169086,0.009980024634079038,0.02182260158095211,61833.544921875,TREND_UP,0.011534300128338299,LOW_VOLATILITY
2026-07-13,62239.12109375,64340.8828125,61769.0,-0.023825911169295333,0.04132260814907726,0.01855115727102634,61812.1,TREND_UP,0.013347530788658298,LOW_VOLATILITY
2026-07-14,64956.11328125,65046.1328125,62207.5234375,0.043654089899621606,0.04370041912312791,0.011471903807331553,62010.1490234375,TREND_UP,0.019263582759914463,LOW_VOLATILITY
2026-07-15,64712.375,65507.59375,64442.8203125,-0.0037523532264722714,0.016453938485490604,0.011745174390640128,62259.683984375,TREND_UP,0.01931248309860939,LOW_VOLATILITY
2026-07-16,63789.28125,64931.85546875,63701.8046875,-0.014264562998962727,0.019283032464799874,0.012176514572484209,62448.3265625,TREND_UP,0.019860186219594865,LOW_VOLATILITY
2026-07-17,63899.4609375,64332.01953125,62489.453125,0.0017272445360874134,0.028835398283754105,0.013864059242915882,62646.2947265625,TREND_UP,0.019498566310465256,LOW_VOLATILITY
2026-07-18,64796.6015625,64816.50390625,63845.015625,0.014039877830542169,0.014992889408141944,0.012663072665085493,62909.5078125,TREND_UP,0.01882126307717872,LOW_VOLATILITY
2026-07-19,64690.8046875,64909.88671875,64250.9140625,-0.0016327534538667088,0.010186496511108189,0.0141786596624739,63137.1291015625,TREND_UP,0.018487097494264065,LOW_VOLATILITY
2026-07-20,65230.02734375,65735.71875,63720.390625,0.008335383349377112,0.030895711792049373,0.01679257581766906,63470.6875,TREND_UP,0.01812002027468316,LOW_VOLATILITY
2026-07-21,66505.125,66910.0625,65113.65625,0.019547709976119876,0.027011546102649983,0.013915953485367382,63795.755859375,TREND_UP,0.018736826446722622,LOW_VOLATILITY
2026-07-22,66100.796875,66694.6484375,65514.17578125,-0.0060796536357160536,0.01785867511525367,0.01410954649443511,64026.5306640625,TREND_UP,0.018972885563931764,LOW_VOLATILITY
2026-07-23,65044.8125,66282.3828125,64610.609375,-0.01597536527429344,0.02570187188255789,0.014469412712237591,64151.561328125,TREND_UP,0.017832051237616827,LOW_VOLATILITY
2026-07-24,64098.49609375,65760.484375,63686.03515625,-0.01454868374399576,0.03236346162811567,0.01763659645067105,64202.0708984375,TREND_DOWN,0.012292145853403807,LOW_VOLATILITY
2026-07-25,64311.8125,64386.0625,63753.02734375,0.003327947132145015,0.009843217468797042,0.01746749295476355,64240.2673828125,TREND_UP,0.012336488272558385,LOW_VOLATILITY
2026-07-26,65340.30078125,65503.76953125,64233.453125,0.0159922142024842,0.019441545126993493,0.016696944107807064,64307.531640625,TREND_UP,0.012310100430076467,LOW_VOLATILITY
2026-07-27,63724.8984375,65658.3359375,63562.484375,-0.024722909512739144,0.0328890530057975,0.013972535149675539,64328.9068359375,TREND_DOWN,0.015029482778345636,LOW_VOLATILITY
2026-07-28,63871.36328125,64026.921875,62714.8046875,0.0022983927372384194,0.02054312167602008,0.014457219151844176,64409.5962890625,TREND_DOWN,0.01423343536488541,LOW_VOLATILITY
2026-07-29,63908.16796875,64638.6953125,63206.2109375,0.0005762314378343625,0.02241473070704296,0.014767182807629457,64445.347265625,TREND_DOWN,0.01424562278669556,LOW_VOLATILITY
2026-07-30,64725.30859375,65071.4453125,63533.90625,0.012786168825862365,0.023754835564406527,0.01404912800378951,64475.2556640625,TREND_UP,0.014638152606353979,LOW_VOLATILITY
2026-07-31,62813.74609375,65328.18359375,62410.8671875,-0.02953346289931147,0.04644391693970748,0.00657223664000325,64425.8416015625,TREND_DOWN,0.015315082134939218,LOW_VOLATILITY
2026-08-01,62763.3203125,63091.59765625,62233.01171875,-0.0008027825816142586,0.01367974054312425,0.0064223572986977975,64376.0966796875,TREND_DOWN,0.01538699589795297,LOW_VOLATILITY
2026-08-02,63482.0,63714.61328125,62745.25390625,0.011450632055819865,0.015269830424372263,0.005981318858009808,64438.240625,TREND_DOWN,0.015666972917760615,LOW_VOLATILITY
2026-08-03,63460.8984375,64020.32421875,62226.578125,-0.0003324022951387562,0.028265375024852286,0.008942657795659179,64363.4798828125,TREND_DOWN,0.015067324527264565,LOW_VOLATILITY
2026-08-04,64055.953125,64466.9375,63277.68359375,0.009376713884472476,0.018565860755038136,0.008392400309366475,64330.6587890625,TREND_DOWN,0.015374027679234806,LOW_VOLATILITY
2026-08-05,64597.5,64954.34765625,63829.71875,0.008454278620180888,0.017409789949301445,0.007259981570515746,64371.0697265625,TREND_UP,0.014654917697481428,LOW_VOLATILITY
2026-08-06,64262.11328125,64934.4921875,64098.4765625,-0.005191945798986075,0.013009463621918071,0.007220913815269202,64389.20234375,TREND_DOWN,0.012253362623724761,LOW_VOLATILITY
2026-08-07,64880.19140625,65330.609375,64113.2734375,0.009618079665306256,0.01876282901013039,0.005249006063579221,64393.3818359375,TREND_UP,0.012560413582337688,LOW_VOLATILITY
2026-08-08,64904.6875,65140.48046875,64797.11328125,0.0003775589007839475,0.005290329569801873,0.005308830848379965,64404.0759765625,TREND_UP,0.012562440364334905,LOW_VOLATILITY
2026-08-09,64844.88671875,65401.69140625,64677.6015625,-0.0009213630564047781,0.011166490997055413,0.005140449486011226,64384.8189453125,TREND_UP,0.011941186938507193,LOW_VOLATILITY
2026-08-10,63910.5859375,65321.83984375,63752.56640625,-0.014408241397696031,0.024554202007076538,0.011560529428940368,64255.0919921875,TREND_DOWN,0.008084785805001393,LOW_VOLATILITY
2026-08-11,63551.875,64433.6796875,63185.47265625,-0.005612699871830218,0.019640758533874886,0.011141550940909286,64127.6458984375,TREND_DOWN,0.008391589172853913,LOW_VOLATILITY
2026-08-12,63402.43359375,64381.078125,63251.11328125,-0.0023514869742238265,0.017822105236373578,0.027755540886987458,64045.526953125,TREND_DOWN,0.007633946859751669,LOW_VOLATILITY
2026-08-13,63402.171875,63926.33203125,62799.2890625,-4.127897545336268e-06,0.01777609402674741,0.030927406604328054,64010.7107421875,TREND_DOWN,0.007633538196834982,LOW_VOLATILITY
2026-08-14,62975.59375,63551.5625,62487.69921875,-0.006728131109467572,0.01689326321357629,0.03135454228721276,63943.8998046875,TREND_DOWN,0.007100158640132906,LOW_VOLATILITY
